study_id	bioproject	sample_id	run_accession	fermentation_batch	fermentation_hours	observation_id	subsamples_in_observation	sampling_stratum	replicate	relative_time	time_source
diaz_munoz_2021_costa_rica_cr2017	PRJEB40850	F1T00	ERR4690441	diaz_munoz_2021_costa_rica_cr2017::1	0	OBS_38b0e3835cc6bc63	1			0	ENA sample_alias parsed with configured regex
diaz_munoz_2021_costa_rica_cr2017	PRJEB40850	F1T06	ERR4690442	diaz_munoz_2021_costa_rica_cr2017::1	6	OBS_af00506e46f2d287	1			0.065217391	ENA sample_alias parsed with configured regex
diaz_munoz_2021_costa_rica_cr2017	PRJEB40850	F1T20	ERR4690443	diaz_munoz_2021_costa_rica_cr2017::1	20	OBS_7289a2a2b46b6829	1			0.2173913	ENA sample_alias parsed with configured regex
diaz_munoz_2021_costa_rica_cr2017	PRJEB40850	F1T44	ERR4690444	diaz_munoz_2021_costa_rica_cr2017::1	44	OBS_9607b84ed747e7e2	1			0.47826087	ENA sample_alias parsed with configured regex
diaz_munoz_2021_costa_rica_cr2017	PRJEB40850	F1T68	ERR4690445	diaz_munoz_2021_costa_rica_cr2017::1	68	OBS_4ef01e43b5c2348d	1			0.73913043	ENA sample_alias parsed with configured regex
diaz_munoz_2021_costa_rica_cr2017	PRJEB40850	F1T92	ERR4690446	diaz_munoz_2021_costa_rica_cr2017::1	92	OBS_d76ad9e2a61a8621	1			1	ENA sample_alias parsed with configured regex
diaz_munoz_2021_costa_rica_cr2017	PRJEB40850	F2T00	ERR4690447	diaz_munoz_2021_costa_rica_cr2017::2	0	OBS_e0a5c240dbb46718	1			0	ENA sample_alias parsed with configured regex
diaz_munoz_2021_costa_rica_cr2017	PRJEB40850	F2T06	ERR4690448	diaz_munoz_2021_costa_rica_cr2017::2	6	OBS_4b30fc9ac436f673	1			0.065217391	ENA sample_alias parsed with configured regex
diaz_munoz_2021_costa_rica_cr2017	PRJEB40850	F2T20	ERR4690449	diaz_munoz_2021_costa_rica_cr2017::2	20	OBS_28db1fe81603ec13	1			0.2173913	ENA sample_alias parsed with configured regex
diaz_munoz_2021_costa_rica_cr2017	PRJEB40850	F2T44	ERR4690450	diaz_munoz_2021_costa_rica_cr2017::2	44	OBS_ec315be9eec6230a	1			0.47826087	ENA sample_alias parsed with configured regex
diaz_munoz_2021_costa_rica_cr2017	PRJEB40850	F2T68	ERR4690451	diaz_munoz_2021_costa_rica_cr2017::2	68	OBS_1e036a1621e75a37	1			0.73913043	ENA sample_alias parsed with configured regex
diaz_munoz_2021_costa_rica_cr2017	PRJEB40850	F2T92	ERR4690452	diaz_munoz_2021_costa_rica_cr2017::2	92	OBS_3db597f4047e1205	1			1	ENA sample_alias parsed with configured regex
mota_gutierrez_2021_mexico	PRJNA627078	16S_cocoa_B19M	SRR11578992	mota_gutierrez_2021_mexico::Criollo::1	24	OBS_90c0ea3e81ad9e16	3		1	0.2	ENA sample_title parsed with configured regex
mota_gutierrez_2021_mexico	PRJNA627078	16S_cocoa_B18M	SRR11579003	mota_gutierrez_2021_mexico::Forastero::4	0	OBS_13db29ca9c5ab08e	3		3	0	ENA sample_title parsed with configured regex
mota_gutierrez_2021_mexico	PRJNA627078	16S_cocoa_B17M	SRR11579014	mota_gutierrez_2021_mexico::Forastero::4	0	OBS_13db29ca9c5ab08e	3		2	0	ENA sample_title parsed with configured regex
mota_gutierrez_2021_mexico	PRJNA627078	16S_cocoa_B9M	SRR11579019	mota_gutierrez_2021_mexico::Criollo::1	0	OBS_08e7abc26336c6e9	3		3	0	ENA sample_title parsed with configured regex
mota_gutierrez_2021_mexico	PRJNA627078	16S_cocoa_B8M	SRR11579020	mota_gutierrez_2021_mexico::Criollo::1	0	OBS_08e7abc26336c6e9	3		2	0	ENA sample_title parsed with configured regex
mota_gutierrez_2021_mexico	PRJNA627078	16S_cocoa_B7M	SRR11579021	mota_gutierrez_2021_mexico::Criollo::1	0	OBS_08e7abc26336c6e9	3		1	0	ENA sample_title parsed with configured regex
mota_gutierrez_2021_mexico	PRJNA627078	16S_cocoa_B66M	SRR11579023	mota_gutierrez_2021_mexico::Forastero::4	120	OBS_655cb504d1189c3e	3		3	1	ENA sample_title parsed with configured regex
mota_gutierrez_2021_mexico	PRJNA627078	16S_cocoa_B65M	SRR11579024	mota_gutierrez_2021_mexico::Forastero::4	120	OBS_655cb504d1189c3e	3		2	1	ENA sample_title parsed with configured regex
mota_gutierrez_2021_mexico	PRJNA627078	16S_cocoa_B16M	SRR11579025	mota_gutierrez_2021_mexico::Forastero::4	0	OBS_13db29ca9c5ab08e	3		1	0	ENA sample_title parsed with configured regex
mota_gutierrez_2021_mexico	PRJNA627078	16S_cocoa_B64M	SRR11579026	mota_gutierrez_2021_mexico::Forastero::4	120	OBS_655cb504d1189c3e	3		1	1	ENA sample_title parsed with configured regex
mota_gutierrez_2021_mexico	PRJNA627078	16S_cocoa_B63M	SRR11579027	mota_gutierrez_2021_mexico::Forastero::3	120	OBS_a2796c274256385c	3		3	1	ENA sample_title parsed with configured regex
mota_gutierrez_2021_mexico	PRJNA627078	16S_cocoa_B62M	SRR11579028	mota_gutierrez_2021_mexico::Forastero::3	120	OBS_a2796c274256385c	3		2	1	ENA sample_title parsed with configured regex
mota_gutierrez_2021_mexico	PRJNA627078	16S_cocoa_B61M	SRR11579029	mota_gutierrez_2021_mexico::Forastero::3	120	OBS_a2796c274256385c	3		1	1	ENA sample_title parsed with configured regex
mota_gutierrez_2021_mexico	PRJNA627078	16S_cocoa_B60M	SRR11579030	mota_gutierrez_2021_mexico::Criollo::2	120	OBS_831662242a25f4de	3		3	1	ENA sample_title parsed with configured regex
mota_gutierrez_2021_mexico	PRJNA627078	16S_cocoa_B59M	SRR11579032	mota_gutierrez_2021_mexico::Criollo::2	120	OBS_831662242a25f4de	3		2	1	ENA sample_title parsed with configured regex
mota_gutierrez_2021_mexico	PRJNA627078	16S_cocoa_B58M	SRR11579033	mota_gutierrez_2021_mexico::Criollo::2	120	OBS_831662242a25f4de	3		1	1	ENA sample_title parsed with configured regex
mota_gutierrez_2021_mexico	PRJNA627078	16S_cocoa_B57M	SRR11579034	mota_gutierrez_2021_mexico::Criollo::1	120	OBS_f644499c85d7e9d4	3		3	1	ENA sample_title parsed with configured regex
mota_gutierrez_2021_mexico	PRJNA627078	16S_cocoa_B56M	SRR11579035	mota_gutierrez_2021_mexico::Criollo::1	120	OBS_f644499c85d7e9d4	3		2	1	ENA sample_title parsed with configured regex
mota_gutierrez_2021_mexico	PRJNA627078	16S_cocoa_B15M	SRR11579036	mota_gutierrez_2021_mexico::Forastero::3	0	OBS_b223f31eefa65feb	3		3	0	ENA sample_title parsed with configured regex
mota_gutierrez_2021_mexico	PRJNA627078	16S_cocoa_B55M	SRR11579037	mota_gutierrez_2021_mexico::Criollo::1	120	OBS_f644499c85d7e9d4	3		1	1	ENA sample_title parsed with configured regex
mota_gutierrez_2021_mexico	PRJNA627078	16S_cocoa_B54M	SRR11579038	mota_gutierrez_2021_mexico::Forastero::4	72	OBS_18a6078f31429fea	3		3	0.6	ENA sample_title parsed with configured regex
mota_gutierrez_2021_mexico	PRJNA627078	16S_cocoa_B53M	SRR11579039	mota_gutierrez_2021_mexico::Forastero::4	72	OBS_18a6078f31429fea	3		2	0.6	ENA sample_title parsed with configured regex
mota_gutierrez_2021_mexico	PRJNA627078	16S_cocoa_B52M	SRR11579040	mota_gutierrez_2021_mexico::Forastero::4	72	OBS_18a6078f31429fea	3		1	0.6	ENA sample_title parsed with configured regex
mota_gutierrez_2021_mexico	PRJNA627078	16S_cocoa_B51M	SRR11579041	mota_gutierrez_2021_mexico::Forastero::3	72	OBS_df5b8dc716c91452	3		3	0.6	ENA sample_title parsed with configured regex
mota_gutierrez_2021_mexico	PRJNA627078	16S_cocoa_B50M	SRR11579042	mota_gutierrez_2021_mexico::Forastero::3	72	OBS_df5b8dc716c91452	3		2	0.6	ENA sample_title parsed with configured regex
mota_gutierrez_2021_mexico	PRJNA627078	16S_cocoa_B49M	SRR11579044	mota_gutierrez_2021_mexico::Forastero::3	72	OBS_df5b8dc716c91452	3		1	0.6	ENA sample_title parsed with configured regex
mota_gutierrez_2021_mexico	PRJNA627078	16S_cocoa_B48M	SRR11579045	mota_gutierrez_2021_mexico::Criollo::2	72	OBS_05df111432686814	3		3	0.6	ENA sample_title parsed with configured regex
mota_gutierrez_2021_mexico	PRJNA627078	16S_cocoa_B47M	SRR11579046	mota_gutierrez_2021_mexico::Criollo::2	72	OBS_05df111432686814	3		2	0.6	ENA sample_title parsed with configured regex
mota_gutierrez_2021_mexico	PRJNA627078	16S_cocoa_B14M	SRR11579047	mota_gutierrez_2021_mexico::Forastero::3	0	OBS_b223f31eefa65feb	3		2	0	ENA sample_title parsed with configured regex
mota_gutierrez_2021_mexico	PRJNA627078	16S_cocoa_B46M	SRR11579048	mota_gutierrez_2021_mexico::Criollo::2	72	OBS_05df111432686814	3		1	0.6	ENA sample_title parsed with configured regex
mota_gutierrez_2021_mexico	PRJNA627078	16S_cocoa_B45M	SRR11579049	mota_gutierrez_2021_mexico::Criollo::1	72	OBS_c4a750399afdb9bf	3		3	0.6	ENA sample_title parsed with configured regex
mota_gutierrez_2021_mexico	PRJNA627078	16S_cocoa_B44M	SRR11579050	mota_gutierrez_2021_mexico::Criollo::1	72	OBS_c4a750399afdb9bf	3		2	0.6	ENA sample_title parsed with configured regex
mota_gutierrez_2021_mexico	PRJNA627078	16S_cocoa_B43M	SRR11579051	mota_gutierrez_2021_mexico::Criollo::1	72	OBS_c4a750399afdb9bf	3		1	0.6	ENA sample_title parsed with configured regex
mota_gutierrez_2021_mexico	PRJNA627078	16S_cocoa_B42M	SRR11579052	mota_gutierrez_2021_mexico::Forastero::4	48	OBS_5b938ebafed34a60	3		3	0.4	ENA sample_title parsed with configured regex
mota_gutierrez_2021_mexico	PRJNA627078	16S_cocoa_B41M	SRR11579053	mota_gutierrez_2021_mexico::Forastero::4	48	OBS_5b938ebafed34a60	3		2	0.4	ENA sample_title parsed with configured regex
mota_gutierrez_2021_mexico	PRJNA627078	16S_cocoa_B40M	SRR11579054	mota_gutierrez_2021_mexico::Forastero::4	48	OBS_5b938ebafed34a60	3		1	0.4	ENA sample_title parsed with configured regex
mota_gutierrez_2021_mexico	PRJNA627078	16S_cocoa_B39M	SRR11579056	mota_gutierrez_2021_mexico::Forastero::3	48	OBS_ee0e0a265c975833	3		3	0.4	ENA sample_title parsed with configured regex
mota_gutierrez_2021_mexico	PRJNA627078	16S_cocoa_B38M	SRR11579057	mota_gutierrez_2021_mexico::Forastero::3	48	OBS_ee0e0a265c975833	3		2	0.4	ENA sample_title parsed with configured regex
mota_gutierrez_2021_mexico	PRJNA627078	16S_cocoa_B13M	SRR11579058	mota_gutierrez_2021_mexico::Forastero::3	0	OBS_b223f31eefa65feb	3		1	0	ENA sample_title parsed with configured regex
mota_gutierrez_2021_mexico	PRJNA627078	16S_cocoa_B37M	SRR11579059	mota_gutierrez_2021_mexico::Forastero::3	48	OBS_ee0e0a265c975833	3		1	0.4	ENA sample_title parsed with configured regex
mota_gutierrez_2021_mexico	PRJNA627078	16S_cocoa_B36M	SRR11579060	mota_gutierrez_2021_mexico::Criollo::2	48	OBS_089c4d67190f70de	3		3	0.4	ENA sample_title parsed with configured regex
mota_gutierrez_2021_mexico	PRJNA627078	16S_cocoa_B35M	SRR11579061	mota_gutierrez_2021_mexico::Criollo::2	48	OBS_089c4d67190f70de	3		2	0.4	ENA sample_title parsed with configured regex
mota_gutierrez_2021_mexico	PRJNA627078	16S_cocoa_B34M	SRR11579062	mota_gutierrez_2021_mexico::Criollo::2	48	OBS_089c4d67190f70de	3		1	0.4	ENA sample_title parsed with configured regex
mota_gutierrez_2021_mexico	PRJNA627078	16S_cocoa_B33M	SRR11579063	mota_gutierrez_2021_mexico::Criollo::1	48	OBS_6092e298c59a2969	3		3	0.4	ENA sample_title parsed with configured regex
mota_gutierrez_2021_mexico	PRJNA627078	16S_cocoa_B32	SRR11579064	mota_gutierrez_2021_mexico::Criollo::1	48	OBS_6092e298c59a2969	3		2	0.4	ENA sample_title parsed with configured regex
mota_gutierrez_2021_mexico	PRJNA627078	16S_cocoa_B31	SRR11579065	mota_gutierrez_2021_mexico::Criollo::1	48	OBS_6092e298c59a2969	3		1	0.4	ENA sample_title parsed with configured regex
mota_gutierrez_2021_mexico	PRJNA627078	16S_cocoa_B30	SRR11579066	mota_gutierrez_2021_mexico::Forastero::4	24	OBS_040447851aa013fc	3		3	0.2	ENA sample_title parsed with configured regex
mota_gutierrez_2021_mexico	PRJNA627078	16S_cocoa_B29	SRR11579068	mota_gutierrez_2021_mexico::Forastero::4	24	OBS_040447851aa013fc	3		2	0.2	ENA sample_title parsed with configured regex
mota_gutierrez_2021_mexico	PRJNA627078	16S_cocoa_B12M	SRR11579069	mota_gutierrez_2021_mexico::Criollo::2	0	OBS_13baafc694294842	3		3	0	ENA sample_title parsed with configured regex
mota_gutierrez_2021_mexico	PRJNA627078	16S_cocoa_B28	SRR11579070	mota_gutierrez_2021_mexico::Forastero::4	24	OBS_040447851aa013fc	3		1	0.2	ENA sample_title parsed with configured regex
mota_gutierrez_2021_mexico	PRJNA627078	16S_cocoa_B27	SRR11579071	mota_gutierrez_2021_mexico::Forastero::3	24	OBS_65f2111643e58971	3		3	0.2	ENA sample_title parsed with configured regex
mota_gutierrez_2021_mexico	PRJNA627078	16S_cocoa_B26	SRR11579072	mota_gutierrez_2021_mexico::Forastero::3	24	OBS_65f2111643e58971	3		2	0.2	ENA sample_title parsed with configured regex
mota_gutierrez_2021_mexico	PRJNA627078	16S_cocoa_B25M	SRR11579073	mota_gutierrez_2021_mexico::Forastero::3	24	OBS_65f2111643e58971	3		1	0.2	ENA sample_title parsed with configured regex
mota_gutierrez_2021_mexico	PRJNA627078	16S_cocoa_B24M	SRR11579074	mota_gutierrez_2021_mexico::Criollo::2	24	OBS_9171a0e0da2a3068	3		3	0.2	ENA sample_title parsed with configured regex
mota_gutierrez_2021_mexico	PRJNA627078	16S_cocoa_B23M	SRR11579075	mota_gutierrez_2021_mexico::Criollo::2	24	OBS_9171a0e0da2a3068	3		2	0.2	ENA sample_title parsed with configured regex
mota_gutierrez_2021_mexico	PRJNA627078	16S_cocoa_B22M	SRR11579078	mota_gutierrez_2021_mexico::Criollo::2	24	OBS_9171a0e0da2a3068	3		1	0.2	ENA sample_title parsed with configured regex
mota_gutierrez_2021_mexico	PRJNA627078	16S_cocoa_B21M	SRR11579089	mota_gutierrez_2021_mexico::Criollo::1	24	OBS_90c0ea3e81ad9e16	3		3	0.2	ENA sample_title parsed with configured regex
mota_gutierrez_2021_mexico	PRJNA627078	16S_cocoa_B20M	SRR11579100	mota_gutierrez_2021_mexico::Criollo::1	24	OBS_90c0ea3e81ad9e16	3		2	0.2	ENA sample_title parsed with configured regex
mota_gutierrez_2021_mexico	PRJNA627078	16S_cocoa_B11M	SRR11579112	mota_gutierrez_2021_mexico::Criollo::2	0	OBS_13baafc694294842	3		2	0	ENA sample_title parsed with configured regex
mota_gutierrez_2021_mexico	PRJNA627078	16S_cocoa_B10M	SRR11579113	mota_gutierrez_2021_mexico::Criollo::2	0	OBS_13baafc694294842	3		1	0	ENA sample_title parsed with configured regex
pacheco_montealegre_2020_colombia	PRJNA492720	BactSaII120z2	SRR7899641	pacheco_montealegre_2020_colombia::Sa::II	120	OBS_6b049869502b053c	2	2		0.90909091	ENA sample_alias parsed with configured regex
pacheco_montealegre_2020_colombia	PRJNA492720	BactSaII120z1	SRR7899642	pacheco_montealegre_2020_colombia::Sa::II	120	OBS_6b049869502b053c	2	1		0.90909091	ENA sample_alias parsed with configured regex
pacheco_montealegre_2020_colombia	PRJNA492720	BactSaII108z2	SRR7899643	pacheco_montealegre_2020_colombia::Sa::II	108	OBS_a1f2c98dcd1e556e	2	2		0.81818182	ENA sample_alias parsed with configured regex
pacheco_montealegre_2020_colombia	PRJNA492720	BactSaII108z1	SRR7899644	pacheco_montealegre_2020_colombia::Sa::II	108	OBS_a1f2c98dcd1e556e	2	1		0.81818182	ENA sample_alias parsed with configured regex
pacheco_montealegre_2020_colombia	PRJNA492720	BactSaII132z2	SRR7899647	pacheco_montealegre_2020_colombia::Sa::II	132	OBS_d54b38a6dc16c3fa	2	2		1	ENA sample_alias parsed with configured regex
pacheco_montealegre_2020_colombia	PRJNA492720	BactSaII132z1	SRR7899648	pacheco_montealegre_2020_colombia::Sa::II	132	OBS_d54b38a6dc16c3fa	2	1		1	ENA sample_alias parsed with configured regex
pacheco_montealegre_2020_colombia	PRJNA492720	BactSaI012z2	SRR7899649	pacheco_montealegre_2020_colombia::Sa::I	12	OBS_c50c1af6bc99bdc4	2	2		0.11111111	ENA sample_alias parsed with configured regex
pacheco_montealegre_2020_colombia	PRJNA492720	BactSaI012z1	SRR7899650	pacheco_montealegre_2020_colombia::Sa::I	12	OBS_c50c1af6bc99bdc4	2	1		0.11111111	ENA sample_alias parsed with configured regex
pacheco_montealegre_2020_colombia	PRJNA492720	BactSaI000z2	SRR7899655	pacheco_montealegre_2020_colombia::Sa::I	0	OBS_781805adccfc2d82	2	2		0	ENA sample_alias parsed with configured regex
pacheco_montealegre_2020_colombia	PRJNA492720	BactSaI000z1	SRR7899656	pacheco_montealegre_2020_colombia::Sa::I	0	OBS_781805adccfc2d82	2	1		0	ENA sample_alias parsed with configured regex
pacheco_montealegre_2020_colombia	PRJNA492720	BactAnI024z1	SRR7899678	pacheco_montealegre_2020_colombia::An::I	24	OBS_45096b0023476094	2	1		0.18181818	ENA sample_alias parsed with configured regex
pacheco_montealegre_2020_colombia	PRJNA492720	BactSaII096z1	SRR7899679	pacheco_montealegre_2020_colombia::Sa::II	96	OBS_cd0d3153e9b21801	2	1		0.72727273	ENA sample_alias parsed with configured regex
pacheco_montealegre_2020_colombia	PRJNA492720	BactSaII096z2	SRR7899680	pacheco_montealegre_2020_colombia::Sa::II	96	OBS_cd0d3153e9b21801	2	2		0.72727273	ENA sample_alias parsed with configured regex
pacheco_montealegre_2020_colombia	PRJNA492720	BactSaII084z1	SRR7899681	pacheco_montealegre_2020_colombia::Sa::II	84	OBS_64bf9133745591b7	2	1		0.63636364	ENA sample_alias parsed with configured regex
pacheco_montealegre_2020_colombia	PRJNA492720	BactSaII084z2	SRR7899682	pacheco_montealegre_2020_colombia::Sa::II	84	OBS_64bf9133745591b7	2	2		0.63636364	ENA sample_alias parsed with configured regex
pacheco_montealegre_2020_colombia	PRJNA492720	BactSaII072z1	SRR7899683	pacheco_montealegre_2020_colombia::Sa::II	72	OBS_e48e8c2ae03a8a24	2	1		0.54545455	ENA sample_alias parsed with configured regex
pacheco_montealegre_2020_colombia	PRJNA492720	BactSaII072z2	SRR7899684	pacheco_montealegre_2020_colombia::Sa::II	72	OBS_e48e8c2ae03a8a24	2	2		0.54545455	ENA sample_alias parsed with configured regex
pacheco_montealegre_2020_colombia	PRJNA492720	BactSaII060z1	SRR7899685	pacheco_montealegre_2020_colombia::Sa::II	60	OBS_10ba4ef58edb098d	2	1		0.45454545	ENA sample_alias parsed with configured regex
pacheco_montealegre_2020_colombia	PRJNA492720	BactSaII060z2	SRR7899686	pacheco_montealegre_2020_colombia::Sa::II	60	OBS_10ba4ef58edb098d	2	2		0.45454545	ENA sample_alias parsed with configured regex
pacheco_montealegre_2020_colombia	PRJNA492720	BactSaII048z1	SRR7899687	pacheco_montealegre_2020_colombia::Sa::II	48	OBS_cccde465c10323c6	2	1		0.36363636	ENA sample_alias parsed with configured regex
pacheco_montealegre_2020_colombia	PRJNA492720	BactSaII048z2	SRR7899688	pacheco_montealegre_2020_colombia::Sa::II	48	OBS_cccde465c10323c6	2	2		0.36363636	ENA sample_alias parsed with configured regex
pacheco_montealegre_2020_colombia	PRJNA492720	BactSaI096z1	SRR7899691	pacheco_montealegre_2020_colombia::Sa::I	96	OBS_1370c7152b82e4a0	2	1		0.88888889	ENA sample_alias parsed with configured regex
pacheco_montealegre_2020_colombia	PRJNA492720	BactSaI096z2	SRR7899692	pacheco_montealegre_2020_colombia::Sa::I	96	OBS_1370c7152b82e4a0	2	2		0.88888889	ENA sample_alias parsed with configured regex
pacheco_montealegre_2020_colombia	PRJNA492720	BactSaI084z1	SRR7899693	pacheco_montealegre_2020_colombia::Sa::I	84	OBS_3296fed2dd0c3bb2	2	1		0.77777778	ENA sample_alias parsed with configured regex
pacheco_montealegre_2020_colombia	PRJNA492720	BactSaI084z2	SRR7899694	pacheco_montealegre_2020_colombia::Sa::I	84	OBS_3296fed2dd0c3bb2	2	2		0.77777778	ENA sample_alias parsed with configured regex
pacheco_montealegre_2020_colombia	PRJNA492720	BactSaI072z2	SRR7899696	pacheco_montealegre_2020_colombia::Sa::I	72	OBS_392f7ae179d0acf3	2	2		0.66666667	ENA sample_alias parsed with configured regex
pacheco_montealegre_2020_colombia	PRJNA492720	BactSaI060z1	SRR7899697	pacheco_montealegre_2020_colombia::Sa::I	60	OBS_715b7f06fb1dee52	2	1		0.55555556	ENA sample_alias parsed with configured regex
pacheco_montealegre_2020_colombia	PRJNA492720	BactSaI060z2	SRR7899698	pacheco_montealegre_2020_colombia::Sa::I	60	OBS_715b7f06fb1dee52	2	2		0.55555556	ENA sample_alias parsed with configured regex
pacheco_montealegre_2020_colombia	PRJNA492720	BactSaI048z1	SRR7899699	pacheco_montealegre_2020_colombia::Sa::I	48	OBS_12a86de0cde7adbb	2	1		0.44444444	ENA sample_alias parsed with configured regex
pacheco_montealegre_2020_colombia	PRJNA492720	BactSaI048z2	SRR7899700	pacheco_montealegre_2020_colombia::Sa::I	48	OBS_12a86de0cde7adbb	2	2		0.44444444	ENA sample_alias parsed with configured regex
pacheco_montealegre_2020_colombia	PRJNA492720	BactAnI036z1	SRR7899709	pacheco_montealegre_2020_colombia::An::I	36	OBS_2b593060225d22f9	2	1		0.27272727	ENA sample_alias parsed with configured regex
pacheco_montealegre_2020_colombia	PRJNA492720	BactSaII036z2	SRR7899718	pacheco_montealegre_2020_colombia::Sa::II	36	OBS_c43a13b8d168827e	2	2		0.27272727	ENA sample_alias parsed with configured regex
pacheco_montealegre_2020_colombia	PRJNA492720	BactSaII036z1	SRR7899719	pacheco_montealegre_2020_colombia::Sa::II	36	OBS_c43a13b8d168827e	2	1		0.27272727	ENA sample_alias parsed with configured regex
pacheco_montealegre_2020_colombia	PRJNA492720	BactAnI048z1	SRR7899720	pacheco_montealegre_2020_colombia::An::I	48	OBS_ccbc9b1a2257b414	2	1		0.36363636	ENA sample_alias parsed with configured regex
pacheco_montealegre_2020_colombia	PRJNA492720	BactAnI048z2	SRR7899721	pacheco_montealegre_2020_colombia::An::I	48	OBS_ccbc9b1a2257b414	2	2		0.36363636	ENA sample_alias parsed with configured regex
pacheco_montealegre_2020_colombia	PRJNA492720	BactSaII012z2	SRR7899722	pacheco_montealegre_2020_colombia::Sa::II	12	OBS_de599a85d6d32e1f	2	2		0.090909091	ENA sample_alias parsed with configured regex
pacheco_montealegre_2020_colombia	PRJNA492720	BactSaII012z1	SRR7899723	pacheco_montealegre_2020_colombia::Sa::II	12	OBS_de599a85d6d32e1f	2	1		0.090909091	ENA sample_alias parsed with configured regex
pacheco_montealegre_2020_colombia	PRJNA492720	BactSaII024z2	SRR7899724	pacheco_montealegre_2020_colombia::Sa::II	24	OBS_333065dfe7ee7902	2	2		0.18181818	ENA sample_alias parsed with configured regex
pacheco_montealegre_2020_colombia	PRJNA492720	BactSaII024z1	SRR7899725	pacheco_montealegre_2020_colombia::Sa::II	24	OBS_333065dfe7ee7902	2	1		0.18181818	ENA sample_alias parsed with configured regex
pacheco_montealegre_2020_colombia	PRJNA492720	BactSaI108z2	SRR7899726	pacheco_montealegre_2020_colombia::Sa::I	108	OBS_8b59639f84c3ebd5	2	2		1	ENA sample_alias parsed with configured regex
pacheco_montealegre_2020_colombia	PRJNA492720	BactSaI108z1	SRR7899727	pacheco_montealegre_2020_colombia::Sa::I	108	OBS_8b59639f84c3ebd5	2	1		1	ENA sample_alias parsed with configured regex
pacheco_montealegre_2020_colombia	PRJNA492720	BactAnI000z1	SRR7899728	pacheco_montealegre_2020_colombia::An::I	0	OBS_2051ba97378af8b5	2	1		0	ENA sample_alias parsed with configured regex
pacheco_montealegre_2020_colombia	PRJNA492720	BactAnI000z2	SRR7899729	pacheco_montealegre_2020_colombia::An::I	0	OBS_2051ba97378af8b5	2	2		0	ENA sample_alias parsed with configured regex
pacheco_montealegre_2020_colombia	PRJNA492720	BactSaI036z1	SRR7899730	pacheco_montealegre_2020_colombia::Sa::I	36	OBS_5f5301d1df3344b4	2	1		0.33333333	ENA sample_alias parsed with configured regex
pacheco_montealegre_2020_colombia	PRJNA492720	BactSaI024z2	SRR7899744	pacheco_montealegre_2020_colombia::Sa::I	24	OBS_cb8a70cd075419be	2	2		0.22222222	ENA sample_alias parsed with configured regex
pacheco_montealegre_2020_colombia	PRJNA492720	BactSaI024z1	SRR7899745	pacheco_montealegre_2020_colombia::Sa::I	24	OBS_cb8a70cd075419be	2	1		0.22222222	ENA sample_alias parsed with configured regex
pacheco_montealegre_2020_colombia	PRJNA492720	BactAnI036z2	SRR7899777	pacheco_montealegre_2020_colombia::An::I	36	OBS_2b593060225d22f9	2	2		0.27272727	ENA sample_alias parsed with configured regex
pacheco_montealegre_2020_colombia	PRJNA492720	BactAnII144z2	SRR7899798	pacheco_montealegre_2020_colombia::An::II	144	OBS_b5e57d3d737ae072	2	2		1	ENA sample_alias parsed with configured regex
pacheco_montealegre_2020_colombia	PRJNA492720	BactAnII144z1	SRR7899799	pacheco_montealegre_2020_colombia::An::II	144	OBS_b5e57d3d737ae072	2	1		1	ENA sample_alias parsed with configured regex
pacheco_montealegre_2020_colombia	PRJNA492720	BactSaI036z2	SRR7899800	pacheco_montealegre_2020_colombia::Sa::I	36	OBS_5f5301d1df3344b4	2	2		0.33333333	ENA sample_alias parsed with configured regex
pacheco_montealegre_2020_colombia	PRJNA492720	BactAnII096z2	SRR7899801	pacheco_montealegre_2020_colombia::An::II	96	OBS_0b7a9fd569fa39f1	2	2		0.66666667	ENA sample_alias parsed with configured regex
pacheco_montealegre_2020_colombia	PRJNA492720	BactAnII096z1	SRR7899802	pacheco_montealegre_2020_colombia::An::II	96	OBS_0b7a9fd569fa39f1	2	1		0.66666667	ENA sample_alias parsed with configured regex
pacheco_montealegre_2020_colombia	PRJNA492720	BactAnII108z2	SRR7899803	pacheco_montealegre_2020_colombia::An::II	108	OBS_1ea831de1c4c3bf5	2	2		0.75	ENA sample_alias parsed with configured regex
pacheco_montealegre_2020_colombia	PRJNA492720	BactAnII108z1	SRR7899804	pacheco_montealegre_2020_colombia::An::II	108	OBS_1ea831de1c4c3bf5	2	1		0.75	ENA sample_alias parsed with configured regex
pacheco_montealegre_2020_colombia	PRJNA492720	BactAnII120z2	SRR7899805	pacheco_montealegre_2020_colombia::An::II	120	OBS_e5101652047e313c	2	2		0.83333333	ENA sample_alias parsed with configured regex
pacheco_montealegre_2020_colombia	PRJNA492720	BactAnII120z1	SRR7899806	pacheco_montealegre_2020_colombia::An::II	120	OBS_e5101652047e313c	2	1		0.83333333	ENA sample_alias parsed with configured regex
pacheco_montealegre_2020_colombia	PRJNA492720	BactAnII132z2	SRR7899807	pacheco_montealegre_2020_colombia::An::II	132	OBS_d68af984a789f598	2	2		0.91666667	ENA sample_alias parsed with configured regex
pacheco_montealegre_2020_colombia	PRJNA492720	BactAnII132z1	SRR7899808	pacheco_montealegre_2020_colombia::An::II	132	OBS_d68af984a789f598	2	1		0.91666667	ENA sample_alias parsed with configured regex
pacheco_montealegre_2020_colombia	PRJNA492720	BactAnII024z2	SRR7899810	pacheco_montealegre_2020_colombia::An::II	24	OBS_7e65a2abe9bf2789	2	2		0.16666667	ENA sample_alias parsed with configured regex
pacheco_montealegre_2020_colombia	PRJNA492720	BactAnII024z1	SRR7899811	pacheco_montealegre_2020_colombia::An::II	24	OBS_7e65a2abe9bf2789	2	1		0.16666667	ENA sample_alias parsed with configured regex
pacheco_montealegre_2020_colombia	PRJNA492720	BactAnII012z2	SRR7899812	pacheco_montealegre_2020_colombia::An::II	12	OBS_a2ba0b6c7e44d05b	2	2		0.083333333	ENA sample_alias parsed with configured regex
pacheco_montealegre_2020_colombia	PRJNA492720	BactAnII012z1	SRR7899813	pacheco_montealegre_2020_colombia::An::II	12	OBS_a2ba0b6c7e44d05b	2	1		0.083333333	ENA sample_alias parsed with configured regex
pacheco_montealegre_2020_colombia	PRJNA492720	BactAnII000z2	SRR7899814	pacheco_montealegre_2020_colombia::An::II	0	OBS_44bcc14f014141dd	2	2		0	ENA sample_alias parsed with configured regex
pacheco_montealegre_2020_colombia	PRJNA492720	BactAnII000z1	SRR7899815	pacheco_montealegre_2020_colombia::An::II	0	OBS_44bcc14f014141dd	2	1		0	ENA sample_alias parsed with configured regex
pacheco_montealegre_2020_colombia	PRJNA492720	BactAnI132z2	SRR7899816	pacheco_montealegre_2020_colombia::An::I	132	OBS_e4204b80d10ee41c	2	2		1	ENA sample_alias parsed with configured regex
pacheco_montealegre_2020_colombia	PRJNA492720	BactAnI132z1	SRR7899817	pacheco_montealegre_2020_colombia::An::I	132	OBS_e4204b80d10ee41c	2	1		1	ENA sample_alias parsed with configured regex
pacheco_montealegre_2020_colombia	PRJNA492720	BactAnI120z2	SRR7899818	pacheco_montealegre_2020_colombia::An::I	120	OBS_e1d0e7893008e1e8	2	2		0.90909091	ENA sample_alias parsed with configured regex
pacheco_montealegre_2020_colombia	PRJNA492720	BactAnI120z1	SRR7899819	pacheco_montealegre_2020_colombia::An::I	120	OBS_e1d0e7893008e1e8	2	1		0.90909091	ENA sample_alias parsed with configured regex
pacheco_montealegre_2020_colombia	PRJNA492720	BactAnI024z2	SRR7899832	pacheco_montealegre_2020_colombia::An::I	24	OBS_45096b0023476094	2	2		0.18181818	ENA sample_alias parsed with configured regex
pacheco_montealegre_2020_colombia	PRJNA492720	BactAnI012z1	SRR7899837	pacheco_montealegre_2020_colombia::An::I	12	OBS_8eb2c1139324e410	2	1		0.090909091	ENA sample_alias parsed with configured regex
pacheco_montealegre_2020_colombia	PRJNA492720	BactAnI012z2	SRR7899841	pacheco_montealegre_2020_colombia::An::I	12	OBS_8eb2c1139324e410	2	2		0.090909091	ENA sample_alias parsed with configured regex
pacheco_montealegre_2020_colombia	PRJNA492720	BactSaII000z2	SRR7899843	pacheco_montealegre_2020_colombia::Sa::II	0	OBS_e475f7f5aca9d536	2	2		0	ENA sample_alias parsed with configured regex
pacheco_montealegre_2020_colombia	PRJNA492720	BactSaII000z1	SRR7899849	pacheco_montealegre_2020_colombia::Sa::II	0	OBS_e475f7f5aca9d536	2	1		0	ENA sample_alias parsed with configured regex
pacheco_montealegre_2020_colombia	PRJNA492720	BactAnII084z1	SRR7899851	pacheco_montealegre_2020_colombia::An::II	84	OBS_9bedb2e6f4239b22	2	1		0.58333333	ENA sample_alias parsed with configured regex
pacheco_montealegre_2020_colombia	PRJNA492720	BactAnII084z2	SRR7899852	pacheco_montealegre_2020_colombia::An::II	84	OBS_9bedb2e6f4239b22	2	2		0.58333333	ENA sample_alias parsed with configured regex
pacheco_montealegre_2020_colombia	PRJNA492720	BactAnII036z1	SRR7899853	pacheco_montealegre_2020_colombia::An::II	36	OBS_6f0a63929eaa8835	2	1		0.25	ENA sample_alias parsed with configured regex
pacheco_montealegre_2020_colombia	PRJNA492720	BactAnII036z2	SRR7899854	pacheco_montealegre_2020_colombia::An::II	36	OBS_6f0a63929eaa8835	2	2		0.25	ENA sample_alias parsed with configured regex
pacheco_montealegre_2020_colombia	PRJNA492720	BactAnII048z1	SRR7899855	pacheco_montealegre_2020_colombia::An::II	48	OBS_8e43ab4cd8715d40	2	1		0.33333333	ENA sample_alias parsed with configured regex
pacheco_montealegre_2020_colombia	PRJNA492720	BactAnII048z2	SRR7899856	pacheco_montealegre_2020_colombia::An::II	48	OBS_8e43ab4cd8715d40	2	2		0.33333333	ENA sample_alias parsed with configured regex
pacheco_montealegre_2020_colombia	PRJNA492720	BactAnII060z1	SRR7899857	pacheco_montealegre_2020_colombia::An::II	60	OBS_f04f4975e58899b8	2	1		0.41666667	ENA sample_alias parsed with configured regex
pacheco_montealegre_2020_colombia	PRJNA492720	BactAnII060z2	SRR7899858	pacheco_montealegre_2020_colombia::An::II	60	OBS_f04f4975e58899b8	2	2		0.41666667	ENA sample_alias parsed with configured regex
pacheco_montealegre_2020_colombia	PRJNA492720	BactAnII072z1	SRR7899859	pacheco_montealegre_2020_colombia::An::II	72	OBS_720e598da40c1a24	2	1		0.5	ENA sample_alias parsed with configured regex
pacheco_montealegre_2020_colombia	PRJNA492720	BactAnII072z2	SRR7899860	pacheco_montealegre_2020_colombia::An::II	72	OBS_720e598da40c1a24	2	2		0.5	ENA sample_alias parsed with configured regex
pacheco_montealegre_2020_colombia	PRJNA492720	BactSaI072z1	SRR7899884	pacheco_montealegre_2020_colombia::Sa::I	72	OBS_392f7ae179d0acf3	2	1		0.66666667	ENA sample_alias parsed with configured regex
pacheco_montealegre_2020_colombia	PRJNA492720	BactAnI096z1	SRR7899910	pacheco_montealegre_2020_colombia::An::I	96	OBS_66601427768a885a	2	1		0.72727273	ENA sample_alias parsed with configured regex
pacheco_montealegre_2020_colombia	PRJNA492720	BactAnI096z2	SRR7899911	pacheco_montealegre_2020_colombia::An::I	96	OBS_66601427768a885a	2	2		0.72727273	ENA sample_alias parsed with configured regex
pacheco_montealegre_2020_colombia	PRJNA492720	BactAnI084z1	SRR7899912	pacheco_montealegre_2020_colombia::An::I	84	OBS_f93625ed08c460af	2	1		0.63636364	ENA sample_alias parsed with configured regex
pacheco_montealegre_2020_colombia	PRJNA492720	BactAnI084z2	SRR7899913	pacheco_montealegre_2020_colombia::An::I	84	OBS_f93625ed08c460af	2	2		0.63636364	ENA sample_alias parsed with configured regex
pacheco_montealegre_2020_colombia	PRJNA492720	BactAnI072z1	SRR7899914	pacheco_montealegre_2020_colombia::An::I	72	OBS_ba98fc52f03afec1	2	1		0.54545455	ENA sample_alias parsed with configured regex
pacheco_montealegre_2020_colombia	PRJNA492720	BactAnI072z2	SRR7899915	pacheco_montealegre_2020_colombia::An::I	72	OBS_ba98fc52f03afec1	2	2		0.54545455	ENA sample_alias parsed with configured regex
pacheco_montealegre_2020_colombia	PRJNA492720	BactAnI060z1	SRR7899916	pacheco_montealegre_2020_colombia::An::I	60	OBS_cbe8a9434a09cd51	2	1		0.45454545	ENA sample_alias parsed with configured regex
pacheco_montealegre_2020_colombia	PRJNA492720	BactAnI060z2	SRR7899917	pacheco_montealegre_2020_colombia::An::I	60	OBS_cbe8a9434a09cd51	2	2		0.45454545	ENA sample_alias parsed with configured regex
pacheco_montealegre_2020_colombia	PRJNA492720	BactAnI108z1	SRR7899920	pacheco_montealegre_2020_colombia::An::I	108	OBS_19238c8513a7d969	2	1		0.81818182	ENA sample_alias parsed with configured regex
pacheco_montealegre_2020_colombia	PRJNA492720	BactAnI108z2	SRR7899921	pacheco_montealegre_2020_colombia::An::I	108	OBS_19238c8513a7d969	2	2		0.81818182	ENA sample_alias parsed with configured regex
van_de_voorde_2023_costa_rica_cr2019	PRJEB57747	F01T000	ERR10969266	van_de_voorde_2023_costa_rica_cr2019::01	0	OBS_fbcf8bd550798459	1			0	ENA sample_alias parsed with configured regex
van_de_voorde_2023_costa_rica_cr2019	PRJEB57747	F01T006	ERR10969267	van_de_voorde_2023_costa_rica_cr2019::01	6	OBS_e42d03e386b6eebc	1			0.05	ENA sample_alias parsed with configured regex
van_de_voorde_2023_costa_rica_cr2019	PRJEB57747	F01T012	ERR10969268	van_de_voorde_2023_costa_rica_cr2019::01	12	OBS_3b6c689c44b283e2	1			0.1	ENA sample_alias parsed with configured regex
van_de_voorde_2023_costa_rica_cr2019	PRJEB57747	F01T024	ERR10969269	van_de_voorde_2023_costa_rica_cr2019::01	24	OBS_29ca3b34a3991497	1			0.2	ENA sample_alias parsed with configured regex
van_de_voorde_2023_costa_rica_cr2019	PRJEB57747	F01T048	ERR10969270	van_de_voorde_2023_costa_rica_cr2019::01	48	OBS_4b60e262af578bf8	1			0.4	ENA sample_alias parsed with configured regex
van_de_voorde_2023_costa_rica_cr2019	PRJEB57747	F01T072	ERR10969271	van_de_voorde_2023_costa_rica_cr2019::01	72	OBS_563e9c8c04632a36	1			0.6	ENA sample_alias parsed with configured regex
van_de_voorde_2023_costa_rica_cr2019	PRJEB57747	F01T096	ERR10969272	van_de_voorde_2023_costa_rica_cr2019::01	96	OBS_af931b0928304d37	1			0.8	ENA sample_alias parsed with configured regex
van_de_voorde_2023_costa_rica_cr2019	PRJEB57747	F01T120	ERR10969273	van_de_voorde_2023_costa_rica_cr2019::01	120	OBS_d1e1a72454112c1a	1			1	ENA sample_alias parsed with configured regex
van_de_voorde_2023_costa_rica_cr2019	PRJEB57747	F02T000	ERR10969274	van_de_voorde_2023_costa_rica_cr2019::02	0	OBS_f481e9dd79d17bc2	1			0	ENA sample_alias parsed with configured regex
van_de_voorde_2023_costa_rica_cr2019	PRJEB57747	F02T006	ERR10969275	van_de_voorde_2023_costa_rica_cr2019::02	6	OBS_f610f0927e07508d	1			0.05	ENA sample_alias parsed with configured regex
van_de_voorde_2023_costa_rica_cr2019	PRJEB57747	F02T012	ERR10969276	van_de_voorde_2023_costa_rica_cr2019::02	12	OBS_46816a37c622d1a8	1			0.1	ENA sample_alias parsed with configured regex
van_de_voorde_2023_costa_rica_cr2019	PRJEB57747	F02T024	ERR10969277	van_de_voorde_2023_costa_rica_cr2019::02	24	OBS_80f8a893306203de	1			0.2	ENA sample_alias parsed with configured regex
van_de_voorde_2023_costa_rica_cr2019	PRJEB57747	F02T048	ERR10969278	van_de_voorde_2023_costa_rica_cr2019::02	48	OBS_a44b7bc556f633dc	1			0.4	ENA sample_alias parsed with configured regex
van_de_voorde_2023_costa_rica_cr2019	PRJEB57747	F02T072	ERR10969279	van_de_voorde_2023_costa_rica_cr2019::02	72	OBS_1072e9e14f821623	1			0.6	ENA sample_alias parsed with configured regex
van_de_voorde_2023_costa_rica_cr2019	PRJEB57747	F02T096	ERR10969280	van_de_voorde_2023_costa_rica_cr2019::02	96	OBS_ad9c0bcd16b3dddb	1			0.8	ENA sample_alias parsed with configured regex
van_de_voorde_2023_costa_rica_cr2019	PRJEB57747	F02T120	ERR10969281	van_de_voorde_2023_costa_rica_cr2019::02	120	OBS_cf0d2a09ea3dddf9	1			1	ENA sample_alias parsed with configured regex
