search_id	query	bioproject	project_title	project_description	registration_date	project_data_type	total_runs	library_strategies	library_selections	library_layouts	sequencing_instruments	countries	estimated_fastq_bytes	bacterial_16s_signal	temporal_signal	preliminary_screen	screening_reason	already_configured	source	retrieved_at_utc
ncbi_cacao_fermentation_sra_v1	"(cacao[All Fields] OR cocoa[All Fields] OR ""Theobroma cacao""[Organism]) AND ferment*[All Fields] AND ""bioproject sra""[Filter]"	PRJDB13568	Shotgun metagenomic study of cocoa bean fermentation	Cocoa beans are spontaneously fermented under different conditions among countries or areas. Microbial population differs considerably among countries/areas, and their metabolites are influenced by the population. The present study conducted shotgun metagenomics of cacao fermentation in Japan.	2024/07/20 00:00	Metagenome	12	WGS	RANDOM	PAIRED	Illumina NovaSeq 6000	Japan:Saitama	27363138802	false	true	configured	Full screening decision is stored in config/datasets.yaml	true	https://www.ncbi.nlm.nih.gov/bioproject/PRJDB13568 | https://www.ebi.ac.uk/ena/browser/view/PRJDB13568	2026-10-07T03:04:06+00:00
ncbi_cacao_fermentation_sra_v1	"(cacao[All Fields] OR cocoa[All Fields] OR ""Theobroma cacao""[Organism]) AND ferment*[All Fields] AND ""bioproject sra""[Filter]"	PRJEB101075	Unraveling yeast diversity in food fermentation using ITS1-2 amplicon-based metabarcoding	A detailed characterization of the microbial ecosystem involved in the production processes of fermented foods is essential.  Although fermented foods are an important part of the human diet and have an increasing interest nowadays, some challenges still need to be solved. Specifically, yeast identification through culture-independent methodologies is still limited to the genus level. Unlike for bacterial species identifications, long-read sequencing technologies have barely been used for yeast species identification, and, to the best of the authors’ knowledge, it has not been validated with mock communities reflecting food fermentation processes yet. Therefore, in the current study, we present an amplicon-based metabarcoding approach targeting the full-length internal transcribed spacer (ITS) region comprising the ITS1, 5.8S rRNA gene, and ITS2 using the PacBio HiFi sequencing platform. This approach was validated using mock communities composed of yeast species involved in sourdough, lambic beer, and cocoa fermentation processes. Accurate species-level identification was achieved for most of the species. However, special attention should be given to Saccharomyces-rich niches, as accurate species-level identification for this genus is still challenging. Furthermore, underestimation of the relative abundance of species with short ITS regions, such as Pichia and Brettanomyces, occurred. In addition, the method was successfully applied to describe the yeast diversity present in two sourdough and two lambic beer samples. Overall, the current approach provides an unprecedented way of determining the species-level yeast composition of complex ecosystems present in fermented food products.	2025/11/16 00:00	Other	25	AMPLICON	PCR	SINGLE	Revio	Belgium	306570103	true	false	configured	Full screening decision is stored in config/datasets.yaml	true	https://www.ncbi.nlm.nih.gov/bioproject/PRJEB101075 | https://www.ebi.ac.uk/ena/browser/view/PRJEB101075	2026-10-07T03:04:06+00:00
ncbi_cacao_fermentation_sra_v1	"(cacao[All Fields] OR cocoa[All Fields] OR ""Theobroma cacao""[Organism]) AND ferment*[All Fields] AND ""bioproject sra""[Filter]"	PRJEB38017	Taxonomic and functional analysis of Costa Rican cocoa bean fermentation ecosystems through shotgun metagenomic and metatranscriptomics sequencing.	Cocoa bean fermentation is a necessary step in the production of all cocoa goods. The cocoa beans are surrounded by a pulp. During the fermentation process, the pulp is removed, enabling drying, and colour and flavour precursors are formed.In the present study, the taxonomic composition of the cocoa bean fermentation microbiota was analysed in three cocoa bean fermentation processes at time points throughout the fermentation. In one of the fermentations, gene transcription of the cocoa bean fermentation microbiota was analysed in three representative time points.	2021/01/07 00:00	Other	16	RNA-Seq; WGS	unspecified	PAIRED; SINGLE	Illumina HiSeq 2500; Ion Torrent PGM		45076984395	false	true	configured	Full screening decision is stored in config/datasets.yaml	true	https://www.ncbi.nlm.nih.gov/bioproject/PRJEB38017 | https://www.ebi.ac.uk/ena/browser/view/PRJEB38017	2026-10-07T03:04:06+00:00
ncbi_cacao_fermentation_sra_v1	"(cacao[All Fields] OR cocoa[All Fields] OR ""Theobroma cacao""[Organism]) AND ferment*[All Fields] AND ""bioproject sra""[Filter]"	PRJEB40850	starter culture-initiated cocoa fermentations followed up trough metagenetics	Starter culture-initiated cocoa fermentation processes are applied to improve the quality of the cured cocoa beans. In this study eight different cocoa fermentation processes were carried out in plastic vessels in Costa Rica to assess the contribution of two candidate yeasts starter culture strains, namely a Saccharomyces cerevisiae and a Pichia kudriavzevii strain, inoculated in combination with a Limosilactobacillus fermentum strain and an Acetobacter pasteurianus strain. The use of an amplicon sequence variant (ASV) approach, together with the available genomes of the inoculated strains allowed their identification and differentiation of very close related variants/strains naturally present in the spontaneous fermentation processes.	2020/12/23 00:00	Other	108	AMPLICON	PCR	PAIRED	Illumina MiSeq	Costa Rica	1764001345	false	false	configured	Full screening decision is stored in config/datasets.yaml	true	https://www.ncbi.nlm.nih.gov/bioproject/PRJEB40850 | https://www.ebi.ac.uk/ena/browser/view/PRJEB40850	2026-10-07T03:04:06+00:00
ncbi_cacao_fermentation_sra_v1	"(cacao[All Fields] OR cocoa[All Fields] OR ""Theobroma cacao""[Organism]) AND ferment*[All Fields] AND ""bioproject sra""[Filter]"	PRJEB46227	Genomics of Saccharomyces cerevisiae IMDO 050523 in combination with phylogenomics unravels signatures of adaptation to a West African fermented food lineage	The genome of Saccharomyces cerevisiae IMDO 050523, a strain isolated from a spontaneous cocoa fermentation process, was unraveled based on a combination of long- and short-read sequencing. The genome consisted of 16 nuclear chromosomes and a mitochondrial chromosome organized in 20 contigs. Saccharomyces cerevisiae IMDO 050523 contained genetic signatures that could point toward specific niche adaptations involved in sucrose hydrolysis, pectin degradation, osmotolerance, and conserved amino acid changes in key ester-producing enzymes.	2022/01/22 00:00	Genome sequencing and assembly	2	WGS	RANDOM	PAIRED; SINGLE	Illumina NovaSeq 6000; MinION	Ghana	12305362340	false	false	configured	Full screening decision is stored in config/datasets.yaml	true	https://www.ncbi.nlm.nih.gov/bioproject/PRJEB46227 | https://www.ebi.ac.uk/ena/browser/view/PRJEB46227	2026-10-07T03:04:06+00:00
ncbi_cacao_fermentation_sra_v1	"(cacao[All Fields] OR cocoa[All Fields] OR ""Theobroma cacao""[Organism]) AND ferment*[All Fields] AND ""bioproject sra""[Filter]"	PRJEB50472	Effect of roasting conditions on cocoa bioactivity and gut microbiota modulation	Cocoa is a highly consumed food with beneficial effects on human health. Cocoa roasting has an important influence on its sensory and nutritional characteristics; therefore, roasting could also play a role in cocoa bioactivity. Thus, the aim of this paper is to unravel the effect of cocoa roasting conditions on its antioxidant capacity and modifications of gut microbiota after in vitro digestion-fermentation. HMF and furfural, chemical markers of non-enzymatic browning, were analyzed in unroasted and roasted cocoa powder at different temperatures, as well as different chocolates. The antioxidant capacity decreased with roasting, most probably due to the loss of phenolic compounds during heating. In the case of the evaluated chocolates, the antioxidant capacity was 2–3 times higher in the fermented fraction. On the other hand, HMF and furfural content increased during roasting due to increasing temperatures. Moreover, unroasted and roasted cocoa powder have different effects on gut microbial communities. Roasted cocoa favored butyrate production, whereas unroasted cocoa favored acetate and propionate production in a significant manner. In addition, unroasted and roasted cocoa produced significantly different gut microbial communities in terms of composition. Although many bacteria were affected, Veillonella and Faecalibacterium were some of the most discriminant ones; whereas the former is a propionate producer, the latter is a butyrate producer that has also been linked to positive effects on the inflammatory health of the gut and the immune system. Therefore, unroasted and roasted cocoa (regardless of the roasting temperature) promote different bacteria and a different SCFA production.	2022/01/28 00:00	Other	21	AMPLICON	PCR	PAIRED	Illumina MiSeq	Spain	719707933	true	false	configured	Full screening decision is stored in config/datasets.yaml	true	https://www.ncbi.nlm.nih.gov/bioproject/PRJEB50472 | https://www.ebi.ac.uk/ena/browser/view/PRJEB50472	2026-10-07T03:04:06+00:00
ncbi_cacao_fermentation_sra_v1	"(cacao[All Fields] OR cocoa[All Fields] OR ""Theobroma cacao""[Organism]) AND ferment*[All Fields] AND ""bioproject sra""[Filter]"	PRJEB53853	Starter culture-initiated cocoa fermentations followed up trough metagenetics	Hanseniaspora opuntiae is one of the most commonly found yeast species in naturally fermenting cocoa pulp-bean mass. However, its behaviour has not been explored during spontaneous nor starter culture-initiated cocoa fermentation processes. Therefore, the present study aimed at examining the effects of the cocoa isolate H. opuntiae IMDO 040108 as the sole inoculated yeast strain as well as in combination with a well-performing yeast strain of cocoa origin (Saccharomyces cerevisiae IMDO 050523), both in the presence of the lactic acid bacteria strain Limosilactobacillus fermentum IMDO 0611222 and the acetic acid bacteria strain Acetobacter pasteurianus IMDO 0506386. Those effects encompassed the microbial community, substrate consumption, and metabolite production dynamics, including volatile organic compound (VOC) and phytochemical compositions, as well as the compositions of the cocoa beans after fermentation, the cocoa liquors, and the chocolates produced thereof. All starter culture strains applied could be successfully monitored during fermentation by an amplicon sequence variant approach. It turned out that the inoculated H. opuntiae strain was unable to prevail over the background yeasts present in the fermenting cocoa pulp-bean mass. It led to under-fermented cocoa beans after four days of fermentation, which was reflected in higher levels of catechin, epicatechin, and proanthocyanidins. Oppositely, the spontaneous fermentation process, during which background Hanseniaspora species were predominant, yielded successfully cured cocoa beans. Cocoa fermentation processes inoculated with the S. cerevisiae strain enhanced the flavour production during the fermentation and drying steps, which was, in turn, reflected in the richer and more reproducible aroma profiles of the cocoa liquors and chocolates produced thereof. Finally, the sensory analysis of the cocoa liquors and chocolates produced demonstrated that the use of a starter culture comprising S. cerevisiae led to more acidic notes compared to those from cured cocoa beans obtained by spontaneous fermentation processes, as a result of an advanced fermentation degree. Further, different VOC profiles were found in the cocoa beans throughout the whole chocolate production chain, depending on the fermentation process, but no significant differences were found regarding fruitiness in the cocoa liquors and chocolates produced.	2022/09/07 00:00	Other	60	AMPLICON	PCR	PAIRED	Illumina MiSeq	Costa Rica	3496656738	true	true	configured	Full screening decision is stored in config/datasets.yaml	true	https://www.ncbi.nlm.nih.gov/bioproject/PRJEB53853 | https://www.ebi.ac.uk/ena/browser/view/PRJEB53853	2026-10-07T03:04:06+00:00
ncbi_cacao_fermentation_sra_v1	"(cacao[All Fields] OR cocoa[All Fields] OR ""Theobroma cacao""[Organism]) AND ferment*[All Fields] AND ""bioproject sra""[Filter]"	PRJEB57747	Strain-level resolution for starter culture monitoring of cocoa fermentation processes	A wide range of microbiological techniques have been applied to monitor the growth and prevalence of starter culture strains used in the production of fermented foods. Differentiating between inoculated starter culture strains and background strains from the same species spontaneously present in the fermenting matrices has been challenging. However, the intra-species diversity present in the microbiota of fermented food ecosystems plays an important role in the strain fitness for fermentation in terms of substrate utilization and stress resistance and is of major importance for their contribution to the formation of flavour compounds. The aim of the current study was to monitor starter culture strains inoculated to steer cocoa fermentation processes performed in Costa Rica at strain-level resolution. First, whole-community DNA-based, high-throughput, full-length 16S rRNA gene sequencing was performed using PacBio circular consensus sequencing and amplicon sequence variants (ASVs) were inferred using DADA2. Further, three shotgun metagenomics-based approaches were followed, the first relying on species-specific marker genes using StrainPhlAn, a second one relying on single nucleotide variants (SNVs) retrieved from the metagenomic reads, and a third one relying on metagenome-assembled genome (MAG) reconstruction followed by average nucleotide identity (ANI) estimation. Albeit that the ASV-based strategy was time- and cost-effective to study microbial community dynamics at strain-level resolution, the application of novel metagenomic strategies provided more information and slightly higher resolution to recover the inoculated starter culture strains from complex ecosystems. Further, resolving different strains of the same species into independent MAGs allowed the study of intra-species differences at gene level that could be of interest to guide future starter culture trials for any fermented food ecosystem.	2023/06/03 00:00	Other	243	AMPLICON; WGS	PCR; RANDOM	PAIRED; SINGLE	Illumina MiSeq; Illumina NovaSeq 6000; Sequel II	Costa Rica	127883284465	true	false	configured	Full screening decision is stored in config/datasets.yaml	true	https://www.ncbi.nlm.nih.gov/bioproject/PRJEB57747 | https://www.ebi.ac.uk/ena/browser/view/PRJEB57747	2026-10-07T03:04:06+00:00
ncbi_cacao_fermentation_sra_v1	"(cacao[All Fields] OR cocoa[All Fields] OR ""Theobroma cacao""[Organism]) AND ferment*[All Fields] AND ""bioproject sra""[Filter]"	PRJEB57751	Genomics and phenotypic potential of non-Saccharomyces cocoa yeast strains	The use of non-Saccharomyces yeast starter culture strains has caught the attention of brewers, bakers, and winemakers during the last 30 years to obtain fermented food products with a distinct flavour and/or characteristics of added value in the market. Cocoa fermentation is, however, still a spontaneous process in which starter cultures have been applied only at research level. The present study aimed at assessing the phenotypic and genomic potential of candidate yeast starter culture strains to ferment the cocoa pulp-bean mass and deliver an end-product with a distinct flavour profile. First, a phenotypic screening to test the growth and fermentation capacities of different yeast strains in media containing different carbon sources was performed. Hanseniaspora opuntiae IMDO 020003 and Pichia kudriavzevii IMDO 060005 were selected and, together with the previously used P. kudriavzevii IMDO 020508 and H. opuntiae IMDO 040108, their genome was sequenced and assembled using a hybrid approach that applied long- and short-read sequencing. This way, a telomere-to-telomere genome assembly was achieved for both P. kudriavzevii IMDO strains and the most contiguous genome assembly of an H. opuntiae was accomplished, suggesting the presence of seven nuclear chromosomes. The combination of an in silico functional analysis of the sequenced strains together with their extensive phenotypical characterization in cocoa pulp simulation medium revealed a distinct enzyme machinery to metabolize organic acids and produce volatile organic compounds. Finally, the sequenced strains were compared to other publicly available P. kudriavzevii and Hanseniaspora spp., which highlighted a gene loss in the H. opuntiae genomes regarding metabolic activities of relevance for the cocoa fermentation process.	2025/01/31 00:00	Genome sequencing	8	WGS	RANDOM	PAIRED; SINGLE	Illumina NovaSeq 6000; MinION	Ghana	29415635101	false	false	configured	Full screening decision is stored in config/datasets.yaml	true	https://www.ncbi.nlm.nih.gov/bioproject/PRJEB57751 | https://www.ebi.ac.uk/ena/browser/view/PRJEB57751	2026-10-07T03:04:06+00:00
ncbi_cacao_fermentation_sra_v1	"(cacao[All Fields] OR cocoa[All Fields] OR ""Theobroma cacao""[Organism]) AND ferment*[All Fields] AND ""bioproject sra""[Filter]"	PRJEB82327	The Ecuadorian Nacional cocoa variety may outshine the use of starter cultures	Nacional cocoa is an established fine cocoa variety from Ecuador, known for its qualitative flavour characteristics. However, non-standardized farm practices mask the full potential of cured Nacional cocoa beans. An in-depth investigation of the effect of a starter culture to perform Nacional cocoa fermentation processes (CFPs) was lacking and may bring a solution. Therefore, the present study aimed to assess the influence of the addition of starter culture mixtures composed of yeast and bacterial strains on the microbial community and metabolite dynamics during fermentation of the cocoa pulp-bean mass and drying of the resulting cocoa beans. Two spontaneous and four starter culture-initiated (SCI) CFPs were performed in large, four-stage wooden boxes that were sampled at top, middle, and bottom locations. The yeast strains Saccharomyces cerevisiae IMDO 050523 and/or Pichia kudriavzevii IMDO 060005 were combined with the lactic acid bacterium strain Limosilactobacillus fermentum IMDO 0611222 and the acetic acid bacterium strain Acetobacter pasteurianus IMDO 0506386. An amplicon sequence variant approach based on sequencing of the full-length 16S rRNA gene allowed to confirm the successful inoculation of the bacterial strains. Similarly, sequencing of the internal transcribed spacer (ITS1) region confirmed the successful inoculation of the yeast strains.	2026/04/01 00:00	Other	369	AMPLICON	PCR	PAIRED; SINGLE	Illumina MiSeq; Sequel IIe	Ecuador	6091809825	true	true	configured	Full screening decision is stored in config/datasets.yaml	true	https://www.ncbi.nlm.nih.gov/bioproject/PRJEB82327 | https://www.ebi.ac.uk/ena/browser/view/PRJEB82327	2026-10-07T03:04:06+00:00
ncbi_cacao_fermentation_sra_v1	"(cacao[All Fields] OR cocoa[All Fields] OR ""Theobroma cacao""[Organism]) AND ferment*[All Fields] AND ""bioproject sra""[Filter]"	PRJEB82871	Low-quality cocoa can overrule the effect of starter culture addition	Colleccíon Castro Naranjal 51 (CCN-51) cocoa finds its origin in Ecuadorian breeding experiments as a response to the cocoa crop disease paradigm. However, CCN-51 is not the best choice because of its limited flavour characteristics, although non-standardized farm practices could be part of the pitfall in fulfilling good quality outcomes with this cocoa variety. Nonetheless, an in-depth investigation of the effect of a starter culture to perform CCN-51 cocoa fermentation processes (CFPs) was not available and may bring a solution to produce cured cocoa beans of desired quality. Therefore, the present study aimed to assess the influence of the addition of functional starter culture mixtures composed of yeast strains (Saccharomyces cerevisiae IMDO 050523 and/or Pichia kudriavzevii IMDO 060005) and bacterial strains (the lactic acid bacterium strain Limosilactobacillus fermentum IMDO 0611222 and the acetic acid bacterium strain Acetobacter pasteurianus IMDO 0506386) on the microbial community and metabolite dynamics during spontaneous (two processes) and starter culture-initiated (four processes) fermentation of the cocoa pulp-bean mass in wooden boxes and drying of the cocoa beans. An amplicon sequence variant approach based on sequencing of the full-length 16S rRNA gene allowed to confirm the successful inoculation of the bacterial strains. Similarly, sequencing of the internal transcribed spacer (ITS1) region confirmed the successful inoculation of the yeast strains. Whereas the consumption of the substrates was accelerated during the SCI CFPs compared to that of the spontaneous CFPs, all CFPs also resulted in rich VOC profiles of the cocoa pulp and beans, which were represented by alcohols, aldehydes, esters, ketones, and pyrazines (solely cocoa beans). However, the effect of the CFP type faded away during cocoa curing, as no significant effect on the VOC profiles could be distinguished in the drying cocoa beans.	2026/04/01 00:00	Other	140	AMPLICON	PCR	PAIRED; SINGLE	Illumina MiSeq; Sequel IIe	Ecuador	3680132919	true	true	configured	Full screening decision is stored in config/datasets.yaml	true	https://www.ncbi.nlm.nih.gov/bioproject/PRJEB82871 | https://www.ebi.ac.uk/ena/browser/view/PRJEB82871	2026-10-07T03:04:06+00:00
ncbi_cacao_fermentation_sra_v1	"(cacao[All Fields] OR cocoa[All Fields] OR ""Theobroma cacao""[Organism]) AND ferment*[All Fields] AND ""bioproject sra""[Filter]"	PRJNA1002093	Effects of adding cocoa fermentation medium on cigar leaves in agricultural fermentation stage	cigar fermention	2023/08/04 00:00	Raw sequence reads	21	RNA-Seq	PCR	PAIRED; SINGLE	Illumina HiSeq X	China	77064660	false	false	configured	Full screening decision is stored in config/datasets.yaml	true	https://www.ncbi.nlm.nih.gov/bioproject/PRJNA1002093 | https://www.ebi.ac.uk/ena/browser/view/PRJNA1002093	2026-10-07T03:04:06+00:00
ncbi_cacao_fermentation_sra_v1	"(cacao[All Fields] OR cocoa[All Fields] OR ""Theobroma cacao""[Organism]) AND ferment*[All Fields] AND ""bioproject sra""[Filter]"	PRJNA1037292	Metagenomic Analysis of Hainan Cocoa	Metagenomic data collected from the 6-day spontaneous fermentation of Hainan cocoa	2023/11/09 00:00	Raw sequence reads	21	WGS	RANDOM	PAIRED	Illumina NovaSeq 6000	China: Hainan	67580296610	false	false	configured	Full screening decision is stored in config/datasets.yaml	true	https://www.ncbi.nlm.nih.gov/bioproject/PRJNA1037292 | https://www.ebi.ac.uk/ena/browser/view/PRJNA1037292	2026-10-07T03:04:06+00:00
ncbi_cacao_fermentation_sra_v1	"(cacao[All Fields] OR cocoa[All Fields] OR ""Theobroma cacao""[Organism]) AND ferment*[All Fields] AND ""bioproject sra""[Filter]"	PRJNA1104253	A defined microbial community reproduces attributes of fine flavour chocolate fermentation	The production of chocolate relies on the metabolic activities of microbial communities within cocoa beans, transforming them into essential precursors for chocolate. Cocoa fermentation is a spontaneous process involving both abiotic and biotic factors, leading to the production of key metabolites crucial for chocolate flavour. Unfermented cocoa beans lack chocolate flavour and are bitter; thus, fermentation is vital for enhancing aroma and taste. Unlike other fermented foods, cocoa fermentation occurs spontaneously, with microbial communities assembling from the environment, leading to variations across geographical locations and influencing chocolate quality. While various studies have analysed microbial populations in fermenting cocoa beans, our understanding of microbial community dynamics and interactions during fermentation remains limited. This knowledge gap hampers optimization of cocoa bean fermentation, hindering its industrial potential. The objects of this project were to gain an understanding of the microbial cocoa fermentation dynamics towards chocolate flavour development and unlock this process for industrial scale application.	2024/04/24 00:00	Raw sequence reads	473	AMPLICON; WGS	PCR; RANDOM	PAIRED; SINGLE	Illumina MiSeq; MinION	Colombia	108995646185	false	true	configured	Full screening decision is stored in config/datasets.yaml	true	https://www.ncbi.nlm.nih.gov/bioproject/PRJNA1104253 | https://www.ebi.ac.uk/ena/browser/view/PRJNA1104253	2026-10-07T03:04:06+00:00
ncbi_cacao_fermentation_sra_v1	"(cacao[All Fields] OR cocoa[All Fields] OR ""Theobroma cacao""[Organism]) AND ferment*[All Fields] AND ""bioproject sra""[Filter]"	PRJNA1257864	Cacao fermentation microbiome	Cacao fermentation is a spontaneous process in which microorganisms play a key role in the development of distinctive chocolate flavors. The microbiota acting during cacao fermentation has been routinely characterized by cultured based techniques and next generation sequencing (NGS) using the Illumina platform. However, the potential of in situ sequencing technologies to monitor the microbial dynamics during cacao fermentation has not been assessed. Samples of cacao beans were taken at 0, 24, 48, 72, and 96 hours after the start of the fermentation. Total DNA was extracted, and sequencing libraries were prepared for further sequencing using Illumina and Nanopore MinION sequencing platforms. This is the first study assessing the applicability of MinION sequencing for the characterization of microbial populations during cacao fermentation.	2025/05/01 00:00	Raw sequence reads	10	WGS	unspecified	SINGLE	Illumina MiSeq; MinION	Ecuador:Milagro	1057955610	false	true	configured	Full screening decision is stored in config/datasets.yaml	true	https://www.ncbi.nlm.nih.gov/bioproject/PRJNA1257864 | https://www.ebi.ac.uk/ena/browser/view/PRJNA1257864	2026-10-07T03:04:06+00:00
ncbi_cacao_fermentation_sra_v1	"(cacao[All Fields] OR cocoa[All Fields] OR ""Theobroma cacao""[Organism]) AND ferment*[All Fields] AND ""bioproject sra""[Filter]"	PRJNA1264670	Metagenomics Analysis of Shotgun Sequencing from Two Fermentation and Drying Routes of Cocoa (Theobroma cacao L.) in Colombia: Exploring Microbial Composition and Metabolic Pathways	Exploring Microbial Composition and Metabolic Pathways	2025/05/18 00:00	Raw sequence reads	9	WGS	RANDOM	PAIRED	Illumina HiSeq 4000		49585235575	false	false	configured	Full screening decision is stored in config/datasets.yaml	true	https://www.ncbi.nlm.nih.gov/bioproject/PRJNA1264670 | https://www.ebi.ac.uk/ena/browser/view/PRJNA1264670	2026-10-07T03:04:06+00:00
ncbi_cacao_fermentation_sra_v1	"(cacao[All Fields] OR cocoa[All Fields] OR ""Theobroma cacao""[Organism]) AND ferment*[All Fields] AND ""bioproject sra""[Filter]"	PRJNA212389	Saccharomyces cerevisiae strain:Bread strain, Wine strain, Bioethanol strain Transcriptome or Gene expression	The behavior of yeast cells during industrial processes such as the production of beer, wine and bioethanol has been extensively studied. By contrast, our knowledge about yeast physiology during solid state processes, such as bread dough, cheese or cocoa fermentation remains limited. We investigated changes in the transcriptome of three genetically distinct Saccharomyces cerevisiae strains during bread dough fermentation. Our results show that regardless of the genetic background, all three strains exhibit similar changes in expression patterns. At the onset of fermentation, expression of glucose-regulated genes changes dramatically, and the osmotic stress response is activated. The middle fermentation phase is characterized by the induction of genes involved in amino acid metabolism. Finally, at the latest time point, cells suffer from nutrient depletion and activate pathways associated with starvation and stress response. Further analysis shows that genes regulated by the High Osmolarity Glycerol (HOG) pathway, the major pathway involved in the response to osmotic stress and glycerol homeostasis, are among the most differentially expressed genes at the onset of fermentation. More importantly, deletion of HOG1 and other genes of this pathway significantly reduces fermentation capacity. Together, our results demonstrate that cells embedded in a solid matrix such as bread dough suffer severe osmotic stress, and that a proper induction of the HOG pathway is critical for an optimal fermentation.	2013/07/17 00:00	Transcriptome or Gene expression	24	RNA-Seq	PCR	SINGLE	Illumina HiSeq 2000		8626497609	false	false	configured	Full screening decision is stored in config/datasets.yaml	true	https://www.ncbi.nlm.nih.gov/bioproject/PRJNA212389 | https://www.ebi.ac.uk/ena/browser/view/PRJNA212389	2026-10-07T03:04:06+00:00
ncbi_cacao_fermentation_sra_v1	"(cacao[All Fields] OR cocoa[All Fields] OR ""Theobroma cacao""[Organism]) AND ferment*[All Fields] AND ""bioproject sra""[Filter]"	PRJNA407677	Metagenomic sequencing of microbial diversity in spontaneous fermentation of cocoa beans from Brazil	Here we used metagenomics approach to identified the bacteria and fungi community that act in spontaneous cocoa fermentations from Brazil, comparing different fermentations in three different localities of Para (Placas, Medicilandia and Tome Acu) and Ilheus in Bahia state	2017/09/17 00:00	Metagenome	6	AMPLICON	PCR	PAIRED	Illumina HiSeq 2500	Brazil: Ilheus; Brazil: Medicilandia; Brazil: Placas; Brazil: Tome Acu	100480825	true	false	configured	Full screening decision is stored in config/datasets.yaml	true	https://www.ncbi.nlm.nih.gov/bioproject/PRJNA407677 | https://www.ebi.ac.uk/ena/browser/view/PRJNA407677	2026-10-07T03:04:06+00:00
ncbi_cacao_fermentation_sra_v1	"(cacao[All Fields] OR cocoa[All Fields] OR ""Theobroma cacao""[Organism]) AND ferment*[All Fields] AND ""bioproject sra""[Filter]"	PRJNA420946	Bacteria metagenome (16S) from fermented cocoa beans Metagenome	Bacteria metagenome (16S) from fermented cocoa beans	2017/12/04 00:00	Metagenome	42	AMPLICON	PCR	PAIRED	Illumina MiSeq	Cameroon	1503429387	true	false	configured	Full screening decision is stored in config/datasets.yaml	true	https://www.ncbi.nlm.nih.gov/bioproject/PRJNA420946 | https://www.ebi.ac.uk/ena/browser/view/PRJNA420946	2026-10-07T03:04:06+00:00
ncbi_cacao_fermentation_sra_v1	"(cacao[All Fields] OR cocoa[All Fields] OR ""Theobroma cacao""[Organism]) AND ferment*[All Fields] AND ""bioproject sra""[Filter]"	PRJNA420973	Yeast metagenome (ITS) from fermented cocoa beans	Yeast metagenome (ITS) from fermented cocoa beans	2017/12/04 00:00	Metagenome	41	AMPLICON	PCR	PAIRED	Illumina MiSeq	Cameroon	340759055	false	false	configured	Full screening decision is stored in config/datasets.yaml	true	https://www.ncbi.nlm.nih.gov/bioproject/PRJNA420973 | https://www.ebi.ac.uk/ena/browser/view/PRJNA420973	2026-10-07T03:04:06+00:00
ncbi_cacao_fermentation_sra_v1	"(cacao[All Fields] OR cocoa[All Fields] OR ""Theobroma cacao""[Organism]) AND ferment*[All Fields] AND ""bioproject sra""[Filter]"	PRJNA475867	Yeast metagenome (26S) from fermented cocoa beans	Yeast metagenome (D1 domain of 26S rRNA gene ) from fermented cocoa beans	2018/06/13 00:00	Raw sequence reads	28	AMPLICON	PCR	PAIRED	Illumina MiSeq	Cameroon; Italy	1878028808	false	false	configured	Full screening decision is stored in config/datasets.yaml	true	https://www.ncbi.nlm.nih.gov/bioproject/PRJNA475867 | https://www.ebi.ac.uk/ena/browser/view/PRJNA475867	2026-10-07T03:04:06+00:00
ncbi_cacao_fermentation_sra_v1	"(cacao[All Fields] OR cocoa[All Fields] OR ""Theobroma cacao""[Organism]) AND ferment*[All Fields] AND ""bioproject sra""[Filter]"	PRJNA492720	High-Sensitive Detection and Dynamic of Microbiome during Cocoa Bean Fermentation	Monitoring of the fermentation microbiome was carried out on selected farms in three agroecological zones from Colombia. Valles-Interandinos-Secos (VISe), Montaña-Santandereana (MoSa) and Cafetera-Marginal-Baja (CaMab), during two periods of 2016. Cocoa beans were collected from the upper and intermediate zones of wooden boxes for 4-6 days. The microbial community composition at the 97% OTU-level was similar in all fermentation systems, and the dynamics and interactions of the OTUs of bacteria and fungi follow a predictable microbial succession.	2018/09/22 00:00	Metagenome	292	AMPLICON	PCR	PAIRED	Illumina MiSeq	Colombia:Antioquia; Colombia:Huila; Colombia:Santander	730636532	true	true	configured	Full screening decision is stored in config/datasets.yaml	true	https://www.ncbi.nlm.nih.gov/bioproject/PRJNA492720 | https://www.ebi.ac.uk/ena/browser/view/PRJNA492720	2026-10-07T03:04:06+00:00
ncbi_cacao_fermentation_sra_v1	"(cacao[All Fields] OR cocoa[All Fields] OR ""Theobroma cacao""[Organism]) AND ferment*[All Fields] AND ""bioproject sra""[Filter]"	PRJNA527768	Brazilian cocoa microbiome	The spontaneous process of cocoa beans fermentation is not standardized, since the microorganisms that make up the fermentation are indigenous, inhabiting the environment outside of the cocoa beans. It is a complex process in which a microbial succession is observed throughout its execution, beginning with yeast colonization and maintained and terminated by lactic acid bacteria and acetic acid. In some fermentation, the quality of the fermented food was related to the presence and absence of strains expressing genes associated with the classic Quorum Sensing (QS) or Quorum Quenching (QQ) pathways, making it important to understand the dynamics of the fermentation process under the point of view of bacterial communication. In this work we apply metagenomics analysis to unravel the potential functional of the microbial cross-talk by QS and its possible role during the spontaneous process of cocoa fermentation.	2019/03/18 00:00	Raw sequence reads	10	WGS	RT-PCR	PAIRED; SINGLE	NextSeq 500	Brazil:Bahia	11623181091	true	true	configured	Full screening decision is stored in config/datasets.yaml	true	https://www.ncbi.nlm.nih.gov/bioproject/PRJNA527768 | https://www.ebi.ac.uk/ena/browser/view/PRJNA527768	2026-10-07T03:04:06+00:00
ncbi_cacao_fermentation_sra_v1	"(cacao[All Fields] OR cocoa[All Fields] OR ""Theobroma cacao""[Organism]) AND ferment*[All Fields] AND ""bioproject sra""[Filter]"	PRJNA552479	PROCAD BIOCAU Cocoa bean fermentation metagenomics	The fermentation of cocoa beans are a crucial step in the production of chocolate. Samples were collected in the periods of 0, 24, 48, 72, 96, 120 and 144 h during the fermentation. The goal is to identify key organisms and pathways in the fermentation process of cocoa beans.	2019/07/03 00:00	Raw sequence reads	14	WGS	RANDOM	PAIRED	HiSeq X Ten	Brazil:Bahia	54023482781	false	true	configured	Full screening decision is stored in config/datasets.yaml	true	https://www.ncbi.nlm.nih.gov/bioproject/PRJNA552479 | https://www.ebi.ac.uk/ena/browser/view/PRJNA552479	2026-10-07T03:04:06+00:00
ncbi_cacao_fermentation_sra_v1	"(cacao[All Fields] OR cocoa[All Fields] OR ""Theobroma cacao""[Organism]) AND ferment*[All Fields] AND ""bioproject sra""[Filter]"	PRJNA627078	Microbiota and Mycobiota composition during the fermentation of Criollo and Forastero cocoa varieties in Mexico	Microbiota and Mycobiota composition during the fermentation of Criollo and Forastero cocoa varieties in Mexico	2020/04/21 00:00	Metagenome	132	AMPLICON	PCR	PAIRED	Illumina MiSeq		3044237632	true	true	configured	Full screening decision is stored in config/datasets.yaml	true	https://www.ncbi.nlm.nih.gov/bioproject/PRJNA627078 | https://www.ebi.ac.uk/ena/browser/view/PRJNA627078	2026-10-07T03:04:06+00:00
ncbi_cacao_fermentation_sra_v1	"(cacao[All Fields] OR cocoa[All Fields] OR ""Theobroma cacao""[Organism]) AND ferment*[All Fields] AND ""bioproject sra""[Filter]"	PRJNA627182	Metagenome (DNAseq) of fermented cocoa beans Criollo and Forastero from Mexico	Metagenome (DNAseq) of fermented cocoa beans Criollo and Forastero from Mexico	2020/04/21 00:00	Metagenome	20	WGS	other	PAIRED	NextSeq 550		85245043649	false	true	configured	Full screening decision is stored in config/datasets.yaml	true	https://www.ncbi.nlm.nih.gov/bioproject/PRJNA627182 | https://www.ebi.ac.uk/ena/browser/view/PRJNA627182	2026-10-07T03:04:06+00:00
ncbi_cacao_fermentation_sra_v1	"(cacao[All Fields] OR cocoa[All Fields] OR ""Theobroma cacao""[Organism]) AND ferment*[All Fields] AND ""bioproject sra""[Filter]"	PRJNA783055	Effect of processing on the anti-inflammatory efficacy of cocoa in a high fat diet-induced mouse model of obesity	Obesity causes inflammation which may lead to development of co-morbidities like cardiovascular diseases. Cocoa is a popular food ingredient that has been shown to mitigate obesity and inflammation in preclinical models. Cocoa typically undergoes fermentation and roasting prior to consumption, which can affect the polyphenol content in cocoa. The aim of this study was to compare the effect of fermentation and roasting protocols on the ability of cocoa to mitigate obesity, gut barrier dysfunction, and chronic inflammation in high fat (HF)-fed, obese C57BL/6J mice.	2021/11/23 00:00	Raw sequence reads	52	AMPLICON	PCR	PAIRED	Illumina MiSeq	USA:State College	548284681	true	false	configured	Full screening decision is stored in config/datasets.yaml	true	https://www.ncbi.nlm.nih.gov/bioproject/PRJNA783055 | https://www.ebi.ac.uk/ena/browser/view/PRJNA783055	2026-10-07T03:04:06+00:00
ncbi_cacao_fermentation_sra_v1	"(cacao[All Fields] OR cocoa[All Fields] OR ""Theobroma cacao""[Organism]) AND ferment*[All Fields] AND ""bioproject sra""[Filter]"	PRJNA83439	Cocoa bean fermentation metagenome	A sample of a cocoa bean fermentation is sequenced and analyzed to understand the community diversity and metabolic capacity.    A sample of a cocoa pulp-bean mass fermentation was isolated after 30h of fermentation.  	2012/02/13 00:00	Metagenome	2	WGS	RANDOM	SINGLE	454 GS FLX Titanium		265150721	false	true	configured	Full screening decision is stored in config/datasets.yaml	true	https://www.ncbi.nlm.nih.gov/bioproject/PRJNA83439 | https://www.ebi.ac.uk/ena/browser/view/PRJNA83439	2026-10-07T03:04:06+00:00
ncbi_cacao_fermentation_sra_v1	"(cacao[All Fields] OR cocoa[All Fields] OR ""Theobroma cacao""[Organism]) AND ferment*[All Fields] AND ""bioproject sra""[Filter]"	PRJNA842267	Lab-scale cocoa fermentations and microbial cocktails	This work aimed to monitor the microbial shifts in cocoa fermentation comparing inoculated and non-inoculated lab-scale fermentations.	2022/05/25 00:00	Raw sequence reads	35	AMPLICON	RT-PCR	PAIRED	Illumina MiniSeq	Brazil: Ribeirao Preto	98960536	false	false	configured	Full screening decision is stored in config/datasets.yaml	true	https://www.ncbi.nlm.nih.gov/bioproject/PRJNA842267 | https://www.ebi.ac.uk/ena/browser/view/PRJNA842267	2026-10-07T03:04:06+00:00
ncbi_cacao_fermentation_sra_v1	"(cacao[All Fields] OR cocoa[All Fields] OR ""Theobroma cacao""[Organism]) AND ferment*[All Fields] AND ""bioproject sra""[Filter]"	PRJNA842340	Lab-scale cocoa fermentations and microbial cocktails - fungi cocktails	Deposit of ITS sequences from the bioproject PRJNA842267	2022/05/25 00:00	Raw sequence reads	35	AMPLICON	RT-PCR	PAIRED	Illumina MiniSeq	Brazil: Ribeirao Preto	102608747	false	false	configured	Full screening decision is stored in config/datasets.yaml	true	https://www.ncbi.nlm.nih.gov/bioproject/PRJNA842340 | https://www.ebi.ac.uk/ena/browser/view/PRJNA842340	2026-10-07T03:04:06+00:00
ncbi_cacao_fermentation_sra_v1	"(cacao[All Fields] OR cocoa[All Fields] OR ""Theobroma cacao""[Organism]) AND ferment*[All Fields] AND ""bioproject sra""[Filter]"	PRJNA865318	Cacao phyllosphere and ferment microbiomes in Hawaii	This descriptive study examines the phyllosphere microbiomes from cacao pods and how these microbes are carried forward onto fermentation. We focused the study on contrasting wet and dry environments in Hawaii, as well as the cacao genotypes grown in these environments.	2022/08/02 00:00	Raw sequence reads	63	AMPLICON	PCR	PAIRED	Illumina MiSeq	USA: Hawaii, Oahu	1336871164	true	true	configured	Full screening decision is stored in config/datasets.yaml	true	https://www.ncbi.nlm.nih.gov/bioproject/PRJNA865318 | https://www.ebi.ac.uk/ena/browser/view/PRJNA865318	2026-10-07T03:04:06+00:00
ncbi_cacao_fermentation_sra_v1	"(cacao[All Fields] OR cocoa[All Fields] OR ""Theobroma cacao""[Organism]) AND ferment*[All Fields] AND ""bioproject sra""[Filter]"	PRJNA935329	Mexican cocoa fermentation	Evolution of prokaryotic community associated with the fermentation process of cocoa beans in Tabasco (Mexico).	2023/02/15 00:00	Raw sequence reads	6	AMPLICON	PCR	PAIRED	Illumina MiSeq	Mexico: Cunduacan	119789569	false	false	configured	Full screening decision is stored in config/datasets.yaml	true	https://www.ncbi.nlm.nih.gov/bioproject/PRJNA935329 | https://www.ebi.ac.uk/ena/browser/view/PRJNA935329	2026-10-07T03:04:06+00:00
ncbi_cacao_fermentation_sra_v1	"(cacao[All Fields] OR cocoa[All Fields] OR ""Theobroma cacao""[Organism]) AND ferment*[All Fields] AND ""bioproject sra""[Filter]"	PRJNA935525	Mexican cocoa fermentation (Eukaryotic species)	Evolution of eukaryotic community associated with the fermentation process of cocoa beans in Tabasco (Mexico).	2023/02/16 00:00	Raw sequence reads	6	AMPLICON	PCR	PAIRED	Illumina MiSeq	Mexico: Cunduacan	59863303	false	false	configured	Full screening decision is stored in config/datasets.yaml	true	https://www.ncbi.nlm.nih.gov/bioproject/PRJNA935525 | https://www.ebi.ac.uk/ena/browser/view/PRJNA935525	2026-10-07T03:04:06+00:00
ncbi_cacao_fermentation_sra_v1	"(cacao[All Fields] OR cocoa[All Fields] OR ""Theobroma cacao""[Organism]) AND ferment*[All Fields] AND ""bioproject sra""[Filter]"	PRJNA962540	Cocoa Bean Fermentation Metagenome	Cacao fermentation is a crucial process in the production of chocolate flavor and aroma, followed by drying and roasting. This process is facilitated by environmental microbes that colonize and break down the cacao pulp, resulting in a diverse range of metabolic end-products. The fermentation process of cacao beans follows a predictable microbial succession, starting with yeast and bacteria from the Enterobacterales order, transitioning to the dominance of Lactic Acid Bacteria (LAB), and concluding with the prevalence of Acid Acetic Bacteria (AAB). Understanding this microbial succession is essential for achieving consistent and high-quality chocolate flavor and aroma. This data set corresponds to a metagenomic data, from Cocoa Fermentation in Colombia.	2023/04/27 00:00	Metagenome	11	AMPLICON; WGS	PCR; RANDOM	PAIRED	Illumina HiSeq 1500; Illumina MiSeq	Colombia: Agrosavia, Santander; Colombia: Santander	47286789609	true	true	configured	Full screening decision is stored in config/datasets.yaml	true	https://www.ncbi.nlm.nih.gov/bioproject/PRJNA962540 | https://www.ebi.ac.uk/ena/browser/view/PRJNA962540	2026-10-07T03:04:06+00:00
