study_id	bioproject	publication_title	doi	pmid	year	project_title	project_description	country	region	institution	cacao_species	cacao_variety	fermentation_type	fermentation_container	fermentation_duration_hours	season	amplicon_type	marker	region_16s	forward_primer	reverse_primer	sequencing_platform	sequencing_instrument	paired_end	total_runs	number_samples	estimated_fastq_bytes	raw_data_available	metadata_quality	include	exclusion_reason	source	retrieved_at_utc
pacheco_montealegre_2020_colombia	PRJNA492720	Fine Resolution Analysis of Microbial Communities Provides Insights Into the Variability of Cocoa Bean Fermentation	10.3389/fmicb.2020.00650	32351482	2020	High-Sensitive Detection and Dynamic of Microbiome during Cocoa Bean Fermentation	Monitoring of the fermentation microbiome was carried out on selected farms in three agroecological zones from Colombia. Valles-Interandinos-Secos (VISe), Montaña-Santandereana (MoSa) and Cafetera-Marginal-Baja (CaMab), during two periods of 2016. Cocoa beans were collected from the upper and intermediate zones of wooden boxes for 4-6 days. The microbial community composition at the 97% OTU-level was similar in all fermentation systems, and the dynamics and interactions of the OTUs of bacteria and fungi follow a predictable microbial succession.	Colombia	Antioquia; Santander	AGROSAVIA; Universidad de los Andes	Theobroma cacao	not reported in public run metadata	spontaneous	wooden box	event-specific: 108-144	dry; wet	16S rRNA and ITS; bacterial subset selected	16S rRNA	V4	modified 515F	modified 806R	ILLUMINA	Illumina MiSeq	true	292	94	730636532	true	high	true		https://www.ncbi.nlm.nih.gov/bioproject/PRJNA492720 | https://www.ebi.ac.uk/ena/browser/view/PRJNA492720 | https://doi.org/10.3389/fmicb.2020.00650	2026-08-19T22:40:41+00:00
hawaii_phyllosphere_ferment_2022	PRJNA865318				2022	Cacao phyllosphere and ferment microbiomes in Hawaii	This descriptive study examines the phyllosphere microbiomes from cacao pods and how these microbes are carried forward onto fermentation. We focused the study on contrasting wet and dry environments in Hawaii, as well as the cacao genotypes grown in these environments.	United States	Hawaii, Oahu	University of Hawai'i at Manoa	Theobroma cacao	multiple genotypes; run-level mapping incomplete	spontaneous; requires publication verification	not reported in public run metadata	unknown	not reported	16S rRNA and ITS	16S rRNA candidate subset	unknown	unknown	unknown	ILLUMINA	Illumina MiSeq	true	63	21	1336871164	true	medium-low	pending	Public fermentation-bacteria runs exist, but temporal metadata is limited or ambiguous and no linked paper was verified.	https://www.ncbi.nlm.nih.gov/bioproject/PRJNA865318 | https://www.ebi.ac.uk/ena/browser/view/PRJNA865318	2026-08-19T22:40:41+00:00
gopaulchan_2025_defined_community	PRJNA1104253	A defined microbial community reproduces attributes of fine flavour chocolate fermentation	10.1038/s41564-025-02077-6	40825855	2025	A defined microbial community reproduces attributes of fine flavour chocolate fermentation	The production of chocolate relies on the metabolic activities of microbial communities within cocoa beans, transforming them into essential precursors for chocolate. Cocoa fermentation is a spontaneous process involving both abiotic and biotic factors, leading to the production of key metabolites crucial for chocolate flavour. Unfermented cocoa beans lack chocolate flavour and are bitter; thus, fermentation is vital for enhancing aroma and taste. Unlike other fermented foods, cocoa fermentation occurs spontaneously, with microbial communities assembling from the environment, leading to variations across geographical locations and influencing chocolate quality. While various studies have analysed microbial populations in fermenting cocoa beans, our understanding of microbial community dynamics and interactions during fermentation remains limited. This knowledge gap hampers optimization of cocoa bean fermentation, hindering its industrial potential. The objects of this project were to gain an understanding of the microbial cocoa fermentation dynamics towards chocolate flavour development and unlock this process for industrial scale application.	Colombia; Trinidad and Tobago	multiple	University of Nottingham and collaborators	Theobroma cacao	multiple; run-level mapping pending	mixed on-farm spontaneous and controlled inoculation	wooden boxes on farm; controlled in vitro experiments also present	96 for candidate in vitro 16S subset	multiple; mapping pending	mixed 16S rRNA, ITS and WGS	16S rRNA candidate subset	unknown in current inventory	unknown in current inventory	unknown in current inventory	ILLUMINA; OXFORD_NANOPORE	Illumina MiSeq; MinION	mixed	473	16	108995646185	true	medium	pending	High-confidence 16S-labelled runs are controlled in vitro fermentations; non-inoculated controls may support sensitivity analyses but are not yet accepted as primary spontaneous on-farm evidence.	https://www.ncbi.nlm.nih.gov/bioproject/PRJNA1104253 | https://www.ebi.ac.uk/ena/browser/view/PRJNA1104253 | https://doi.org/10.1038/s41564-025-02077-6	2026-08-19T22:40:41+00:00
procad_biocau_2019_shotgun	PRJNA552479				2019	PROCAD BIOCAU Cocoa bean fermentation metagenomics	The fermentation of cocoa beans are a crucial step in the production of chocolate. Samples were collected in the periods of 0, 24, 48, 72, 96, 120 and 144 h during the fermentation. The goal is to identify key organisms and pathways in the fermentation process of cocoa beans.	Brazil	Bahia	PROCAD BIOCAU; Universidade Federal de Minas Gerais	Theobroma cacao	unknown	spontaneous	unknown	144	unknown	none; whole-metagenome shotgun	not applicable	not applicable	not applicable	not applicable	ILLUMINA	HiSeq X Ten	true	14	0	54023482781	true	medium	false	ENA reports WGS, RANDOM selection and HiSeq X Ten; outside Phase I bacterial 16S amplicon scope.	https://www.ncbi.nlm.nih.gov/bioproject/PRJNA552479 | https://www.ebi.ac.uk/ena/browser/view/PRJNA552479	2026-08-19T22:40:41+00:00
ecuador_cacao_wgs_2025	PRJNA1257864				2025	Cacao fermentation microbiome	Cacao fermentation is a spontaneous process in which microorganisms play a key role in the development of distinctive chocolate flavors. The microbiota acting during cacao fermentation has been routinely characterized by cultured based techniques and next generation sequencing (NGS) using the Illumina platform. However, the potential of in situ sequencing technologies to monitor the microbial dynamics during cacao fermentation has not been assessed. Samples of cacao beans were taken at 0, 24, 48, 72, and 96 hours after the start of the fermentation. Total DNA was extracted, and sequencing libraries were prepared for further sequencing using Illumina and Nanopore MinION sequencing platforms. This is the first study assessing the applicability of MinION sequencing for the characterization of microbial populations during cacao fermentation.	Ecuador	Milagro	Escuela Superior Politecnica del Litoral	Theobroma cacao	unknown	spontaneous	unknown	96	unknown	none reported; WGS on Illumina and MinION	not applicable	not applicable	not applicable	not applicable	ILLUMINA; OXFORD_NANOPORE	Illumina MiSeq; MinION	false	10	0	1057955610	true	medium	false	All public runs are ENA WGS/SINGLE; no bacterial 16S amplicon runs were identified.	https://www.ncbi.nlm.nih.gov/bioproject/PRJNA1257864 | https://www.ebi.ac.uk/ena/browser/view/PRJNA1257864	2026-08-19T22:40:41+00:00
colombia_routes_wgs_2025	PRJNA1264670				2025	Metagenomics Analysis of Shotgun Sequencing from Two Fermentation and Drying Routes of Cocoa (Theobroma cacao L.) in Colombia: Exploring Microbial Composition and Metabolic Pathways	Exploring Microbial Composition and Metabolic Pathways	Colombia	not reported in public run metadata	Universidad Pedagogica y Tecnologica de Colombia	Theobroma cacao	unknown	two fermentation and drying routes	unknown	unknown	unknown	none; whole-metagenome shotgun	not applicable	not applicable	not applicable	not applicable	ILLUMINA	Illumina HiSeq 4000	true	9	0	49585235575	true	medium-low	false	All public runs are paired-end WGS with RANDOM selection; outside Phase I bacterial 16S amplicon scope.	https://www.ncbi.nlm.nih.gov/bioproject/PRJNA1264670 | https://www.ebi.ac.uk/ena/browser/view/PRJNA1264670	2026-08-19T22:40:41+00:00
mota_gutierrez_2021_mexico	PRJNA627078	Influence of Taxonomic and Functional Content of Microbial Communities on the Quality of Fermented Cocoa Pulp-Bean Mass	10.1128/AEM.00425-21	33990301	2021	Microbiota and Mycobiota composition during the fermentation of Criollo and Forastero cocoa varieties in Mexico	Microbiota and Mycobiota composition during the fermentation of Criollo and Forastero cocoa varieties in Mexico	Mexico	Comalcalco, Tabasco	Tecnologico Nacional de Mexico; University of Turin	Theobroma cacao	Criollo; Forastero	spontaneous; traditional on-farm	wooden box	120	February 2018; end of main crop season	16S rRNA and 26S rRNA; bacterial subset selected	16S rRNA	V3-V4	CCTACGGGNGGCWGCAG	GACTACHVGGGTATCTAATCC	ILLUMINA	Illumina MiSeq	true	132	60	3044237632	true	high	true		https://www.ncbi.nlm.nih.gov/bioproject/PRJNA627078 | https://www.ebi.ac.uk/ena/browser/view/PRJNA627078 | https://doi.org/10.1128/AEM.00425-21	2026-08-19T22:40:41+00:00
diaz_munoz_2023_costa_rica_cr2018	PRJEB53853	An in-depth multiphasic analysis of the chocolate production chain, from bean to bar, demonstrates the superiority of Saccharomyces cerevisiae over Hanseniaspora opuntiae as functional starter culture during cocoa fermentation	10.1016/j.fm.2022.104115	36309429	2023	Starter culture-initiated cocoa fermentations followed up trough metagenetics	Hanseniaspora opuntiae is one of the most commonly found yeast species in naturally fermenting cocoa pulp-bean mass. However, its behaviour has not been explored during spontaneous nor starter culture-initiated cocoa fermentation processes. Therefore, the present study aimed at examining the effects of the cocoa isolate H. opuntiae IMDO 040108 as the sole inoculated yeast strain as well as in combination with a well-performing yeast strain of cocoa origin (Saccharomyces cerevisiae IMDO 050523), both in the presence of the lactic acid bacteria strain Limosilactobacillus fermentum IMDO 0611222 and the acetic acid bacteria strain Acetobacter pasteurianus IMDO 0506386. Those effects encompassed the microbial community, substrate consumption, and metabolite production dynamics, including volatile organic compound (VOC) and phytochemical compositions, as well as the compositions of the cocoa beans after fermentation, the cocoa liquors, and the chocolates produced thereof. All starter culture strains applied could be successfully monitored during fermentation by an amplicon sequence variant approach. It turned out that the inoculated H. opuntiae strain was unable to prevail over the background yeasts present in the fermenting cocoa pulp-bean mass. It led to under-fermented cocoa beans after four days of fermentation, which was reflected in higher levels of catechin, epicatechin, and proanthocyanidins. Oppositely, the spontaneous fermentation process, during which background Hanseniaspora species were predominant, yielded successfully cured cocoa beans. Cocoa fermentation processes inoculated with the S. cerevisiae strain enhanced the flavour production during the fermentation and drying steps, which was, in turn, reflected in the richer and more reproducible aroma profiles of the cocoa liquors and chocolates produced thereof. Finally, the sensory analysis of the cocoa liquors and chocolates produced demonstrated that the use of a starter culture comprising S. cerevisiae led to more acidic notes compared to those from cured cocoa beans obtained by spontaneous fermentation processes, as a result of an advanced fermentation degree. Further, different VOC profiles were found in the cocoa beans throughout the whole chocolate production chain, depending on the fermentation process, but no significant differences were found regarding fruitiness in the cocoa liquors and chocolates produced.	Costa Rica		Vrije Universiteit Brussel and collaborators	Theobroma cacao		mixed spontaneous and starter culture-initiated		96		bacterial 16S V4 and fungal ITS1 in mixed project	16S rRNA and ITS1; run-level marker unresolved	V4			ILLUMINA	Illumina MiSeq	true	60	0	3496656738	true	medium	pending	The linked paper compares spontaneous and inoculated fermentations, but deposited run descriptions do not yet map each run unambiguously to marker and treatment; no run is promoted until that mapping is verified.	https://www.ncbi.nlm.nih.gov/bioproject/PRJEB53853 | https://www.ebi.ac.uk/ena/browser/view/PRJEB53853 | https://doi.org/10.1016/j.fm.2022.104115 | https://researchportal.vub.be/en/datasets/starter-culture-initiated-cocoa-fermentations-followed-up-trough-/	2026-08-19T22:40:41+00:00
ecuador_nacional_starter_comparison_2026	PRJEB82327				2026	The Ecuadorian Nacional cocoa variety may outshine the use of starter cultures	Nacional cocoa is an established fine cocoa variety from Ecuador, known for its qualitative flavour characteristics. However, non-standardized farm practices mask the full potential of cured Nacional cocoa beans. An in-depth investigation of the effect of a starter culture to perform Nacional cocoa fermentation processes (CFPs) was lacking and may bring a solution. Therefore, the present study aimed to assess the influence of the addition of starter culture mixtures composed of yeast and bacterial strains on the microbial community and metabolite dynamics during fermentation of the cocoa pulp-bean mass and drying of the resulting cocoa beans. Two spontaneous and four starter culture-initiated (SCI) CFPs were performed in large, four-stage wooden boxes that were sampled at top, middle, and bottom locations. The yeast strains Saccharomyces cerevisiae IMDO 050523 and/or Pichia kudriavzevii IMDO 060005 were combined with the lactic acid bacterium strain Limosilactobacillus fermentum IMDO 0611222 and the acetic acid bacterium strain Acetobacter pasteurianus IMDO 0506386. An amplicon sequence variant approach based on sequencing of the full-length 16S rRNA gene allowed to confirm the successful inoculation of the bacterial strains. Similarly, sequencing of the internal transcribed spacer (ITS1) region confirmed the successful inoculation of the yeast strains.	Ecuador			Theobroma cacao	Nacional	mixed spontaneous and starter culture-initiated; spontaneous negative-control subset selected	large four-stage wooden boxes	96		full-length bacterial 16S rRNA and fungal ITS1; PacBio 16S subset selected	full-length 16S rRNA candidate subset	full-length			ILLUMINA; PACBIO_SMRT	Illumina MiSeq; Sequel IIe	mixed	369	48	6091809825	true	medium-high	pending	ENA identifies 48 longitudinal PacBio full-length 16S runs from two spontaneous negative-control fermentations, but no linked paper or primer sequences were verified as of the retrieval date.	https://www.ncbi.nlm.nih.gov/bioproject/PRJEB82327 | https://www.ebi.ac.uk/ena/browser/view/PRJEB82327	2026-08-19T22:40:41+00:00
ecuador_ccn51_starter_comparison_2026	PRJEB82871				2026	Low-quality cocoa can overrule the effect of starter culture addition	Colleccíon Castro Naranjal 51 (CCN-51) cocoa finds its origin in Ecuadorian breeding experiments as a response to the cocoa crop disease paradigm. However, CCN-51 is not the best choice because of its limited flavour characteristics, although non-standardized farm practices could be part of the pitfall in fulfilling good quality outcomes with this cocoa variety. Nonetheless, an in-depth investigation of the effect of a starter culture to perform CCN-51 cocoa fermentation processes (CFPs) was not available and may bring a solution to produce cured cocoa beans of desired quality. Therefore, the present study aimed to assess the influence of the addition of functional starter culture mixtures composed of yeast strains (Saccharomyces cerevisiae IMDO 050523 and/or Pichia kudriavzevii IMDO 060005) and bacterial strains (the lactic acid bacterium strain Limosilactobacillus fermentum IMDO 0611222 and the acetic acid bacterium strain Acetobacter pasteurianus IMDO 0506386) on the microbial community and metabolite dynamics during spontaneous (two processes) and starter culture-initiated (four processes) fermentation of the cocoa pulp-bean mass in wooden boxes and drying of the cocoa beans. An amplicon sequence variant approach based on sequencing of the full-length 16S rRNA gene allowed to confirm the successful inoculation of the bacterial strains. Similarly, sequencing of the internal transcribed spacer (ITS1) region confirmed the successful inoculation of the yeast strains. Whereas the consumption of the substrates was accelerated during the SCI CFPs compared to that of the spontaneous CFPs, all CFPs also resulted in rich VOC profiles of the cocoa pulp and beans, which were represented by alcohols, aldehydes, esters, ketones, and pyrazines (solely cocoa beans). However, the effect of the CFP type faded away during cocoa curing, as no significant effect on the VOC profiles could be distinguished in the drying cocoa beans.	Ecuador			Theobroma cacao	CCN-51	mixed spontaneous and starter culture-initiated; spontaneous negative-control subset selected	wooden boxes	96		full-length bacterial 16S rRNA and fungal ITS1; PacBio 16S subset selected	full-length 16S rRNA candidate subset	full-length			ILLUMINA; PACBIO_SMRT	Illumina MiSeq; Sequel IIe	mixed	140	16	3680132919	true	medium-high	pending	ENA identifies 16 longitudinal PacBio full-length 16S runs from two spontaneous negative-control fermentations, but no linked paper or primer sequences were verified as of the retrieval date.	https://www.ncbi.nlm.nih.gov/bioproject/PRJEB82871 | https://www.ebi.ac.uk/ena/browser/view/PRJEB82871	2026-08-19T22:40:41+00:00
colombia_santander_mixed_metagenome_2023	PRJNA962540				2023	Cocoa Bean Fermentation Metagenome	Cacao fermentation is a crucial process in the production of chocolate flavor and aroma, followed by drying and roasting. This process is facilitated by environmental microbes that colonize and break down the cacao pulp, resulting in a diverse range of metabolic end-products. The fermentation process of cacao beans follows a predictable microbial succession, starting with yeast and bacteria from the Enterobacterales order, transitioning to the dominance of Lactic Acid Bacteria (LAB), and concluding with the prevalence of Acid Acetic Bacteria (AAB). Understanding this microbial succession is essential for achieving consistent and high-quality chocolate flavor and aroma. This data set corresponds to a metagenomic data, from Cocoa Fermentation in Colombia.	Colombia	Santander	AGROSAVIA	Theobroma cacao		spontaneous				seven bacterial amplicon runs plus four WGS runs	bacterial amplicon unspecified				ILLUMINA	Illumina HiSeq 1500; Illumina MiSeq	true	11	0	47286789609	true	low	false	All seven amplicon runs reference one BioSample without identifiable timepoints; the only timed samples are WGS at 24 and 48 hours, so the project lacks a three-timepoint bacterial 16S series.	https://www.ncbi.nlm.nih.gov/bioproject/PRJNA962540 | https://www.ebi.ac.uk/ena/browser/view/PRJNA962540	2026-08-19T22:40:41+00:00
