pseudocount	study_id	sample_id_1	sample_id_2	distance
1	pacheco_montealegre_2020_colombia	BactAnI000z1	BactAnI000z1	0
1	pacheco_montealegre_2020_colombia	BactAnII000z2	BactAnI000z1	16.0609652865273
1	pacheco_montealegre_2020_colombia	BactSaI036z2	BactAnI000z1	24.5874016316608
1	pacheco_montealegre_2020_colombia	BactSaII048z1	BactAnI000z1	28.0362866095356
1	pacheco_montealegre_2020_colombia	BactSaI072z1	BactAnI000z1	20.6676038864775
1	pacheco_montealegre_2020_colombia	BactAnI096z2	BactAnI000z1	16.5163369311633
1	pacheco_montealegre_2020_colombia	BactAnI000z1	BactAnII000z2	16.0609652865273
1	pacheco_montealegre_2020_colombia	BactAnII000z2	BactAnII000z2	0
1	pacheco_montealegre_2020_colombia	BactSaI036z2	BactAnII000z2	26.7891181887105
1	pacheco_montealegre_2020_colombia	BactSaII048z1	BactAnII000z2	29.9719587377682
1	pacheco_montealegre_2020_colombia	BactSaI072z1	BactAnII000z2	22.850967572014
1	pacheco_montealegre_2020_colombia	BactAnI096z2	BactAnII000z2	18.8390791279633
1	pacheco_montealegre_2020_colombia	BactAnI000z1	BactSaI036z2	24.5874016316608
1	pacheco_montealegre_2020_colombia	BactAnII000z2	BactSaI036z2	26.7891181887105
1	pacheco_montealegre_2020_colombia	BactSaI036z2	BactSaI036z2	0
1	pacheco_montealegre_2020_colombia	BactSaII048z1	BactSaI036z2	36.7736933729617
1	pacheco_montealegre_2020_colombia	BactSaI072z1	BactSaI036z2	22.7878814822193
1	pacheco_montealegre_2020_colombia	BactAnI096z2	BactSaI036z2	22.7739257953262
1	pacheco_montealegre_2020_colombia	BactAnI000z1	BactSaII048z1	28.0362866095356
1	pacheco_montealegre_2020_colombia	BactAnII000z2	BactSaII048z1	29.9719587377682
1	pacheco_montealegre_2020_colombia	BactSaI036z2	BactSaII048z1	36.7736933729617
1	pacheco_montealegre_2020_colombia	BactSaII048z1	BactSaII048z1	0
1	pacheco_montealegre_2020_colombia	BactSaI072z1	BactSaII048z1	31.9159212963164
1	pacheco_montealegre_2020_colombia	BactAnI096z2	BactSaII048z1	26.9098509167734
1	pacheco_montealegre_2020_colombia	BactAnI000z1	BactSaI072z1	20.6676038864775
1	pacheco_montealegre_2020_colombia	BactAnII000z2	BactSaI072z1	22.850967572014
1	pacheco_montealegre_2020_colombia	BactSaI036z2	BactSaI072z1	22.7878814822193
1	pacheco_montealegre_2020_colombia	BactSaII048z1	BactSaI072z1	31.9159212963164
1	pacheco_montealegre_2020_colombia	BactSaI072z1	BactSaI072z1	0
1	pacheco_montealegre_2020_colombia	BactAnI096z2	BactSaI072z1	18.8842666186316
1	pacheco_montealegre_2020_colombia	BactAnI000z1	BactAnI096z2	16.5163369311633
1	pacheco_montealegre_2020_colombia	BactAnII000z2	BactAnI096z2	18.8390791279633
1	pacheco_montealegre_2020_colombia	BactSaI036z2	BactAnI096z2	22.7739257953262
1	pacheco_montealegre_2020_colombia	BactSaII048z1	BactAnI096z2	26.9098509167734
1	pacheco_montealegre_2020_colombia	BactSaI072z1	BactAnI096z2	18.8842666186316
1	pacheco_montealegre_2020_colombia	BactAnI096z2	BactAnI096z2	0
0.5	pacheco_montealegre_2020_colombia	BactAnI000z1	BactAnI000z1	0
0.5	pacheco_montealegre_2020_colombia	BactAnII000z2	BactAnI000z1	18.2764347820247
0.5	pacheco_montealegre_2020_colombia	BactSaI036z2	BactAnI000z1	27.7020053595811
0.5	pacheco_montealegre_2020_colombia	BactSaII048z1	BactAnI000z1	31.4403096823035
0.5	pacheco_montealegre_2020_colombia	BactSaI072z1	BactAnI000z1	23.1345439373525
0.5	pacheco_montealegre_2020_colombia	BactAnI096z2	BactAnI000z1	18.1892602934022
0.5	pacheco_montealegre_2020_colombia	BactAnI000z1	BactAnII000z2	18.2764347820247
0.5	pacheco_montealegre_2020_colombia	BactAnII000z2	BactAnII000z2	0
0.5	pacheco_montealegre_2020_colombia	BactSaI036z2	BactAnII000z2	30.2062282945516
0.5	pacheco_montealegre_2020_colombia	BactSaII048z1	BactAnII000z2	33.8220208726656
0.5	pacheco_montealegre_2020_colombia	BactSaI072z1	BactAnII000z2	25.6107199341654
0.5	pacheco_montealegre_2020_colombia	BactAnI096z2	BactAnII000z2	20.8370930754973
0.5	pacheco_montealegre_2020_colombia	BactAnI000z1	BactSaI036z2	27.7020053595811
0.5	pacheco_montealegre_2020_colombia	BactAnII000z2	BactSaI036z2	30.2062282945516
0.5	pacheco_montealegre_2020_colombia	BactSaI036z2	BactSaI036z2	0
0.5	pacheco_montealegre_2020_colombia	BactSaII048z1	BactSaI036z2	41.6874243401802
0.5	pacheco_montealegre_2020_colombia	BactSaI072z1	BactSaI036z2	26.3235511916038
0.5	pacheco_montealegre_2020_colombia	BactAnI096z2	BactSaI036z2	25.5541242502357
0.5	pacheco_montealegre_2020_colombia	BactAnI000z1	BactSaII048z1	31.4403096823035
0.5	pacheco_montealegre_2020_colombia	BactAnII000z2	BactSaII048z1	33.8220208726656
0.5	pacheco_montealegre_2020_colombia	BactSaI036z2	BactSaII048z1	41.6874243401802
0.5	pacheco_montealegre_2020_colombia	BactSaII048z1	BactSaII048z1	0
0.5	pacheco_montealegre_2020_colombia	BactSaI072z1	BactSaII048z1	36.0118682893822
0.5	pacheco_montealegre_2020_colombia	BactAnI096z2	BactSaII048z1	30.0812656188162
0.5	pacheco_montealegre_2020_colombia	BactAnI000z1	BactSaI072z1	23.1345439373525
0.5	pacheco_montealegre_2020_colombia	BactAnII000z2	BactSaI072z1	25.6107199341654
0.5	pacheco_montealegre_2020_colombia	BactSaI036z2	BactSaI072z1	26.3235511916038
0.5	pacheco_montealegre_2020_colombia	BactSaII048z1	BactSaI072z1	36.0118682893822
0.5	pacheco_montealegre_2020_colombia	BactSaI072z1	BactSaI072z1	0
0.5	pacheco_montealegre_2020_colombia	BactAnI096z2	BactSaI072z1	21.0042690680868
0.5	pacheco_montealegre_2020_colombia	BactAnI000z1	BactAnI096z2	18.1892602934022
0.5	pacheco_montealegre_2020_colombia	BactAnII000z2	BactAnI096z2	20.8370930754973
0.5	pacheco_montealegre_2020_colombia	BactSaI036z2	BactAnI096z2	25.5541242502357
0.5	pacheco_montealegre_2020_colombia	BactSaII048z1	BactAnI096z2	30.0812656188162
0.5	pacheco_montealegre_2020_colombia	BactSaI072z1	BactAnI096z2	21.0042690680868
0.5	pacheco_montealegre_2020_colombia	BactAnI096z2	BactAnI096z2	0
