study_id	sample_id_1	sample_id_2	distance
pacheco_montealegre_2020_colombia	BactAnI000z1	BactAnI000z1	0
pacheco_montealegre_2020_colombia	BactAnII000z2	BactAnI000z1	0.303749819024178
pacheco_montealegre_2020_colombia	BactSaI036z2	BactAnI000z1	1
pacheco_montealegre_2020_colombia	BactSaII048z1	BactAnI000z1	0.997837837837838
pacheco_montealegre_2020_colombia	BactSaI072z1	BactAnI000z1	1
pacheco_montealegre_2020_colombia	BactAnI096z2	BactAnI000z1	1
pacheco_montealegre_2020_colombia	BactAnI000z1	BactAnII000z2	0.303749819024178
pacheco_montealegre_2020_colombia	BactAnII000z2	BactAnII000z2	0
pacheco_montealegre_2020_colombia	BactSaI036z2	BactAnII000z2	1
pacheco_montealegre_2020_colombia	BactSaII048z1	BactAnII000z2	0.981677460116885
pacheco_montealegre_2020_colombia	BactSaI072z1	BactAnII000z2	1
pacheco_montealegre_2020_colombia	BactAnI096z2	BactAnII000z2	1
pacheco_montealegre_2020_colombia	BactAnI000z1	BactSaI036z2	1
pacheco_montealegre_2020_colombia	BactAnII000z2	BactSaI036z2	1
pacheco_montealegre_2020_colombia	BactSaI036z2	BactSaI036z2	0
pacheco_montealegre_2020_colombia	BactSaII048z1	BactSaI036z2	0.998904349731566
pacheco_montealegre_2020_colombia	BactSaI072z1	BactSaI036z2	0.0602607647638874
pacheco_montealegre_2020_colombia	BactAnI096z2	BactSaI036z2	1
pacheco_montealegre_2020_colombia	BactAnI000z1	BactSaII048z1	0.997837837837838
pacheco_montealegre_2020_colombia	BactAnII000z2	BactSaII048z1	0.981677460116885
pacheco_montealegre_2020_colombia	BactSaI036z2	BactSaII048z1	0.998904349731566
pacheco_montealegre_2020_colombia	BactSaII048z1	BactSaII048z1	0
pacheco_montealegre_2020_colombia	BactSaI072z1	BactSaII048z1	1
pacheco_montealegre_2020_colombia	BactAnI096z2	BactSaII048z1	1
pacheco_montealegre_2020_colombia	BactAnI000z1	BactSaI072z1	1
pacheco_montealegre_2020_colombia	BactAnII000z2	BactSaI072z1	1
pacheco_montealegre_2020_colombia	BactSaI036z2	BactSaI072z1	0.0602607647638874
pacheco_montealegre_2020_colombia	BactSaII048z1	BactSaI072z1	1
pacheco_montealegre_2020_colombia	BactSaI072z1	BactSaI072z1	0
pacheco_montealegre_2020_colombia	BactAnI096z2	BactSaI072z1	1
pacheco_montealegre_2020_colombia	BactAnI000z1	BactAnI096z2	1
pacheco_montealegre_2020_colombia	BactAnII000z2	BactAnI096z2	1
pacheco_montealegre_2020_colombia	BactSaI036z2	BactAnI096z2	1
pacheco_montealegre_2020_colombia	BactSaII048z1	BactAnI096z2	1
pacheco_montealegre_2020_colombia	BactSaI072z1	BactAnI096z2	1
pacheco_montealegre_2020_colombia	BactAnI096z2	BactAnI096z2	0
