study_id	pseudocount	sample_id	axis	score
pacheco_montealegre_2020_colombia	1	BactAnI000z1	1	0.427422852508259
pacheco_montealegre_2020_colombia	1	BactAnII000z2	1	0.625289322270198
pacheco_montealegre_2020_colombia	1	BactSaI036z2	1	13.9952023376894
pacheco_montealegre_2020_colombia	1	BactSaII048z1	1	-22.0697387339049
pacheco_montealegre_2020_colombia	1	BactSaI072z1	1	6.40156302013278
pacheco_montealegre_2020_colombia	1	BactAnI096z2	1	0.620261201304218
pacheco_montealegre_2020_colombia	1	BactAnI000z1	2	6.96896441609836
pacheco_montealegre_2020_colombia	1	BactAnII000z2	2	11.7775898850759
pacheco_montealegre_2020_colombia	1	BactSaI036z2	2	-10.376450193869
pacheco_montealegre_2020_colombia	1	BactSaII048z1	2	-6.7716211340807
pacheco_montealegre_2020_colombia	1	BactSaI072z1	2	-2.34878034865926
pacheco_montealegre_2020_colombia	1	BactAnI096z2	2	0.75029737543472
pacheco_montealegre_2020_colombia	1	BactAnI000z1	3	-1.81322958706448
pacheco_montealegre_2020_colombia	1	BactAnII000z2	3	-3.50990390686894
pacheco_montealegre_2020_colombia	1	BactSaI036z2	3	-7.28099663501879
pacheco_montealegre_2020_colombia	1	BactSaII048z1	3	-1.06635392872623
pacheco_montealegre_2020_colombia	1	BactSaI072z1	3	12.6018881454132
pacheco_montealegre_2020_colombia	1	BactAnI096z2	3	1.06859591226519
pacheco_montealegre_2020_colombia	1	BactAnI000z1	4	1.89265971001888
pacheco_montealegre_2020_colombia	1	BactAnII000z2	4	-4.91511804014465
pacheco_montealegre_2020_colombia	1	BactSaI036z2	4	-1.72983914421978
pacheco_montealegre_2020_colombia	1	BactSaII048z1	4	-1.81836497604678
pacheco_montealegre_2020_colombia	1	BactSaI072z1	4	-3.06721804770711
pacheco_montealegre_2020_colombia	1	BactAnI096z2	4	9.63788049809945
pacheco_montealegre_2020_colombia	1	BactAnI000z1	5	8.75177953583822
pacheco_montealegre_2020_colombia	1	BactAnII000z2	5	-4.87055632300674
pacheco_montealegre_2020_colombia	1	BactSaI036z2	5	0.00116262005623198
pacheco_montealegre_2020_colombia	1	BactSaII048z1	5	-0.0105186030889834
pacheco_montealegre_2020_colombia	1	BactSaI072z1	5	0.252183924753629
pacheco_montealegre_2020_colombia	1	BactAnI096z2	5	-4.12405115455236
pacheco_montealegre_2020_colombia	0.5	BactAnI000z1	1	0.452274147413854
pacheco_montealegre_2020_colombia	0.5	BactAnII000z2	1	0.879546773771977
pacheco_montealegre_2020_colombia	0.5	BactSaI036z2	1	15.9984663746833
pacheco_montealegre_2020_colombia	0.5	BactSaII048z1	1	-24.909215636278
pacheco_montealegre_2020_colombia	0.5	BactSaI072z1	1	6.92267074451936
pacheco_montealegre_2020_colombia	0.5	BactAnI096z2	1	0.656257595889514
pacheco_montealegre_2020_colombia	0.5	BactAnI000z1	2	7.30861924468285
pacheco_montealegre_2020_colombia	0.5	BactAnII000z2	2	13.021154289116
pacheco_montealegre_2020_colombia	0.5	BactSaI036z2	2	-12.2035361217999
pacheco_montealegre_2020_colombia	0.5	BactSaII048z1	2	-7.59802895492478
pacheco_montealegre_2020_colombia	0.5	BactSaI072z1	2	-1.34600961080473
pacheco_montealegre_2020_colombia	0.5	BactAnI096z2	2	0.817801153730594
pacheco_montealegre_2020_colombia	0.5	BactAnI000z1	3	-2.41090636940477
pacheco_montealegre_2020_colombia	0.5	BactAnII000z2	3	-4.77199535421795
pacheco_montealegre_2020_colombia	0.5	BactSaI036z2	3	-7.50574470517447
pacheco_montealegre_2020_colombia	0.5	BactSaII048z1	3	-0.934235302751887
pacheco_montealegre_2020_colombia	0.5	BactSaI072z1	3	14.6565957953897
pacheco_montealegre_2020_colombia	0.5	BactAnI096z2	3	0.966285936159357
pacheco_montealegre_2020_colombia	0.5	BactAnI000z1	4	5.04295534432982
pacheco_montealegre_2020_colombia	0.5	BactAnII000z2	4	-6.7173609011371
pacheco_montealegre_2020_colombia	0.5	BactSaI036z2	4	-1.96143159441173
pacheco_montealegre_2020_colombia	0.5	BactSaII048z1	4	-2.02771216406394
pacheco_montealegre_2020_colombia	0.5	BactSaI072z1	4	-3.06684767753182
pacheco_montealegre_2020_colombia	0.5	BactAnI096z2	4	8.73039699281478
pacheco_montealegre_2020_colombia	0.5	BactAnI000z1	5	-8.90012091008477
pacheco_montealegre_2020_colombia	0.5	BactAnII000z2	5	3.64311114640255
pacheco_montealegre_2020_colombia	0.5	BactSaI036z2	5	-0.535075358861476
pacheco_montealegre_2020_colombia	0.5	BactSaII048z1	5	-0.479619032486844
pacheco_montealegre_2020_colombia	0.5	BactSaI072z1	5	-1.0662230781902
pacheco_montealegre_2020_colombia	0.5	BactAnI096z2	5	7.33792723322075
