study_id	pseudocount	axis	variance	explained_fraction
pacheco_montealegre_2020_colombia	1	1	144.97549326913	0.466101905718047
pacheco_montealegre_2020_colombia	1	2	69.3766750442184	0.223048735488437
pacheco_montealegre_2020_colombia	1	3	45.9413463449083	0.147703233144813
pacheco_montealegre_2020_colombia	1	4	27.2671815650597	0.0876650598280152
pacheco_montealegre_2020_colombia	1	5	23.4774941178926	0.0754810658206881
pacheco_montealegre_2020_colombia	0.5	1	185.150429731466	0.469562734452315
pacheco_montealegre_2020_colombia	0.5	2	86.4206505520168	0.219172685935476
pacheco_montealegre_2020_colombia	0.5	3	60.3085834365464	0.152949487562532
pacheco_montealegre_2020_colombia	0.5	4	32.8277105860423	0.083254840785128
pacheco_montealegre_2020_colombia	0.5	5	29.5965517655326	0.0750602512645487
