component	version	validation	platform
Python	3.12.13	runtime loaded	linux-64 (WSL2)
FastQC	FastQC v0.12.1	CLI smoke test passed	linux-64 (WSL2)
MultiQC	multiqc, version 1.25.1	CLI smoke test passed	linux-64 (WSL2)
Cutadapt	5.0	CLI smoke test passed	linux-64 (WSL2)
Snakemake	8.30.0	CLI smoke test passed	linux-64 (WSL2)
R	"R version 4.4.3 (2025-02-28) -- ""Trophy Case"""	runtime loaded	linux-64 (WSL2)
RcppParallel	5.1.9	R package loaded	linux-64 (WSL2)
dada2	1.34.0	R package loaded	linux-64 (WSL2)
phyloseq	1.50.0	R package loaded	linux-64 (WSL2)
CVXR	1.0.15	R package loaded	linux-64 (WSL2)
Matrix	1.6.5	R package loaded	linux-64 (WSL2)
lme4	1.1.35.5	R package loaded	linux-64 (WSL2)
reformulas	0.4.4	R package loaded	linux-64 (WSL2)
lmerTest	3.2.1	R package loaded	linux-64 (WSL2)
ANCOMBC	2.8.0	R package loaded	linux-64 (WSL2)
vegan	2.6.8	R package loaded	linux-64 (WSL2)
metafor	4.6.0	R package loaded	linux-64 (WSL2)
yaml	2.3.10	R package loaded	linux-64 (WSL2)
