pilot_order	study_id	bioproject	sample_id	run_accession	fermentation_stage	fermentation_hours	relative_time	fermentation_batch	sampling_stratum	library_layout	sequencing_platform	sequencing_instrument	fastq_ftp	fastq_md5	fastq_bytes	estimated_bytes_total	selection_reason	biosample	sample_alias	country	location	fermentation_duration_hours	season	cacao_variety	replicate	marker	region_16s	time_source	analysis_include	exclusion_reason	notes	source_fastq_ftp	source_fastq_md5	source_fastq_bytes
1	pacheco_montealegre_2020_colombia	PRJNA492720	BactAnI000z1	SRR7899728	early	0	0	pacheco_montealegre_2020_colombia::An::I	1	PAIRED	ILLUMINA	Illumina MiSeq	https://ftp.sra.ebi.ac.uk/vol1/fastq/SRR789/008/SRR7899728/SRR7899728_1.fastq.gz;https://ftp.sra.ebi.ac.uk/vol1/fastq/SRR789/008/SRR7899728/SRR7899728_2.fastq.gz	c5b5c24afcf07028d66dff21df81b40a;cde9ece81cc2f9770028b31df491c170	1845520;1932166	3777686	all inventory-included runs with complete paired streams; no outcome-based subset	SAMN10112508	BactAnI000z1	Colombia	Antioquia	132	dry			16S rRNA	V4	ENA sample_alias parsed with configured regex	true		MIMS Environmental/Metagenome sample from metagenome; Keywords: GSC:MIxS MIMS:5.0	ftp.sra.ebi.ac.uk/vol1/fastq/SRR789/008/SRR7899728/SRR7899728_1.fastq.gz;ftp.sra.ebi.ac.uk/vol1/fastq/SRR789/008/SRR7899728/SRR7899728_2.fastq.gz	c5b5c24afcf07028d66dff21df81b40a;cde9ece81cc2f9770028b31df491c170	1845520;1932166
2	pacheco_montealegre_2020_colombia	PRJNA492720	BactAnI000z2	SRR7899729	early	0	0	pacheco_montealegre_2020_colombia::An::I	2	PAIRED	ILLUMINA	Illumina MiSeq	https://ftp.sra.ebi.ac.uk/vol1/fastq/SRR789/009/SRR7899729/SRR7899729_1.fastq.gz;https://ftp.sra.ebi.ac.uk/vol1/fastq/SRR789/009/SRR7899729/SRR7899729_2.fastq.gz	748e6a2a092f0f696ef688322b7770c6;b3ab01958584f3cb22ec5001314b980e	2907107;3419206	6326313	all inventory-included runs with complete paired streams; no outcome-based subset	SAMN10112509	BactAnI000z2	Colombia	Antioquia	132	dry			16S rRNA	V4	ENA sample_alias parsed with configured regex	true		MIMS Environmental/Metagenome sample from metagenome; Keywords: GSC:MIxS MIMS:5.0	ftp.sra.ebi.ac.uk/vol1/fastq/SRR789/009/SRR7899729/SRR7899729_1.fastq.gz;ftp.sra.ebi.ac.uk/vol1/fastq/SRR789/009/SRR7899729/SRR7899729_2.fastq.gz	748e6a2a092f0f696ef688322b7770c6;b3ab01958584f3cb22ec5001314b980e	2907107;3419206
3	pacheco_montealegre_2020_colombia	PRJNA492720	BactAnI012z1	SRR7899837	early	12	0.090909091	pacheco_montealegre_2020_colombia::An::I	1	PAIRED	ILLUMINA	Illumina MiSeq	https://ftp.sra.ebi.ac.uk/vol1/fastq/SRR789/007/SRR7899837/SRR7899837_1.fastq.gz;https://ftp.sra.ebi.ac.uk/vol1/fastq/SRR789/007/SRR7899837/SRR7899837_2.fastq.gz	9ff69af5907339ce8dc11f45191e3f61;3f52403e2d2404ca8e325f72d65f6b66	1509288;2098012	3607300	all inventory-included runs with complete paired streams; no outcome-based subset	SAMN10112510	BactAnI012z1	Colombia	Antioquia	132	dry			16S rRNA	V4	ENA sample_alias parsed with configured regex	true		MIMS Environmental/Metagenome sample from metagenome; Keywords: GSC:MIxS MIMS:5.0	ftp.sra.ebi.ac.uk/vol1/fastq/SRR789/007/SRR7899837/SRR7899837_1.fastq.gz;ftp.sra.ebi.ac.uk/vol1/fastq/SRR789/007/SRR7899837/SRR7899837_2.fastq.gz	9ff69af5907339ce8dc11f45191e3f61;3f52403e2d2404ca8e325f72d65f6b66	1509288;2098012
4	pacheco_montealegre_2020_colombia	PRJNA492720	BactAnI012z2	SRR7899841	early	12	0.090909091	pacheco_montealegre_2020_colombia::An::I	2	PAIRED	ILLUMINA	Illumina MiSeq	https://ftp.sra.ebi.ac.uk/vol1/fastq/SRR789/001/SRR7899841/SRR7899841_1.fastq.gz;https://ftp.sra.ebi.ac.uk/vol1/fastq/SRR789/001/SRR7899841/SRR7899841_2.fastq.gz	a629423f22fee83f1555e754ed0e48f5;32d7b244b9f53a5dcc701b3b11fa2d94	1920956;2285839	4206795	all inventory-included runs with complete paired streams; no outcome-based subset	SAMN10112511	BactAnI012z2	Colombia	Antioquia	132	dry			16S rRNA	V4	ENA sample_alias parsed with configured regex	true		MIMS Environmental/Metagenome sample from metagenome; Keywords: GSC:MIxS MIMS:5.0	ftp.sra.ebi.ac.uk/vol1/fastq/SRR789/001/SRR7899841/SRR7899841_1.fastq.gz;ftp.sra.ebi.ac.uk/vol1/fastq/SRR789/001/SRR7899841/SRR7899841_2.fastq.gz	a629423f22fee83f1555e754ed0e48f5;32d7b244b9f53a5dcc701b3b11fa2d94	1920956;2285839
5	pacheco_montealegre_2020_colombia	PRJNA492720	BactAnI024z1	SRR7899678	early	24	0.18181818	pacheco_montealegre_2020_colombia::An::I	1	PAIRED	ILLUMINA	Illumina MiSeq	https://ftp.sra.ebi.ac.uk/vol1/fastq/SRR789/008/SRR7899678/SRR7899678_1.fastq.gz;https://ftp.sra.ebi.ac.uk/vol1/fastq/SRR789/008/SRR7899678/SRR7899678_2.fastq.gz	ed72b98d5a09faf3b819e2da4793ec46;e9385572ae21d064089c68c0619a6a28	1995338;3054896	5050234	all inventory-included runs with complete paired streams; no outcome-based subset	SAMN10112512	BactAnI024z1	Colombia	Antioquia	132	dry			16S rRNA	V4	ENA sample_alias parsed with configured regex	true		MIMS Environmental/Metagenome sample from metagenome; Keywords: GSC:MIxS MIMS:5.0	ftp.sra.ebi.ac.uk/vol1/fastq/SRR789/008/SRR7899678/SRR7899678_1.fastq.gz;ftp.sra.ebi.ac.uk/vol1/fastq/SRR789/008/SRR7899678/SRR7899678_2.fastq.gz	ed72b98d5a09faf3b819e2da4793ec46;e9385572ae21d064089c68c0619a6a28	1995338;3054896
6	pacheco_montealegre_2020_colombia	PRJNA492720	BactAnI024z2	SRR7899832	early	24	0.18181818	pacheco_montealegre_2020_colombia::An::I	2	PAIRED	ILLUMINA	Illumina MiSeq	https://ftp.sra.ebi.ac.uk/vol1/fastq/SRR789/002/SRR7899832/SRR7899832_1.fastq.gz;https://ftp.sra.ebi.ac.uk/vol1/fastq/SRR789/002/SRR7899832/SRR7899832_2.fastq.gz	4f1f081ba6385328cba21344559bd90b;c82e9bfc5009e8901b27810e51232ac7	2356981;2281022	4638003	all inventory-included runs with complete paired streams; no outcome-based subset	SAMN10112513	BactAnI024z2	Colombia	Antioquia	132	dry			16S rRNA	V4	ENA sample_alias parsed with configured regex	true		MIMS Environmental/Metagenome sample from metagenome; Keywords: GSC:MIxS MIMS:5.0	ftp.sra.ebi.ac.uk/vol1/fastq/SRR789/002/SRR7899832/SRR7899832_1.fastq.gz;ftp.sra.ebi.ac.uk/vol1/fastq/SRR789/002/SRR7899832/SRR7899832_2.fastq.gz	4f1f081ba6385328cba21344559bd90b;c82e9bfc5009e8901b27810e51232ac7	2356981;2281022
7	pacheco_montealegre_2020_colombia	PRJNA492720	BactAnI036z1	SRR7899709	early	36	0.27272727	pacheco_montealegre_2020_colombia::An::I	1	PAIRED	ILLUMINA	Illumina MiSeq	https://ftp.sra.ebi.ac.uk/vol1/fastq/SRR789/009/SRR7899709/SRR7899709_1.fastq.gz;https://ftp.sra.ebi.ac.uk/vol1/fastq/SRR789/009/SRR7899709/SRR7899709_2.fastq.gz	eb7c2c30e1f3a7630d5758cbdbe9d837;d82ce77178944070b90abb43f39fed5d	2420466;2637690	5058156	all inventory-included runs with complete paired streams; no outcome-based subset	SAMN10112514	BactAnI036z1	Colombia	Antioquia	132	dry			16S rRNA	V4	ENA sample_alias parsed with configured regex	true		MIMS Environmental/Metagenome sample from metagenome; Keywords: GSC:MIxS MIMS:5.0	ftp.sra.ebi.ac.uk/vol1/fastq/SRR789/009/SRR7899709/SRR7899709_1.fastq.gz;ftp.sra.ebi.ac.uk/vol1/fastq/SRR789/009/SRR7899709/SRR7899709_2.fastq.gz	eb7c2c30e1f3a7630d5758cbdbe9d837;d82ce77178944070b90abb43f39fed5d	2420466;2637690
8	pacheco_montealegre_2020_colombia	PRJNA492720	BactAnI036z2	SRR7899777	early	36	0.27272727	pacheco_montealegre_2020_colombia::An::I	2	PAIRED	ILLUMINA	Illumina MiSeq	https://ftp.sra.ebi.ac.uk/vol1/fastq/SRR789/007/SRR7899777/SRR7899777_1.fastq.gz;https://ftp.sra.ebi.ac.uk/vol1/fastq/SRR789/007/SRR7899777/SRR7899777_2.fastq.gz	fef883dbb3205a2ae5f495fd40bcf4d8;607bb99b6664df6fe704dd128909dba7	1841642;1503176	3344818	all inventory-included runs with complete paired streams; no outcome-based subset	SAMN10112515	BactAnI036z2	Colombia	Antioquia	132	dry			16S rRNA	V4	ENA sample_alias parsed with configured regex	true		MIMS Environmental/Metagenome sample from metagenome; Keywords: GSC:MIxS MIMS:5.0	ftp.sra.ebi.ac.uk/vol1/fastq/SRR789/007/SRR7899777/SRR7899777_1.fastq.gz;ftp.sra.ebi.ac.uk/vol1/fastq/SRR789/007/SRR7899777/SRR7899777_2.fastq.gz	fef883dbb3205a2ae5f495fd40bcf4d8;607bb99b6664df6fe704dd128909dba7	1841642;1503176
9	pacheco_montealegre_2020_colombia	PRJNA492720	BactAnI048z1	SRR7899720	mid	48	0.36363636	pacheco_montealegre_2020_colombia::An::I	1	PAIRED	ILLUMINA	Illumina MiSeq	https://ftp.sra.ebi.ac.uk/vol1/fastq/SRR789/000/SRR7899720/SRR7899720_1.fastq.gz;https://ftp.sra.ebi.ac.uk/vol1/fastq/SRR789/000/SRR7899720/SRR7899720_2.fastq.gz	777ef6896e4afb95e6e458d6c42a159e;ee01e224480dfbcb3ebfd2197cbcd9ca	1738590;1992314	3730904	all inventory-included runs with complete paired streams; no outcome-based subset	SAMN10112516	BactAnI048z1	Colombia	Antioquia	132	dry			16S rRNA	V4	ENA sample_alias parsed with configured regex	true		MIMS Environmental/Metagenome sample from metagenome; Keywords: GSC:MIxS MIMS:5.0	ftp.sra.ebi.ac.uk/vol1/fastq/SRR789/000/SRR7899720/SRR7899720_1.fastq.gz;ftp.sra.ebi.ac.uk/vol1/fastq/SRR789/000/SRR7899720/SRR7899720_2.fastq.gz	777ef6896e4afb95e6e458d6c42a159e;ee01e224480dfbcb3ebfd2197cbcd9ca	1738590;1992314
10	pacheco_montealegre_2020_colombia	PRJNA492720	BactAnI048z2	SRR7899721	mid	48	0.36363636	pacheco_montealegre_2020_colombia::An::I	2	PAIRED	ILLUMINA	Illumina MiSeq	https://ftp.sra.ebi.ac.uk/vol1/fastq/SRR789/001/SRR7899721/SRR7899721_1.fastq.gz;https://ftp.sra.ebi.ac.uk/vol1/fastq/SRR789/001/SRR7899721/SRR7899721_2.fastq.gz	a05949d3ece8af934b76d28750d2d8d8;86fe31659bf242ea12c524866308f7c6	675341;530775	1206116	all inventory-included runs with complete paired streams; no outcome-based subset	SAMN10112517	BactAnI048z2	Colombia	Antioquia	132	dry			16S rRNA	V4	ENA sample_alias parsed with configured regex	true		MIMS Environmental/Metagenome sample from metagenome; Keywords: GSC:MIxS MIMS:5.0	ftp.sra.ebi.ac.uk/vol1/fastq/SRR789/001/SRR7899721/SRR7899721_1.fastq.gz;ftp.sra.ebi.ac.uk/vol1/fastq/SRR789/001/SRR7899721/SRR7899721_2.fastq.gz	a05949d3ece8af934b76d28750d2d8d8;86fe31659bf242ea12c524866308f7c6	675341;530775
11	pacheco_montealegre_2020_colombia	PRJNA492720	BactAnI060z1	SRR7899916	mid	60	0.45454545	pacheco_montealegre_2020_colombia::An::I	1	PAIRED	ILLUMINA	Illumina MiSeq	https://ftp.sra.ebi.ac.uk/vol1/fastq/SRR789/006/SRR7899916/SRR7899916_1.fastq.gz;https://ftp.sra.ebi.ac.uk/vol1/fastq/SRR789/006/SRR7899916/SRR7899916_2.fastq.gz	02ec45cff8e4adf825764ae0c7e3e840;aaa196804b815d72e2ff907f2a745b2e	1828997;1794562	3623559	all inventory-included runs with complete paired streams; no outcome-based subset	SAMN10112518	BactAnI060z1	Colombia	Antioquia	132	dry			16S rRNA	V4	ENA sample_alias parsed with configured regex	true		MIMS Environmental/Metagenome sample from metagenome; Keywords: GSC:MIxS MIMS:5.0	ftp.sra.ebi.ac.uk/vol1/fastq/SRR789/006/SRR7899916/SRR7899916_1.fastq.gz;ftp.sra.ebi.ac.uk/vol1/fastq/SRR789/006/SRR7899916/SRR7899916_2.fastq.gz	02ec45cff8e4adf825764ae0c7e3e840;aaa196804b815d72e2ff907f2a745b2e	1828997;1794562
12	pacheco_montealegre_2020_colombia	PRJNA492720	BactAnI060z2	SRR7899917	mid	60	0.45454545	pacheco_montealegre_2020_colombia::An::I	2	PAIRED	ILLUMINA	Illumina MiSeq	https://ftp.sra.ebi.ac.uk/vol1/fastq/SRR789/007/SRR7899917/SRR7899917_1.fastq.gz;https://ftp.sra.ebi.ac.uk/vol1/fastq/SRR789/007/SRR7899917/SRR7899917_2.fastq.gz	15edc702aafcf77496848cf1d732db89;d67e92f3a39b9c9b9afab8e43c5ddff5	1395926;1359666	2755592	all inventory-included runs with complete paired streams; no outcome-based subset	SAMN10112519	BactAnI060z2	Colombia	Antioquia	132	dry			16S rRNA	V4	ENA sample_alias parsed with configured regex	true		MIMS Environmental/Metagenome sample from metagenome; Keywords: GSC:MIxS MIMS:5.0	ftp.sra.ebi.ac.uk/vol1/fastq/SRR789/007/SRR7899917/SRR7899917_1.fastq.gz;ftp.sra.ebi.ac.uk/vol1/fastq/SRR789/007/SRR7899917/SRR7899917_2.fastq.gz	15edc702aafcf77496848cf1d732db89;d67e92f3a39b9c9b9afab8e43c5ddff5	1395926;1359666
13	pacheco_montealegre_2020_colombia	PRJNA492720	BactAnI072z1	SRR7899914	mid	72	0.54545455	pacheco_montealegre_2020_colombia::An::I	1	PAIRED	ILLUMINA	Illumina MiSeq	https://ftp.sra.ebi.ac.uk/vol1/fastq/SRR789/004/SRR7899914/SRR7899914_1.fastq.gz;https://ftp.sra.ebi.ac.uk/vol1/fastq/SRR789/004/SRR7899914/SRR7899914_2.fastq.gz	2024e604e4b77de8e2fc8ad3b9b073cc;e5e99da291e58e1706a73f60209639b5	1718180;1806694	3524874	all inventory-included runs with complete paired streams; no outcome-based subset	SAMN10112520	BactAnI072z1	Colombia	Antioquia	132	dry			16S rRNA	V4	ENA sample_alias parsed with configured regex	true		MIMS Environmental/Metagenome sample from metagenome; Keywords: GSC:MIxS MIMS:5.0	ftp.sra.ebi.ac.uk/vol1/fastq/SRR789/004/SRR7899914/SRR7899914_1.fastq.gz;ftp.sra.ebi.ac.uk/vol1/fastq/SRR789/004/SRR7899914/SRR7899914_2.fastq.gz	2024e604e4b77de8e2fc8ad3b9b073cc;e5e99da291e58e1706a73f60209639b5	1718180;1806694
14	pacheco_montealegre_2020_colombia	PRJNA492720	BactAnI072z2	SRR7899915	mid	72	0.54545455	pacheco_montealegre_2020_colombia::An::I	2	PAIRED	ILLUMINA	Illumina MiSeq	https://ftp.sra.ebi.ac.uk/vol1/fastq/SRR789/005/SRR7899915/SRR7899915_1.fastq.gz;https://ftp.sra.ebi.ac.uk/vol1/fastq/SRR789/005/SRR7899915/SRR7899915_2.fastq.gz	32e127926cddf9786faad70524a32c40;71bd566413d3ecae1067563c1b42e8b3	1627558;1700262	3327820	all inventory-included runs with complete paired streams; no outcome-based subset	SAMN10112521	BactAnI072z2	Colombia	Antioquia	132	dry			16S rRNA	V4	ENA sample_alias parsed with configured regex	true		MIMS Environmental/Metagenome sample from metagenome; Keywords: GSC:MIxS MIMS:5.0	ftp.sra.ebi.ac.uk/vol1/fastq/SRR789/005/SRR7899915/SRR7899915_1.fastq.gz;ftp.sra.ebi.ac.uk/vol1/fastq/SRR789/005/SRR7899915/SRR7899915_2.fastq.gz	32e127926cddf9786faad70524a32c40;71bd566413d3ecae1067563c1b42e8b3	1627558;1700262
15	pacheco_montealegre_2020_colombia	PRJNA492720	BactAnI084z1	SRR7899912	mid	84	0.63636364	pacheco_montealegre_2020_colombia::An::I	1	PAIRED	ILLUMINA	Illumina MiSeq	https://ftp.sra.ebi.ac.uk/vol1/fastq/SRR789/002/SRR7899912/SRR7899912_1.fastq.gz;https://ftp.sra.ebi.ac.uk/vol1/fastq/SRR789/002/SRR7899912/SRR7899912_2.fastq.gz	2af7b254001495eb3f965d3f749986bb;086466c534bc6a961300a4664fc9f0db	1722368;2502762	4225130	all inventory-included runs with complete paired streams; no outcome-based subset	SAMN10112522	BactAnI084z1	Colombia	Antioquia	132	dry			16S rRNA	V4	ENA sample_alias parsed with configured regex	true		MIMS Environmental/Metagenome sample from metagenome; Keywords: GSC:MIxS MIMS:5.0	ftp.sra.ebi.ac.uk/vol1/fastq/SRR789/002/SRR7899912/SRR7899912_1.fastq.gz;ftp.sra.ebi.ac.uk/vol1/fastq/SRR789/002/SRR7899912/SRR7899912_2.fastq.gz	2af7b254001495eb3f965d3f749986bb;086466c534bc6a961300a4664fc9f0db	1722368;2502762
16	pacheco_montealegre_2020_colombia	PRJNA492720	BactAnI084z2	SRR7899913	mid	84	0.63636364	pacheco_montealegre_2020_colombia::An::I	2	PAIRED	ILLUMINA	Illumina MiSeq	https://ftp.sra.ebi.ac.uk/vol1/fastq/SRR789/003/SRR7899913/SRR7899913_1.fastq.gz;https://ftp.sra.ebi.ac.uk/vol1/fastq/SRR789/003/SRR7899913/SRR7899913_2.fastq.gz	6afece7a38f460686ac7bb26c1c642f1;ed224ee72788f633a930d075c61bb877	1258528;1587038	2845566	all inventory-included runs with complete paired streams; no outcome-based subset	SAMN10112523	BactAnI084z2	Colombia	Antioquia	132	dry			16S rRNA	V4	ENA sample_alias parsed with configured regex	true		MIMS Environmental/Metagenome sample from metagenome; Keywords: GSC:MIxS MIMS:5.0	ftp.sra.ebi.ac.uk/vol1/fastq/SRR789/003/SRR7899913/SRR7899913_1.fastq.gz;ftp.sra.ebi.ac.uk/vol1/fastq/SRR789/003/SRR7899913/SRR7899913_2.fastq.gz	6afece7a38f460686ac7bb26c1c642f1;ed224ee72788f633a930d075c61bb877	1258528;1587038
17	pacheco_montealegre_2020_colombia	PRJNA492720	BactAnI096z1	SRR7899910	late	96	0.72727273	pacheco_montealegre_2020_colombia::An::I	1	PAIRED	ILLUMINA	Illumina MiSeq	https://ftp.sra.ebi.ac.uk/vol1/fastq/SRR789/000/SRR7899910/SRR7899910_1.fastq.gz;https://ftp.sra.ebi.ac.uk/vol1/fastq/SRR789/000/SRR7899910/SRR7899910_2.fastq.gz	6a069f1f4e62a42b16c38dc7d9980a6c;ed5c3a80be9073050318fb6761ee5022	1376287;2262487	3638774	all inventory-included runs with complete paired streams; no outcome-based subset	SAMN10112524	BactAnI096z1	Colombia	Antioquia	132	dry			16S rRNA	V4	ENA sample_alias parsed with configured regex	true		MIMS Environmental/Metagenome sample from metagenome; Keywords: GSC:MIxS MIMS:5.0	ftp.sra.ebi.ac.uk/vol1/fastq/SRR789/000/SRR7899910/SRR7899910_1.fastq.gz;ftp.sra.ebi.ac.uk/vol1/fastq/SRR789/000/SRR7899910/SRR7899910_2.fastq.gz	6a069f1f4e62a42b16c38dc7d9980a6c;ed5c3a80be9073050318fb6761ee5022	1376287;2262487
18	pacheco_montealegre_2020_colombia	PRJNA492720	BactAnI096z2	SRR7899911	late	96	0.72727273	pacheco_montealegre_2020_colombia::An::I	2	PAIRED	ILLUMINA	Illumina MiSeq	https://ftp.sra.ebi.ac.uk/vol1/fastq/SRR789/001/SRR7899911/SRR7899911_1.fastq.gz;https://ftp.sra.ebi.ac.uk/vol1/fastq/SRR789/001/SRR7899911/SRR7899911_2.fastq.gz	10311edc02a6ef391008f193734bd783;e9d1d7269687bc909fba7dc61a420fbd	895400;1341113	2236513	all inventory-included runs with complete paired streams; no outcome-based subset	SAMN10112525	BactAnI096z2	Colombia	Antioquia	132	dry			16S rRNA	V4	ENA sample_alias parsed with configured regex	true		MIMS Environmental/Metagenome sample from metagenome; Keywords: GSC:MIxS MIMS:5.0	ftp.sra.ebi.ac.uk/vol1/fastq/SRR789/001/SRR7899911/SRR7899911_1.fastq.gz;ftp.sra.ebi.ac.uk/vol1/fastq/SRR789/001/SRR7899911/SRR7899911_2.fastq.gz	10311edc02a6ef391008f193734bd783;e9d1d7269687bc909fba7dc61a420fbd	895400;1341113
19	pacheco_montealegre_2020_colombia	PRJNA492720	BactAnI108z1	SRR7899920	late	108	0.81818182	pacheco_montealegre_2020_colombia::An::I	1	PAIRED	ILLUMINA	Illumina MiSeq	https://ftp.sra.ebi.ac.uk/vol1/fastq/SRR789/000/SRR7899920/SRR7899920_1.fastq.gz;https://ftp.sra.ebi.ac.uk/vol1/fastq/SRR789/000/SRR7899920/SRR7899920_2.fastq.gz	f079fecc7b51a0a68b914f40ea56cf14;0e37f8388e58debca650e7d9c7d86a0e	941362;1430439	2371801	all inventory-included runs with complete paired streams; no outcome-based subset	SAMN10112526	BactAnI108z1	Colombia	Antioquia	132	dry			16S rRNA	V4	ENA sample_alias parsed with configured regex	true		MIMS Environmental/Metagenome sample from metagenome; Keywords: GSC:MIxS MIMS:5.0	ftp.sra.ebi.ac.uk/vol1/fastq/SRR789/000/SRR7899920/SRR7899920_1.fastq.gz;ftp.sra.ebi.ac.uk/vol1/fastq/SRR789/000/SRR7899920/SRR7899920_2.fastq.gz	f079fecc7b51a0a68b914f40ea56cf14;0e37f8388e58debca650e7d9c7d86a0e	941362;1430439
20	pacheco_montealegre_2020_colombia	PRJNA492720	BactAnI108z2	SRR7899921	late	108	0.81818182	pacheco_montealegre_2020_colombia::An::I	2	PAIRED	ILLUMINA	Illumina MiSeq	https://ftp.sra.ebi.ac.uk/vol1/fastq/SRR789/001/SRR7899921/SRR7899921_1.fastq.gz;https://ftp.sra.ebi.ac.uk/vol1/fastq/SRR789/001/SRR7899921/SRR7899921_2.fastq.gz	0ef3fba672abd2bee061e87a4a884f65;bcedc81bdc285c257e3911aaf09d4c9b	1147492;1678804	2826296	all inventory-included runs with complete paired streams; no outcome-based subset	SAMN10112527	BactAnI108z2	Colombia	Antioquia	132	dry			16S rRNA	V4	ENA sample_alias parsed with configured regex	true		MIMS Environmental/Metagenome sample from metagenome; Keywords: GSC:MIxS MIMS:5.0	ftp.sra.ebi.ac.uk/vol1/fastq/SRR789/001/SRR7899921/SRR7899921_1.fastq.gz;ftp.sra.ebi.ac.uk/vol1/fastq/SRR789/001/SRR7899921/SRR7899921_2.fastq.gz	0ef3fba672abd2bee061e87a4a884f65;bcedc81bdc285c257e3911aaf09d4c9b	1147492;1678804
21	pacheco_montealegre_2020_colombia	PRJNA492720	BactAnI120z1	SRR7899819	late	120	0.90909091	pacheco_montealegre_2020_colombia::An::I	1	PAIRED	ILLUMINA	Illumina MiSeq	https://ftp.sra.ebi.ac.uk/vol1/fastq/SRR789/009/SRR7899819/SRR7899819_1.fastq.gz;https://ftp.sra.ebi.ac.uk/vol1/fastq/SRR789/009/SRR7899819/SRR7899819_2.fastq.gz	89f568e55b00197863b9722d9f658fa0;eab60010173e64543590a0ed611bdca5	1551531;2627792	4179323	all inventory-included runs with complete paired streams; no outcome-based subset	SAMN10112528	BactAnI120z1	Colombia	Antioquia	132	dry			16S rRNA	V4	ENA sample_alias parsed with configured regex	true		MIMS Environmental/Metagenome sample from metagenome; Keywords: GSC:MIxS MIMS:5.0	ftp.sra.ebi.ac.uk/vol1/fastq/SRR789/009/SRR7899819/SRR7899819_1.fastq.gz;ftp.sra.ebi.ac.uk/vol1/fastq/SRR789/009/SRR7899819/SRR7899819_2.fastq.gz	89f568e55b00197863b9722d9f658fa0;eab60010173e64543590a0ed611bdca5	1551531;2627792
22	pacheco_montealegre_2020_colombia	PRJNA492720	BactAnI120z2	SRR7899818	late	120	0.90909091	pacheco_montealegre_2020_colombia::An::I	2	PAIRED	ILLUMINA	Illumina MiSeq	https://ftp.sra.ebi.ac.uk/vol1/fastq/SRR789/008/SRR7899818/SRR7899818_1.fastq.gz;https://ftp.sra.ebi.ac.uk/vol1/fastq/SRR789/008/SRR7899818/SRR7899818_2.fastq.gz	ace4d45e5c24647a555c6083d5716191;19d299930f1e6ae7e49eead23c435bc1	895913;1308073	2203986	all inventory-included runs with complete paired streams; no outcome-based subset	SAMN10112529	BactAnI120z2	Colombia	Antioquia	132	dry			16S rRNA	V4	ENA sample_alias parsed with configured regex	true		MIMS Environmental/Metagenome sample from metagenome; Keywords: GSC:MIxS MIMS:5.0	ftp.sra.ebi.ac.uk/vol1/fastq/SRR789/008/SRR7899818/SRR7899818_1.fastq.gz;ftp.sra.ebi.ac.uk/vol1/fastq/SRR789/008/SRR7899818/SRR7899818_2.fastq.gz	ace4d45e5c24647a555c6083d5716191;19d299930f1e6ae7e49eead23c435bc1	895913;1308073
23	pacheco_montealegre_2020_colombia	PRJNA492720	BactAnI132z1	SRR7899817	late	132	1	pacheco_montealegre_2020_colombia::An::I	1	PAIRED	ILLUMINA	Illumina MiSeq	https://ftp.sra.ebi.ac.uk/vol1/fastq/SRR789/007/SRR7899817/SRR7899817_1.fastq.gz;https://ftp.sra.ebi.ac.uk/vol1/fastq/SRR789/007/SRR7899817/SRR7899817_2.fastq.gz	fdc2eac9672e10cd940f9cba6e0611ac;7cb29a76a2d726a20dad38caf6c97630	1539116;2029927	3569043	all inventory-included runs with complete paired streams; no outcome-based subset	SAMN10112530	BactAnI132z1	Colombia	Antioquia	132	dry			16S rRNA	V4	ENA sample_alias parsed with configured regex	true		MIMS Environmental/Metagenome sample from metagenome; Keywords: GSC:MIxS MIMS:5.0	ftp.sra.ebi.ac.uk/vol1/fastq/SRR789/007/SRR7899817/SRR7899817_1.fastq.gz;ftp.sra.ebi.ac.uk/vol1/fastq/SRR789/007/SRR7899817/SRR7899817_2.fastq.gz	fdc2eac9672e10cd940f9cba6e0611ac;7cb29a76a2d726a20dad38caf6c97630	1539116;2029927
24	pacheco_montealegre_2020_colombia	PRJNA492720	BactAnI132z2	SRR7899816	late	132	1	pacheco_montealegre_2020_colombia::An::I	2	PAIRED	ILLUMINA	Illumina MiSeq	https://ftp.sra.ebi.ac.uk/vol1/fastq/SRR789/006/SRR7899816/SRR7899816_1.fastq.gz;https://ftp.sra.ebi.ac.uk/vol1/fastq/SRR789/006/SRR7899816/SRR7899816_2.fastq.gz	c405220ebd79ca31ad62c9bc937d320f;ea1f12fe0d1fd4b19828917f89cd5785	1266282;1905455	3171737	all inventory-included runs with complete paired streams; no outcome-based subset	SAMN10112531	BactAnI132z2	Colombia	Antioquia	132	dry			16S rRNA	V4	ENA sample_alias parsed with configured regex	true		MIMS Environmental/Metagenome sample from metagenome; Keywords: GSC:MIxS MIMS:5.0	ftp.sra.ebi.ac.uk/vol1/fastq/SRR789/006/SRR7899816/SRR7899816_1.fastq.gz;ftp.sra.ebi.ac.uk/vol1/fastq/SRR789/006/SRR7899816/SRR7899816_2.fastq.gz	c405220ebd79ca31ad62c9bc937d320f;ea1f12fe0d1fd4b19828917f89cd5785	1266282;1905455
25	pacheco_montealegre_2020_colombia	PRJNA492720	BactAnII000z1	SRR7899815	early	0	0	pacheco_montealegre_2020_colombia::An::II	1	PAIRED	ILLUMINA	Illumina MiSeq	https://ftp.sra.ebi.ac.uk/vol1/fastq/SRR789/005/SRR7899815/SRR7899815_1.fastq.gz;https://ftp.sra.ebi.ac.uk/vol1/fastq/SRR789/005/SRR7899815/SRR7899815_2.fastq.gz	2caa4532adcaddf9b20e7f6267a87619;f2826a72a67afc8588ff7e19dd8ca2fd	928561;870211	1798772	all inventory-included runs with complete paired streams; no outcome-based subset	SAMN10112532	BactAnII000z1	Colombia	Antioquia	144	wet			16S rRNA	V4	ENA sample_alias parsed with configured regex	true		MIMS Environmental/Metagenome sample from metagenome; Keywords: GSC:MIxS MIMS:5.0	ftp.sra.ebi.ac.uk/vol1/fastq/SRR789/005/SRR7899815/SRR7899815_1.fastq.gz;ftp.sra.ebi.ac.uk/vol1/fastq/SRR789/005/SRR7899815/SRR7899815_2.fastq.gz	2caa4532adcaddf9b20e7f6267a87619;f2826a72a67afc8588ff7e19dd8ca2fd	928561;870211
26	pacheco_montealegre_2020_colombia	PRJNA492720	BactAnII000z2	SRR7899814	early	0	0	pacheco_montealegre_2020_colombia::An::II	2	PAIRED	ILLUMINA	Illumina MiSeq	https://ftp.sra.ebi.ac.uk/vol1/fastq/SRR789/004/SRR7899814/SRR7899814_1.fastq.gz;https://ftp.sra.ebi.ac.uk/vol1/fastq/SRR789/004/SRR7899814/SRR7899814_2.fastq.gz	8d9676ecd9245ffa2d86e85794c40115;7b88be15ac39b17dc6a60c464732d0e8	1538423;1706593	3245016	all inventory-included runs with complete paired streams; no outcome-based subset	SAMN10112533	BactAnII000z2	Colombia	Antioquia	144	wet			16S rRNA	V4	ENA sample_alias parsed with configured regex	true		MIMS Environmental/Metagenome sample from metagenome; Keywords: GSC:MIxS MIMS:5.0	ftp.sra.ebi.ac.uk/vol1/fastq/SRR789/004/SRR7899814/SRR7899814_1.fastq.gz;ftp.sra.ebi.ac.uk/vol1/fastq/SRR789/004/SRR7899814/SRR7899814_2.fastq.gz	8d9676ecd9245ffa2d86e85794c40115;7b88be15ac39b17dc6a60c464732d0e8	1538423;1706593
27	pacheco_montealegre_2020_colombia	PRJNA492720	BactAnII012z1	SRR7899813	early	12	0.083333333	pacheco_montealegre_2020_colombia::An::II	1	PAIRED	ILLUMINA	Illumina MiSeq	https://ftp.sra.ebi.ac.uk/vol1/fastq/SRR789/003/SRR7899813/SRR7899813_1.fastq.gz;https://ftp.sra.ebi.ac.uk/vol1/fastq/SRR789/003/SRR7899813/SRR7899813_2.fastq.gz	ed10f93d2c0584158fffc1d6edbc1204;0e969b9b81b98c268f2e58b9a541d0f8	1257197;1477213	2734410	all inventory-included runs with complete paired streams; no outcome-based subset	SAMN10112534	BactAnII012z1	Colombia	Antioquia	144	wet			16S rRNA	V4	ENA sample_alias parsed with configured regex	true		MIMS Environmental/Metagenome sample from metagenome; Keywords: GSC:MIxS MIMS:5.0	ftp.sra.ebi.ac.uk/vol1/fastq/SRR789/003/SRR7899813/SRR7899813_1.fastq.gz;ftp.sra.ebi.ac.uk/vol1/fastq/SRR789/003/SRR7899813/SRR7899813_2.fastq.gz	ed10f93d2c0584158fffc1d6edbc1204;0e969b9b81b98c268f2e58b9a541d0f8	1257197;1477213
28	pacheco_montealegre_2020_colombia	PRJNA492720	BactAnII012z2	SRR7899812	early	12	0.083333333	pacheco_montealegre_2020_colombia::An::II	2	PAIRED	ILLUMINA	Illumina MiSeq	https://ftp.sra.ebi.ac.uk/vol1/fastq/SRR789/002/SRR7899812/SRR7899812_1.fastq.gz;https://ftp.sra.ebi.ac.uk/vol1/fastq/SRR789/002/SRR7899812/SRR7899812_2.fastq.gz	a72a1fafa1e9b2aecfe651711756e5f6;6450a3d9f2a8a9e2bbbc4330fe951ea0	1499773;1260744	2760517	all inventory-included runs with complete paired streams; no outcome-based subset	SAMN10112535	BactAnII012z2	Colombia	Antioquia	144	wet			16S rRNA	V4	ENA sample_alias parsed with configured regex	true		MIMS Environmental/Metagenome sample from metagenome; Keywords: GSC:MIxS MIMS:5.0	ftp.sra.ebi.ac.uk/vol1/fastq/SRR789/002/SRR7899812/SRR7899812_1.fastq.gz;ftp.sra.ebi.ac.uk/vol1/fastq/SRR789/002/SRR7899812/SRR7899812_2.fastq.gz	a72a1fafa1e9b2aecfe651711756e5f6;6450a3d9f2a8a9e2bbbc4330fe951ea0	1499773;1260744
29	pacheco_montealegre_2020_colombia	PRJNA492720	BactAnII024z1	SRR7899811	early	24	0.16666667	pacheco_montealegre_2020_colombia::An::II	1	PAIRED	ILLUMINA	Illumina MiSeq	https://ftp.sra.ebi.ac.uk/vol1/fastq/SRR789/001/SRR7899811/SRR7899811_1.fastq.gz;https://ftp.sra.ebi.ac.uk/vol1/fastq/SRR789/001/SRR7899811/SRR7899811_2.fastq.gz	d3cef31b328fefc6c527cea0425b8adf;7219ea2a76d9d8bdd97d223a9bee10d9	1915568;1615534	3531102	all inventory-included runs with complete paired streams; no outcome-based subset	SAMN10112536	BactAnII024z1	Colombia	Antioquia	144	wet			16S rRNA	V4	ENA sample_alias parsed with configured regex	true		MIMS Environmental/Metagenome sample from metagenome; Keywords: GSC:MIxS MIMS:5.0	ftp.sra.ebi.ac.uk/vol1/fastq/SRR789/001/SRR7899811/SRR7899811_1.fastq.gz;ftp.sra.ebi.ac.uk/vol1/fastq/SRR789/001/SRR7899811/SRR7899811_2.fastq.gz	d3cef31b328fefc6c527cea0425b8adf;7219ea2a76d9d8bdd97d223a9bee10d9	1915568;1615534
30	pacheco_montealegre_2020_colombia	PRJNA492720	BactAnII024z2	SRR7899810	early	24	0.16666667	pacheco_montealegre_2020_colombia::An::II	2	PAIRED	ILLUMINA	Illumina MiSeq	https://ftp.sra.ebi.ac.uk/vol1/fastq/SRR789/000/SRR7899810/SRR7899810_1.fastq.gz;https://ftp.sra.ebi.ac.uk/vol1/fastq/SRR789/000/SRR7899810/SRR7899810_2.fastq.gz	5ed67ddbfa4dd0e291707980edcf3ee7;39dc21d91edf92bc2fc0a2cfaf8f6040	3274942;2684062	5959004	all inventory-included runs with complete paired streams; no outcome-based subset	SAMN10112537	BactAnII024z2	Colombia	Antioquia	144	wet			16S rRNA	V4	ENA sample_alias parsed with configured regex	true		MIMS Environmental/Metagenome sample from metagenome; Keywords: GSC:MIxS MIMS:5.0	ftp.sra.ebi.ac.uk/vol1/fastq/SRR789/000/SRR7899810/SRR7899810_1.fastq.gz;ftp.sra.ebi.ac.uk/vol1/fastq/SRR789/000/SRR7899810/SRR7899810_2.fastq.gz	5ed67ddbfa4dd0e291707980edcf3ee7;39dc21d91edf92bc2fc0a2cfaf8f6040	3274942;2684062
31	pacheco_montealegre_2020_colombia	PRJNA492720	BactAnII036z1	SRR7899853	early	36	0.25	pacheco_montealegre_2020_colombia::An::II	1	PAIRED	ILLUMINA	Illumina MiSeq	https://ftp.sra.ebi.ac.uk/vol1/fastq/SRR789/003/SRR7899853/SRR7899853_1.fastq.gz;https://ftp.sra.ebi.ac.uk/vol1/fastq/SRR789/003/SRR7899853/SRR7899853_2.fastq.gz	3528cbdb5fd0cc2c4e4b1d0e181e7a2f;183dcdb41bef754ee6ca0fa0ccd29bc8	607133;766499	1373632	all inventory-included runs with complete paired streams; no outcome-based subset	SAMN10112538	BactAnII036z1	Colombia	Antioquia	144	wet			16S rRNA	V4	ENA sample_alias parsed with configured regex	true		MIMS Environmental/Metagenome sample from metagenome; Keywords: GSC:MIxS MIMS:5.0	ftp.sra.ebi.ac.uk/vol1/fastq/SRR789/003/SRR7899853/SRR7899853_1.fastq.gz;ftp.sra.ebi.ac.uk/vol1/fastq/SRR789/003/SRR7899853/SRR7899853_2.fastq.gz	3528cbdb5fd0cc2c4e4b1d0e181e7a2f;183dcdb41bef754ee6ca0fa0ccd29bc8	607133;766499
32	pacheco_montealegre_2020_colombia	PRJNA492720	BactAnII036z2	SRR7899854	early	36	0.25	pacheco_montealegre_2020_colombia::An::II	2	PAIRED	ILLUMINA	Illumina MiSeq	https://ftp.sra.ebi.ac.uk/vol1/fastq/SRR789/004/SRR7899854/SRR7899854_1.fastq.gz;https://ftp.sra.ebi.ac.uk/vol1/fastq/SRR789/004/SRR7899854/SRR7899854_2.fastq.gz	439d47372962c997a50b89932fcb8d78;e2ccbccf6cfe2406aa1360043c620a10	4543593;6046507	10590100	all inventory-included runs with complete paired streams; no outcome-based subset	SAMN10112539	BactAnII036z2	Colombia	Antioquia	144	wet			16S rRNA	V4	ENA sample_alias parsed with configured regex	true		MIMS Environmental/Metagenome sample from metagenome; Keywords: GSC:MIxS MIMS:5.0	ftp.sra.ebi.ac.uk/vol1/fastq/SRR789/004/SRR7899854/SRR7899854_1.fastq.gz;ftp.sra.ebi.ac.uk/vol1/fastq/SRR789/004/SRR7899854/SRR7899854_2.fastq.gz	439d47372962c997a50b89932fcb8d78;e2ccbccf6cfe2406aa1360043c620a10	4543593;6046507
33	pacheco_montealegre_2020_colombia	PRJNA492720	BactAnII048z1	SRR7899855	mid	48	0.33333333	pacheco_montealegre_2020_colombia::An::II	1	PAIRED	ILLUMINA	Illumina MiSeq	https://ftp.sra.ebi.ac.uk/vol1/fastq/SRR789/005/SRR7899855/SRR7899855_1.fastq.gz;https://ftp.sra.ebi.ac.uk/vol1/fastq/SRR789/005/SRR7899855/SRR7899855_2.fastq.gz	816d3b51524c961db2a117ce50ef71eb;a5e3dfcb77a5f62ffd5c4a67947b4381	939170;1060615	1999785	all inventory-included runs with complete paired streams; no outcome-based subset	SAMN10112540	BactAnII048z1	Colombia	Antioquia	144	wet			16S rRNA	V4	ENA sample_alias parsed with configured regex	true		MIMS Environmental/Metagenome sample from metagenome; Keywords: GSC:MIxS MIMS:5.0	ftp.sra.ebi.ac.uk/vol1/fastq/SRR789/005/SRR7899855/SRR7899855_1.fastq.gz;ftp.sra.ebi.ac.uk/vol1/fastq/SRR789/005/SRR7899855/SRR7899855_2.fastq.gz	816d3b51524c961db2a117ce50ef71eb;a5e3dfcb77a5f62ffd5c4a67947b4381	939170;1060615
34	pacheco_montealegre_2020_colombia	PRJNA492720	BactAnII048z2	SRR7899856	mid	48	0.33333333	pacheco_montealegre_2020_colombia::An::II	2	PAIRED	ILLUMINA	Illumina MiSeq	https://ftp.sra.ebi.ac.uk/vol1/fastq/SRR789/006/SRR7899856/SRR7899856_1.fastq.gz;https://ftp.sra.ebi.ac.uk/vol1/fastq/SRR789/006/SRR7899856/SRR7899856_2.fastq.gz	0bc7f14cb5f44d4ad515ffdf86489072;e63d036dc7c2e1180c127ad19df0f3de	1553217;2306166	3859383	all inventory-included runs with complete paired streams; no outcome-based subset	SAMN10112541	BactAnII048z2	Colombia	Antioquia	144	wet			16S rRNA	V4	ENA sample_alias parsed with configured regex	true		MIMS Environmental/Metagenome sample from metagenome; Keywords: GSC:MIxS MIMS:5.0	ftp.sra.ebi.ac.uk/vol1/fastq/SRR789/006/SRR7899856/SRR7899856_1.fastq.gz;ftp.sra.ebi.ac.uk/vol1/fastq/SRR789/006/SRR7899856/SRR7899856_2.fastq.gz	0bc7f14cb5f44d4ad515ffdf86489072;e63d036dc7c2e1180c127ad19df0f3de	1553217;2306166
35	pacheco_montealegre_2020_colombia	PRJNA492720	BactAnII060z1	SRR7899857	mid	60	0.41666667	pacheco_montealegre_2020_colombia::An::II	1	PAIRED	ILLUMINA	Illumina MiSeq	https://ftp.sra.ebi.ac.uk/vol1/fastq/SRR789/007/SRR7899857/SRR7899857_1.fastq.gz;https://ftp.sra.ebi.ac.uk/vol1/fastq/SRR789/007/SRR7899857/SRR7899857_2.fastq.gz	1aa1ba49e26eac453379a0c9a428ff09;f8c1c484655f9213523fdb73019b51a1	1463253;1885670	3348923	all inventory-included runs with complete paired streams; no outcome-based subset	SAMN10112542	BactAnII060z1	Colombia	Antioquia	144	wet			16S rRNA	V4	ENA sample_alias parsed with configured regex	true		MIMS Environmental/Metagenome sample from metagenome; Keywords: GSC:MIxS MIMS:5.0	ftp.sra.ebi.ac.uk/vol1/fastq/SRR789/007/SRR7899857/SRR7899857_1.fastq.gz;ftp.sra.ebi.ac.uk/vol1/fastq/SRR789/007/SRR7899857/SRR7899857_2.fastq.gz	1aa1ba49e26eac453379a0c9a428ff09;f8c1c484655f9213523fdb73019b51a1	1463253;1885670
36	pacheco_montealegre_2020_colombia	PRJNA492720	BactAnII060z2	SRR7899858	mid	60	0.41666667	pacheco_montealegre_2020_colombia::An::II	2	PAIRED	ILLUMINA	Illumina MiSeq	https://ftp.sra.ebi.ac.uk/vol1/fastq/SRR789/008/SRR7899858/SRR7899858_1.fastq.gz;https://ftp.sra.ebi.ac.uk/vol1/fastq/SRR789/008/SRR7899858/SRR7899858_2.fastq.gz	edc7a9b2841a1a00dca5e7f1dc82a7c9;1b7e77551f98bba3499803fc0505c46d	396233;527485	923718	all inventory-included runs with complete paired streams; no outcome-based subset	SAMN10112543	BactAnII060z2	Colombia	Antioquia	144	wet			16S rRNA	V4	ENA sample_alias parsed with configured regex	true		MIMS Environmental/Metagenome sample from metagenome; Keywords: GSC:MIxS MIMS:5.0	ftp.sra.ebi.ac.uk/vol1/fastq/SRR789/008/SRR7899858/SRR7899858_1.fastq.gz;ftp.sra.ebi.ac.uk/vol1/fastq/SRR789/008/SRR7899858/SRR7899858_2.fastq.gz	edc7a9b2841a1a00dca5e7f1dc82a7c9;1b7e77551f98bba3499803fc0505c46d	396233;527485
37	pacheco_montealegre_2020_colombia	PRJNA492720	BactAnII072z1	SRR7899859	mid	72	0.5	pacheco_montealegre_2020_colombia::An::II	1	PAIRED	ILLUMINA	Illumina MiSeq	https://ftp.sra.ebi.ac.uk/vol1/fastq/SRR789/009/SRR7899859/SRR7899859_1.fastq.gz;https://ftp.sra.ebi.ac.uk/vol1/fastq/SRR789/009/SRR7899859/SRR7899859_2.fastq.gz	982a66e5c24615f12ca61aee86778bf1;e20f80757abbbb78f330984ffff88085	1390741;2030218	3420959	all inventory-included runs with complete paired streams; no outcome-based subset	SAMN10112544	BactAnII072z1	Colombia	Antioquia	144	wet			16S rRNA	V4	ENA sample_alias parsed with configured regex	true		MIMS Environmental/Metagenome sample from metagenome; Keywords: GSC:MIxS MIMS:5.0	ftp.sra.ebi.ac.uk/vol1/fastq/SRR789/009/SRR7899859/SRR7899859_1.fastq.gz;ftp.sra.ebi.ac.uk/vol1/fastq/SRR789/009/SRR7899859/SRR7899859_2.fastq.gz	982a66e5c24615f12ca61aee86778bf1;e20f80757abbbb78f330984ffff88085	1390741;2030218
38	pacheco_montealegre_2020_colombia	PRJNA492720	BactAnII072z2	SRR7899860	mid	72	0.5	pacheco_montealegre_2020_colombia::An::II	2	PAIRED	ILLUMINA	Illumina MiSeq	https://ftp.sra.ebi.ac.uk/vol1/fastq/SRR789/000/SRR7899860/SRR7899860_1.fastq.gz;https://ftp.sra.ebi.ac.uk/vol1/fastq/SRR789/000/SRR7899860/SRR7899860_2.fastq.gz	0b3dce60f73e2aa48521d0796d78baf5;0686fde69bf045325ebb43e589c491ec	1121326;1648342	2769668	all inventory-included runs with complete paired streams; no outcome-based subset	SAMN10112545	BactAnII072z2	Colombia	Antioquia	144	wet			16S rRNA	V4	ENA sample_alias parsed with configured regex	true		MIMS Environmental/Metagenome sample from metagenome; Keywords: GSC:MIxS MIMS:5.0	ftp.sra.ebi.ac.uk/vol1/fastq/SRR789/000/SRR7899860/SRR7899860_1.fastq.gz;ftp.sra.ebi.ac.uk/vol1/fastq/SRR789/000/SRR7899860/SRR7899860_2.fastq.gz	0b3dce60f73e2aa48521d0796d78baf5;0686fde69bf045325ebb43e589c491ec	1121326;1648342
39	pacheco_montealegre_2020_colombia	PRJNA492720	BactAnII084z1	SRR7899851	mid	84	0.58333333	pacheco_montealegre_2020_colombia::An::II	1	PAIRED	ILLUMINA	Illumina MiSeq	https://ftp.sra.ebi.ac.uk/vol1/fastq/SRR789/001/SRR7899851/SRR7899851_1.fastq.gz;https://ftp.sra.ebi.ac.uk/vol1/fastq/SRR789/001/SRR7899851/SRR7899851_2.fastq.gz	89477fc4edcffe21f363c07e69751a6a;9c7353ed031a0da6eb2b764ff8475583	1029972;1503418	2533390	all inventory-included runs with complete paired streams; no outcome-based subset	SAMN10112546	BactAnII084z1	Colombia	Antioquia	144	wet			16S rRNA	V4	ENA sample_alias parsed with configured regex	true		MIMS Environmental/Metagenome sample from metagenome; Keywords: GSC:MIxS MIMS:5.0	ftp.sra.ebi.ac.uk/vol1/fastq/SRR789/001/SRR7899851/SRR7899851_1.fastq.gz;ftp.sra.ebi.ac.uk/vol1/fastq/SRR789/001/SRR7899851/SRR7899851_2.fastq.gz	89477fc4edcffe21f363c07e69751a6a;9c7353ed031a0da6eb2b764ff8475583	1029972;1503418
40	pacheco_montealegre_2020_colombia	PRJNA492720	BactAnII084z2	SRR7899852	mid	84	0.58333333	pacheco_montealegre_2020_colombia::An::II	2	PAIRED	ILLUMINA	Illumina MiSeq	https://ftp.sra.ebi.ac.uk/vol1/fastq/SRR789/002/SRR7899852/SRR7899852_1.fastq.gz;https://ftp.sra.ebi.ac.uk/vol1/fastq/SRR789/002/SRR7899852/SRR7899852_2.fastq.gz	114fc9ef1e9ed5361797917d0c42e410;b61ec4d15720e70a13800648e6dbf0b8	821372;1083211	1904583	all inventory-included runs with complete paired streams; no outcome-based subset	SAMN10112547	BactAnII084z2	Colombia	Antioquia	144	wet			16S rRNA	V4	ENA sample_alias parsed with configured regex	true		MIMS Environmental/Metagenome sample from metagenome; Keywords: GSC:MIxS MIMS:5.0	ftp.sra.ebi.ac.uk/vol1/fastq/SRR789/002/SRR7899852/SRR7899852_1.fastq.gz;ftp.sra.ebi.ac.uk/vol1/fastq/SRR789/002/SRR7899852/SRR7899852_2.fastq.gz	114fc9ef1e9ed5361797917d0c42e410;b61ec4d15720e70a13800648e6dbf0b8	821372;1083211
41	pacheco_montealegre_2020_colombia	PRJNA492720	BactAnII096z1	SRR7899802	late	96	0.66666667	pacheco_montealegre_2020_colombia::An::II	1	PAIRED	ILLUMINA	Illumina MiSeq	https://ftp.sra.ebi.ac.uk/vol1/fastq/SRR789/002/SRR7899802/SRR7899802_1.fastq.gz;https://ftp.sra.ebi.ac.uk/vol1/fastq/SRR789/002/SRR7899802/SRR7899802_2.fastq.gz	a5782a3737b8bc330e5646ec5366b020;2ff0c12863e9b5d3dac21b518cb9c296	784557;1152780	1937337	all inventory-included runs with complete paired streams; no outcome-based subset	SAMN10112548	BactAnII096z1	Colombia	Antioquia	144	wet			16S rRNA	V4	ENA sample_alias parsed with configured regex	true		MIMS Environmental/Metagenome sample from metagenome; Keywords: GSC:MIxS MIMS:5.0	ftp.sra.ebi.ac.uk/vol1/fastq/SRR789/002/SRR7899802/SRR7899802_1.fastq.gz;ftp.sra.ebi.ac.uk/vol1/fastq/SRR789/002/SRR7899802/SRR7899802_2.fastq.gz	a5782a3737b8bc330e5646ec5366b020;2ff0c12863e9b5d3dac21b518cb9c296	784557;1152780
42	pacheco_montealegre_2020_colombia	PRJNA492720	BactAnII096z2	SRR7899801	late	96	0.66666667	pacheco_montealegre_2020_colombia::An::II	2	PAIRED	ILLUMINA	Illumina MiSeq	https://ftp.sra.ebi.ac.uk/vol1/fastq/SRR789/001/SRR7899801/SRR7899801_1.fastq.gz;https://ftp.sra.ebi.ac.uk/vol1/fastq/SRR789/001/SRR7899801/SRR7899801_2.fastq.gz	cfc2d54741c971c1aa08cf649f95f1e2;c96bc3b95e18715739b5f56764611824	866458;1404586	2271044	all inventory-included runs with complete paired streams; no outcome-based subset	SAMN10112549	BactAnII096z2	Colombia	Antioquia	144	wet			16S rRNA	V4	ENA sample_alias parsed with configured regex	true		MIMS Environmental/Metagenome sample from metagenome; Keywords: GSC:MIxS MIMS:5.0	ftp.sra.ebi.ac.uk/vol1/fastq/SRR789/001/SRR7899801/SRR7899801_1.fastq.gz;ftp.sra.ebi.ac.uk/vol1/fastq/SRR789/001/SRR7899801/SRR7899801_2.fastq.gz	cfc2d54741c971c1aa08cf649f95f1e2;c96bc3b95e18715739b5f56764611824	866458;1404586
43	pacheco_montealegre_2020_colombia	PRJNA492720	BactAnII108z1	SRR7899804	late	108	0.75	pacheco_montealegre_2020_colombia::An::II	1	PAIRED	ILLUMINA	Illumina MiSeq	https://ftp.sra.ebi.ac.uk/vol1/fastq/SRR789/004/SRR7899804/SRR7899804_1.fastq.gz;https://ftp.sra.ebi.ac.uk/vol1/fastq/SRR789/004/SRR7899804/SRR7899804_2.fastq.gz	452f4963cfaa83090f15ad1671e052a2;49b5d1b26dd75169352b52aace2c5524	972370;1458078	2430448	all inventory-included runs with complete paired streams; no outcome-based subset	SAMN10112550	BactAnII108z1	Colombia	Antioquia	144	wet			16S rRNA	V4	ENA sample_alias parsed with configured regex	true		MIMS Environmental/Metagenome sample from metagenome; Keywords: GSC:MIxS MIMS:5.0	ftp.sra.ebi.ac.uk/vol1/fastq/SRR789/004/SRR7899804/SRR7899804_1.fastq.gz;ftp.sra.ebi.ac.uk/vol1/fastq/SRR789/004/SRR7899804/SRR7899804_2.fastq.gz	452f4963cfaa83090f15ad1671e052a2;49b5d1b26dd75169352b52aace2c5524	972370;1458078
44	pacheco_montealegre_2020_colombia	PRJNA492720	BactAnII120z1	SRR7899806	late	120	0.83333333	pacheco_montealegre_2020_colombia::An::II	1	PAIRED	ILLUMINA	Illumina MiSeq	https://ftp.sra.ebi.ac.uk/vol1/fastq/SRR789/006/SRR7899806/SRR7899806_1.fastq.gz;https://ftp.sra.ebi.ac.uk/vol1/fastq/SRR789/006/SRR7899806/SRR7899806_2.fastq.gz	0c8e104a533ab3d2d2976ae55c09f685;19712d12c1f65261dfc5a04ff41cfbf2	1859293;2794818	4654111	all inventory-included runs with complete paired streams; no outcome-based subset	SAMN10112552	BactAnII120z1	Colombia	Antioquia	144	wet			16S rRNA	V4	ENA sample_alias parsed with configured regex	true		MIMS Environmental/Metagenome sample from metagenome; Keywords: GSC:MIxS MIMS:5.0	ftp.sra.ebi.ac.uk/vol1/fastq/SRR789/006/SRR7899806/SRR7899806_1.fastq.gz;ftp.sra.ebi.ac.uk/vol1/fastq/SRR789/006/SRR7899806/SRR7899806_2.fastq.gz	0c8e104a533ab3d2d2976ae55c09f685;19712d12c1f65261dfc5a04ff41cfbf2	1859293;2794818
45	pacheco_montealegre_2020_colombia	PRJNA492720	BactAnII120z2	SRR7899805	late	120	0.83333333	pacheco_montealegre_2020_colombia::An::II	2	PAIRED	ILLUMINA	Illumina MiSeq	https://ftp.sra.ebi.ac.uk/vol1/fastq/SRR789/005/SRR7899805/SRR7899805_1.fastq.gz;https://ftp.sra.ebi.ac.uk/vol1/fastq/SRR789/005/SRR7899805/SRR7899805_2.fastq.gz	f02da4e113ba8e4b43cf8b5b66d6d62d;c0cb55f0ae152126c923638ebf90601a	1729703;2915341	4645044	all inventory-included runs with complete paired streams; no outcome-based subset	SAMN10112553	BactAnII120z2	Colombia	Antioquia	144	wet			16S rRNA	V4	ENA sample_alias parsed with configured regex	true		MIMS Environmental/Metagenome sample from metagenome; Keywords: GSC:MIxS MIMS:5.0	ftp.sra.ebi.ac.uk/vol1/fastq/SRR789/005/SRR7899805/SRR7899805_1.fastq.gz;ftp.sra.ebi.ac.uk/vol1/fastq/SRR789/005/SRR7899805/SRR7899805_2.fastq.gz	f02da4e113ba8e4b43cf8b5b66d6d62d;c0cb55f0ae152126c923638ebf90601a	1729703;2915341
46	pacheco_montealegre_2020_colombia	PRJNA492720	BactAnII132z1	SRR7899808	late	132	0.91666667	pacheco_montealegre_2020_colombia::An::II	1	PAIRED	ILLUMINA	Illumina MiSeq	https://ftp.sra.ebi.ac.uk/vol1/fastq/SRR789/008/SRR7899808/SRR7899808_1.fastq.gz;https://ftp.sra.ebi.ac.uk/vol1/fastq/SRR789/008/SRR7899808/SRR7899808_2.fastq.gz	aab148f28025f27ac8ec69b3c04f6067;2f5d10a8899e10bf3ba9f9af674086d3	2915980;4159697	7075677	all inventory-included runs with complete paired streams; no outcome-based subset	SAMN10112554	BactAnII132z1	Colombia	Antioquia	144	wet			16S rRNA	V4	ENA sample_alias parsed with configured regex	true		MIMS Environmental/Metagenome sample from metagenome; Keywords: GSC:MIxS MIMS:5.0	ftp.sra.ebi.ac.uk/vol1/fastq/SRR789/008/SRR7899808/SRR7899808_1.fastq.gz;ftp.sra.ebi.ac.uk/vol1/fastq/SRR789/008/SRR7899808/SRR7899808_2.fastq.gz	aab148f28025f27ac8ec69b3c04f6067;2f5d10a8899e10bf3ba9f9af674086d3	2915980;4159697
47	pacheco_montealegre_2020_colombia	PRJNA492720	BactAnII132z2	SRR7899807	late	132	0.91666667	pacheco_montealegre_2020_colombia::An::II	2	PAIRED	ILLUMINA	Illumina MiSeq	https://ftp.sra.ebi.ac.uk/vol1/fastq/SRR789/007/SRR7899807/SRR7899807_1.fastq.gz;https://ftp.sra.ebi.ac.uk/vol1/fastq/SRR789/007/SRR7899807/SRR7899807_2.fastq.gz	2fe5b9e1eb435c3770367a970bb06e2c;bbb455271f1446070866f8a54539aee9	1486729;2249579	3736308	all inventory-included runs with complete paired streams; no outcome-based subset	SAMN10112555	BactAnII132z2	Colombia	Antioquia	144	wet			16S rRNA	V4	ENA sample_alias parsed with configured regex	true		MIMS Environmental/Metagenome sample from metagenome; Keywords: GSC:MIxS MIMS:5.0	ftp.sra.ebi.ac.uk/vol1/fastq/SRR789/007/SRR7899807/SRR7899807_1.fastq.gz;ftp.sra.ebi.ac.uk/vol1/fastq/SRR789/007/SRR7899807/SRR7899807_2.fastq.gz	2fe5b9e1eb435c3770367a970bb06e2c;bbb455271f1446070866f8a54539aee9	1486729;2249579
48	pacheco_montealegre_2020_colombia	PRJNA492720	BactAnII144z1	SRR7899799	late	144	1	pacheco_montealegre_2020_colombia::An::II	1	PAIRED	ILLUMINA	Illumina MiSeq	https://ftp.sra.ebi.ac.uk/vol1/fastq/SRR789/009/SRR7899799/SRR7899799_1.fastq.gz;https://ftp.sra.ebi.ac.uk/vol1/fastq/SRR789/009/SRR7899799/SRR7899799_2.fastq.gz	f4d5fcc409817b2ec4d4306e22be9e37;34be344f1020382f6c13d9803e059854	1229172;1927358	3156530	all inventory-included runs with complete paired streams; no outcome-based subset	SAMN10112556	BactAnII144z1	Colombia	Antioquia	144	wet			16S rRNA	V4	ENA sample_alias parsed with configured regex	true		MIMS Environmental/Metagenome sample from metagenome; Keywords: GSC:MIxS MIMS:5.0	ftp.sra.ebi.ac.uk/vol1/fastq/SRR789/009/SRR7899799/SRR7899799_1.fastq.gz;ftp.sra.ebi.ac.uk/vol1/fastq/SRR789/009/SRR7899799/SRR7899799_2.fastq.gz	f4d5fcc409817b2ec4d4306e22be9e37;34be344f1020382f6c13d9803e059854	1229172;1927358
49	pacheco_montealegre_2020_colombia	PRJNA492720	BactAnII144z2	SRR7899798	late	144	1	pacheco_montealegre_2020_colombia::An::II	2	PAIRED	ILLUMINA	Illumina MiSeq	https://ftp.sra.ebi.ac.uk/vol1/fastq/SRR789/008/SRR7899798/SRR7899798_1.fastq.gz;https://ftp.sra.ebi.ac.uk/vol1/fastq/SRR789/008/SRR7899798/SRR7899798_2.fastq.gz	9839e7f425d22cf68bb4d67f1d426f1e;6bc933edf11f2ebc36192f07faae1e5e	1244301;1735995	2980296	all inventory-included runs with complete paired streams; no outcome-based subset	SAMN10112557	BactAnII144z2	Colombia	Antioquia	144	wet			16S rRNA	V4	ENA sample_alias parsed with configured regex	true		MIMS Environmental/Metagenome sample from metagenome; Keywords: GSC:MIxS MIMS:5.0	ftp.sra.ebi.ac.uk/vol1/fastq/SRR789/008/SRR7899798/SRR7899798_1.fastq.gz;ftp.sra.ebi.ac.uk/vol1/fastq/SRR789/008/SRR7899798/SRR7899798_2.fastq.gz	9839e7f425d22cf68bb4d67f1d426f1e;6bc933edf11f2ebc36192f07faae1e5e	1244301;1735995
50	pacheco_montealegre_2020_colombia	PRJNA492720	BactSaI000z1	SRR7899656	early	0	0	pacheco_montealegre_2020_colombia::Sa::I	1	PAIRED	ILLUMINA	Illumina MiSeq	https://ftp.sra.ebi.ac.uk/vol1/fastq/SRR789/006/SRR7899656/SRR7899656_1.fastq.gz;https://ftp.sra.ebi.ac.uk/vol1/fastq/SRR789/006/SRR7899656/SRR7899656_2.fastq.gz	a72eb4a3896ebd9064fdd9ca000afdff;10924072953ecfed1cf2673d8308796a	2831930;2550187	5382117	all inventory-included runs with complete paired streams; no outcome-based subset	SAMN10112590	BactSaI000z1	Colombia	Santander	108	dry			16S rRNA	V4	ENA sample_alias parsed with configured regex	true		MIMS Environmental/Metagenome sample from metagenome; Keywords: GSC:MIxS MIMS:5.0	ftp.sra.ebi.ac.uk/vol1/fastq/SRR789/006/SRR7899656/SRR7899656_1.fastq.gz;ftp.sra.ebi.ac.uk/vol1/fastq/SRR789/006/SRR7899656/SRR7899656_2.fastq.gz	a72eb4a3896ebd9064fdd9ca000afdff;10924072953ecfed1cf2673d8308796a	2831930;2550187
51	pacheco_montealegre_2020_colombia	PRJNA492720	BactSaI000z2	SRR7899655	early	0	0	pacheco_montealegre_2020_colombia::Sa::I	2	PAIRED	ILLUMINA	Illumina MiSeq	https://ftp.sra.ebi.ac.uk/vol1/fastq/SRR789/005/SRR7899655/SRR7899655_1.fastq.gz;https://ftp.sra.ebi.ac.uk/vol1/fastq/SRR789/005/SRR7899655/SRR7899655_2.fastq.gz	6e77f1a31770d3f65e4baaedc889c57a;2b5dde6d71ff182e0737b5d788c5c068	1459488;2062242	3521730	all inventory-included runs with complete paired streams; no outcome-based subset	SAMN10112591	BactSaI000z2	Colombia	Santander	108	dry			16S rRNA	V4	ENA sample_alias parsed with configured regex	true		MIMS Environmental/Metagenome sample from metagenome; Keywords: GSC:MIxS MIMS:5.0	ftp.sra.ebi.ac.uk/vol1/fastq/SRR789/005/SRR7899655/SRR7899655_1.fastq.gz;ftp.sra.ebi.ac.uk/vol1/fastq/SRR789/005/SRR7899655/SRR7899655_2.fastq.gz	6e77f1a31770d3f65e4baaedc889c57a;2b5dde6d71ff182e0737b5d788c5c068	1459488;2062242
52	pacheco_montealegre_2020_colombia	PRJNA492720	BactSaI012z1	SRR7899650	early	12	0.11111111	pacheco_montealegre_2020_colombia::Sa::I	1	PAIRED	ILLUMINA	Illumina MiSeq	https://ftp.sra.ebi.ac.uk/vol1/fastq/SRR789/000/SRR7899650/SRR7899650_1.fastq.gz;https://ftp.sra.ebi.ac.uk/vol1/fastq/SRR789/000/SRR7899650/SRR7899650_2.fastq.gz	c5aeaf9a84f7030c25e7024fc9557483;51fa103402cc35f92300bb18422b4581	667901;572952	1240853	all inventory-included runs with complete paired streams; no outcome-based subset	SAMN10112592	BactSaI012z1	Colombia	Santander	108	dry			16S rRNA	V4	ENA sample_alias parsed with configured regex	true		MIMS Environmental/Metagenome sample from metagenome; Keywords: GSC:MIxS MIMS:5.0	ftp.sra.ebi.ac.uk/vol1/fastq/SRR789/000/SRR7899650/SRR7899650.fastq.gz;ftp.sra.ebi.ac.uk/vol1/fastq/SRR789/000/SRR7899650/SRR7899650_1.fastq.gz;ftp.sra.ebi.ac.uk/vol1/fastq/SRR789/000/SRR7899650/SRR7899650_2.fastq.gz	da7242987252e1040f9574c2e957b8e5;c5aeaf9a84f7030c25e7024fc9557483;51fa103402cc35f92300bb18422b4581	177368;667901;572952
53	pacheco_montealegre_2020_colombia	PRJNA492720	BactSaI012z2	SRR7899649	early	12	0.11111111	pacheco_montealegre_2020_colombia::Sa::I	2	PAIRED	ILLUMINA	Illumina MiSeq	https://ftp.sra.ebi.ac.uk/vol1/fastq/SRR789/009/SRR7899649/SRR7899649_1.fastq.gz;https://ftp.sra.ebi.ac.uk/vol1/fastq/SRR789/009/SRR7899649/SRR7899649_2.fastq.gz	59fc0ea742e956f7cc956ce865aeef0d;79f0ba5f9df77798e662dc0e809b2c30	1536943;1473259	3010202	all inventory-included runs with complete paired streams; no outcome-based subset	SAMN10112593	BactSaI012z2	Colombia	Santander	108	dry			16S rRNA	V4	ENA sample_alias parsed with configured regex	true		MIMS Environmental/Metagenome sample from metagenome; Keywords: GSC:MIxS MIMS:5.0	ftp.sra.ebi.ac.uk/vol1/fastq/SRR789/009/SRR7899649/SRR7899649_1.fastq.gz;ftp.sra.ebi.ac.uk/vol1/fastq/SRR789/009/SRR7899649/SRR7899649_2.fastq.gz	59fc0ea742e956f7cc956ce865aeef0d;79f0ba5f9df77798e662dc0e809b2c30	1536943;1473259
54	pacheco_montealegre_2020_colombia	PRJNA492720	BactSaI024z1	SRR7899745	early	24	0.22222222	pacheco_montealegre_2020_colombia::Sa::I	1	PAIRED	ILLUMINA	Illumina MiSeq	https://ftp.sra.ebi.ac.uk/vol1/fastq/SRR789/005/SRR7899745/SRR7899745_1.fastq.gz;https://ftp.sra.ebi.ac.uk/vol1/fastq/SRR789/005/SRR7899745/SRR7899745_2.fastq.gz	e1c5b6b6128485e9613f33f7f208bf70;14a4dc5f4c8f75e0f65981cbb22bb067	1677370;2187023	3864393	all inventory-included runs with complete paired streams; no outcome-based subset	SAMN10112594	BactSaI024z1	Colombia	Santander	108	dry			16S rRNA	V4	ENA sample_alias parsed with configured regex	true		MIMS Environmental/Metagenome sample from metagenome; Keywords: GSC:MIxS MIMS:5.0	ftp.sra.ebi.ac.uk/vol1/fastq/SRR789/005/SRR7899745/SRR7899745_1.fastq.gz;ftp.sra.ebi.ac.uk/vol1/fastq/SRR789/005/SRR7899745/SRR7899745_2.fastq.gz	e1c5b6b6128485e9613f33f7f208bf70;14a4dc5f4c8f75e0f65981cbb22bb067	1677370;2187023
55	pacheco_montealegre_2020_colombia	PRJNA492720	BactSaI024z2	SRR7899744	early	24	0.22222222	pacheco_montealegre_2020_colombia::Sa::I	2	PAIRED	ILLUMINA	Illumina MiSeq	https://ftp.sra.ebi.ac.uk/vol1/fastq/SRR789/004/SRR7899744/SRR7899744_1.fastq.gz;https://ftp.sra.ebi.ac.uk/vol1/fastq/SRR789/004/SRR7899744/SRR7899744_2.fastq.gz	b2009acc24ee7c3a177e0776187ef0f7;e1dac3bd59261e77bb55a2221e201c86	2199123;2823145	5022268	all inventory-included runs with complete paired streams; no outcome-based subset	SAMN10112595	BactSaI024z2	Colombia	Santander	108	dry			16S rRNA	V4	ENA sample_alias parsed with configured regex	true		MIMS Environmental/Metagenome sample from metagenome; Keywords: GSC:MIxS MIMS:5.0	ftp.sra.ebi.ac.uk/vol1/fastq/SRR789/004/SRR7899744/SRR7899744_1.fastq.gz;ftp.sra.ebi.ac.uk/vol1/fastq/SRR789/004/SRR7899744/SRR7899744_2.fastq.gz	b2009acc24ee7c3a177e0776187ef0f7;e1dac3bd59261e77bb55a2221e201c86	2199123;2823145
56	pacheco_montealegre_2020_colombia	PRJNA492720	BactSaI036z1	SRR7899730	mid	36	0.33333333	pacheco_montealegre_2020_colombia::Sa::I	1	PAIRED	ILLUMINA	Illumina MiSeq	https://ftp.sra.ebi.ac.uk/vol1/fastq/SRR789/000/SRR7899730/SRR7899730_1.fastq.gz;https://ftp.sra.ebi.ac.uk/vol1/fastq/SRR789/000/SRR7899730/SRR7899730_2.fastq.gz	3f0ca5573b69def7721517cf34448369;fc3a9b7a774cf357debf3829c129da26	599377;483713	1083090	all inventory-included runs with complete paired streams; no outcome-based subset	SAMN10112596	BactSaI036z1	Colombia	Santander	108	dry			16S rRNA	V4	ENA sample_alias parsed with configured regex	true		MIMS Environmental/Metagenome sample from metagenome; Keywords: GSC:MIxS MIMS:5.0	ftp.sra.ebi.ac.uk/vol1/fastq/SRR789/000/SRR7899730/SRR7899730.fastq.gz;ftp.sra.ebi.ac.uk/vol1/fastq/SRR789/000/SRR7899730/SRR7899730_1.fastq.gz;ftp.sra.ebi.ac.uk/vol1/fastq/SRR789/000/SRR7899730/SRR7899730_2.fastq.gz	bcf982472a0db70a6e4ffb6296c4f560;3f0ca5573b69def7721517cf34448369;fc3a9b7a774cf357debf3829c129da26	156355;599377;483713
57	pacheco_montealegre_2020_colombia	PRJNA492720	BactSaI036z2	SRR7899800	mid	36	0.33333333	pacheco_montealegre_2020_colombia::Sa::I	2	PAIRED	ILLUMINA	Illumina MiSeq	https://ftp.sra.ebi.ac.uk/vol1/fastq/SRR789/000/SRR7899800/SRR7899800_1.fastq.gz;https://ftp.sra.ebi.ac.uk/vol1/fastq/SRR789/000/SRR7899800/SRR7899800_2.fastq.gz	12ab525de7ab1de896d67b3daf6a56b6;febcea45a1c318745553702aa1f45de7	2018517;2913413	4931930	all inventory-included runs with complete paired streams; no outcome-based subset	SAMN10112597	BactSaI036z2	Colombia	Santander	108	dry			16S rRNA	V4	ENA sample_alias parsed with configured regex	true		MIMS Environmental/Metagenome sample from metagenome; Keywords: GSC:MIxS MIMS:5.0	ftp.sra.ebi.ac.uk/vol1/fastq/SRR789/000/SRR7899800/SRR7899800_1.fastq.gz;ftp.sra.ebi.ac.uk/vol1/fastq/SRR789/000/SRR7899800/SRR7899800_2.fastq.gz	12ab525de7ab1de896d67b3daf6a56b6;febcea45a1c318745553702aa1f45de7	2018517;2913413
58	pacheco_montealegre_2020_colombia	PRJNA492720	BactSaI048z1	SRR7899699	mid	48	0.44444444	pacheco_montealegre_2020_colombia::Sa::I	1	PAIRED	ILLUMINA	Illumina MiSeq	https://ftp.sra.ebi.ac.uk/vol1/fastq/SRR789/009/SRR7899699/SRR7899699_1.fastq.gz;https://ftp.sra.ebi.ac.uk/vol1/fastq/SRR789/009/SRR7899699/SRR7899699_2.fastq.gz	14d213d9c0c75c72cf63eeab99600420;5b59a53c9972bb729b18c039568ec27e	3195969;5202188	8398157	all inventory-included runs with complete paired streams; no outcome-based subset	SAMN10112598	BactSaI048z1	Colombia	Santander	108	dry			16S rRNA	V4	ENA sample_alias parsed with configured regex	true		MIMS Environmental/Metagenome sample from metagenome; Keywords: GSC:MIxS MIMS:5.0	ftp.sra.ebi.ac.uk/vol1/fastq/SRR789/009/SRR7899699/SRR7899699_1.fastq.gz;ftp.sra.ebi.ac.uk/vol1/fastq/SRR789/009/SRR7899699/SRR7899699_2.fastq.gz	14d213d9c0c75c72cf63eeab99600420;5b59a53c9972bb729b18c039568ec27e	3195969;5202188
59	pacheco_montealegre_2020_colombia	PRJNA492720	BactSaI048z2	SRR7899700	mid	48	0.44444444	pacheco_montealegre_2020_colombia::Sa::I	2	PAIRED	ILLUMINA	Illumina MiSeq	https://ftp.sra.ebi.ac.uk/vol1/fastq/SRR789/000/SRR7899700/SRR7899700_1.fastq.gz;https://ftp.sra.ebi.ac.uk/vol1/fastq/SRR789/000/SRR7899700/SRR7899700_2.fastq.gz	c3a2d0a77e74ad098fc5304a6868db32;ee96e6e7d1662d25ac20b30070a7133d	1784491;2537212	4321703	all inventory-included runs with complete paired streams; no outcome-based subset	SAMN10112599	BactSaI048z2	Colombia	Santander	108	dry			16S rRNA	V4	ENA sample_alias parsed with configured regex	true		MIMS Environmental/Metagenome sample from metagenome; Keywords: GSC:MIxS MIMS:5.0	ftp.sra.ebi.ac.uk/vol1/fastq/SRR789/000/SRR7899700/SRR7899700_1.fastq.gz;ftp.sra.ebi.ac.uk/vol1/fastq/SRR789/000/SRR7899700/SRR7899700_2.fastq.gz	c3a2d0a77e74ad098fc5304a6868db32;ee96e6e7d1662d25ac20b30070a7133d	1784491;2537212
60	pacheco_montealegre_2020_colombia	PRJNA492720	BactSaI060z1	SRR7899697	mid	60	0.55555556	pacheco_montealegre_2020_colombia::Sa::I	1	PAIRED	ILLUMINA	Illumina MiSeq	https://ftp.sra.ebi.ac.uk/vol1/fastq/SRR789/007/SRR7899697/SRR7899697_1.fastq.gz;https://ftp.sra.ebi.ac.uk/vol1/fastq/SRR789/007/SRR7899697/SRR7899697_2.fastq.gz	321c5a6c6b53de26bcb00c1381a8c99b;08e2074d1036f2c50d068e69cc2aec31	862472;1263737	2126209	all inventory-included runs with complete paired streams; no outcome-based subset	SAMN10112600	BactSaI060z1	Colombia	Santander	108	dry			16S rRNA	V4	ENA sample_alias parsed with configured regex	true		MIMS Environmental/Metagenome sample from metagenome; Keywords: GSC:MIxS MIMS:5.0	ftp.sra.ebi.ac.uk/vol1/fastq/SRR789/007/SRR7899697/SRR7899697_1.fastq.gz;ftp.sra.ebi.ac.uk/vol1/fastq/SRR789/007/SRR7899697/SRR7899697_2.fastq.gz	321c5a6c6b53de26bcb00c1381a8c99b;08e2074d1036f2c50d068e69cc2aec31	862472;1263737
61	pacheco_montealegre_2020_colombia	PRJNA492720	BactSaI060z2	SRR7899698	mid	60	0.55555556	pacheco_montealegre_2020_colombia::Sa::I	2	PAIRED	ILLUMINA	Illumina MiSeq	https://ftp.sra.ebi.ac.uk/vol1/fastq/SRR789/008/SRR7899698/SRR7899698_1.fastq.gz;https://ftp.sra.ebi.ac.uk/vol1/fastq/SRR789/008/SRR7899698/SRR7899698_2.fastq.gz	05ca4d9a5560f4d1940a6a873b918361;ff9bdd528936e369fc99254b9357bf5c	1356086;2057248	3413334	all inventory-included runs with complete paired streams; no outcome-based subset	SAMN10112601	BactSaI060z2	Colombia	Santander	108	dry			16S rRNA	V4	ENA sample_alias parsed with configured regex	true		MIMS Environmental/Metagenome sample from metagenome; Keywords: GSC:MIxS MIMS:5.0	ftp.sra.ebi.ac.uk/vol1/fastq/SRR789/008/SRR7899698/SRR7899698_1.fastq.gz;ftp.sra.ebi.ac.uk/vol1/fastq/SRR789/008/SRR7899698/SRR7899698_2.fastq.gz	05ca4d9a5560f4d1940a6a873b918361;ff9bdd528936e369fc99254b9357bf5c	1356086;2057248
62	pacheco_montealegre_2020_colombia	PRJNA492720	BactSaI072z1	SRR7899884	late	72	0.66666667	pacheco_montealegre_2020_colombia::Sa::I	1	PAIRED	ILLUMINA	Illumina MiSeq	https://ftp.sra.ebi.ac.uk/vol1/fastq/SRR789/004/SRR7899884/SRR7899884_1.fastq.gz;https://ftp.sra.ebi.ac.uk/vol1/fastq/SRR789/004/SRR7899884/SRR7899884_2.fastq.gz	e59dbc60f28671f1576bf128511850cf;fd84ff3dd60757652df9f5b134e7e4c7	1159147;1716729	2875876	all inventory-included runs with complete paired streams; no outcome-based subset	SAMN10112602	BactSaI072z1	Colombia	Santander	108	dry			16S rRNA	V4	ENA sample_alias parsed with configured regex	true		MIMS Environmental/Metagenome sample from metagenome; Keywords: GSC:MIxS MIMS:5.0	ftp.sra.ebi.ac.uk/vol1/fastq/SRR789/004/SRR7899884/SRR7899884_1.fastq.gz;ftp.sra.ebi.ac.uk/vol1/fastq/SRR789/004/SRR7899884/SRR7899884_2.fastq.gz	e59dbc60f28671f1576bf128511850cf;fd84ff3dd60757652df9f5b134e7e4c7	1159147;1716729
63	pacheco_montealegre_2020_colombia	PRJNA492720	BactSaI072z2	SRR7899696	late	72	0.66666667	pacheco_montealegre_2020_colombia::Sa::I	2	PAIRED	ILLUMINA	Illumina MiSeq	https://ftp.sra.ebi.ac.uk/vol1/fastq/SRR789/006/SRR7899696/SRR7899696_1.fastq.gz;https://ftp.sra.ebi.ac.uk/vol1/fastq/SRR789/006/SRR7899696/SRR7899696_2.fastq.gz	8834c787d51300751f69a8071356e393;274ff4ff3b7601d11589ff381743e836	1882555;2760920	4643475	all inventory-included runs with complete paired streams; no outcome-based subset	SAMN10112603	BactSaI072z2	Colombia	Santander	108	dry			16S rRNA	V4	ENA sample_alias parsed with configured regex	true		MIMS Environmental/Metagenome sample from metagenome; Keywords: GSC:MIxS MIMS:5.0	ftp.sra.ebi.ac.uk/vol1/fastq/SRR789/006/SRR7899696/SRR7899696_1.fastq.gz;ftp.sra.ebi.ac.uk/vol1/fastq/SRR789/006/SRR7899696/SRR7899696_2.fastq.gz	8834c787d51300751f69a8071356e393;274ff4ff3b7601d11589ff381743e836	1882555;2760920
64	pacheco_montealegre_2020_colombia	PRJNA492720	BactSaI084z1	SRR7899693	late	84	0.77777778	pacheco_montealegre_2020_colombia::Sa::I	1	PAIRED	ILLUMINA	Illumina MiSeq	https://ftp.sra.ebi.ac.uk/vol1/fastq/SRR789/003/SRR7899693/SRR7899693_1.fastq.gz;https://ftp.sra.ebi.ac.uk/vol1/fastq/SRR789/003/SRR7899693/SRR7899693_2.fastq.gz	498a9bec335ed2a47c7255f297660330;73e016d92adc31a85d3d752cf5b7091a	1679222;2461869	4141091	all inventory-included runs with complete paired streams; no outcome-based subset	SAMN10112604	BactSaI084z1	Colombia	Santander	108	dry			16S rRNA	V4	ENA sample_alias parsed with configured regex	true		MIMS Environmental/Metagenome sample from metagenome; Keywords: GSC:MIxS MIMS:5.0	ftp.sra.ebi.ac.uk/vol1/fastq/SRR789/003/SRR7899693/SRR7899693_1.fastq.gz;ftp.sra.ebi.ac.uk/vol1/fastq/SRR789/003/SRR7899693/SRR7899693_2.fastq.gz	498a9bec335ed2a47c7255f297660330;73e016d92adc31a85d3d752cf5b7091a	1679222;2461869
65	pacheco_montealegre_2020_colombia	PRJNA492720	BactSaI084z2	SRR7899694	late	84	0.77777778	pacheco_montealegre_2020_colombia::Sa::I	2	PAIRED	ILLUMINA	Illumina MiSeq	https://ftp.sra.ebi.ac.uk/vol1/fastq/SRR789/004/SRR7899694/SRR7899694_1.fastq.gz;https://ftp.sra.ebi.ac.uk/vol1/fastq/SRR789/004/SRR7899694/SRR7899694_2.fastq.gz	55275aa8b55443bec1d8a6dc53912484;104c95c10841c0c5e9c4b6f139b92f9f	1017042;1509154	2526196	all inventory-included runs with complete paired streams; no outcome-based subset	SAMN10112605	BactSaI084z2	Colombia	Santander	108	dry			16S rRNA	V4	ENA sample_alias parsed with configured regex	true		MIMS Environmental/Metagenome sample from metagenome; Keywords: GSC:MIxS MIMS:5.0	ftp.sra.ebi.ac.uk/vol1/fastq/SRR789/004/SRR7899694/SRR7899694_1.fastq.gz;ftp.sra.ebi.ac.uk/vol1/fastq/SRR789/004/SRR7899694/SRR7899694_2.fastq.gz	55275aa8b55443bec1d8a6dc53912484;104c95c10841c0c5e9c4b6f139b92f9f	1017042;1509154
66	pacheco_montealegre_2020_colombia	PRJNA492720	BactSaI096z1	SRR7899691	late	96	0.88888889	pacheco_montealegre_2020_colombia::Sa::I	1	PAIRED	ILLUMINA	Illumina MiSeq	https://ftp.sra.ebi.ac.uk/vol1/fastq/SRR789/001/SRR7899691/SRR7899691_1.fastq.gz;https://ftp.sra.ebi.ac.uk/vol1/fastq/SRR789/001/SRR7899691/SRR7899691_2.fastq.gz	cafa56f28f37ca4f6a6cd63b3bcfc73b;dd1b1d8b582b82665a0137a8593784ae	1927877;2903545	4831422	all inventory-included runs with complete paired streams; no outcome-based subset	SAMN10112606	BactSaI096z1	Colombia	Santander	108	dry			16S rRNA	V4	ENA sample_alias parsed with configured regex	true		MIMS Environmental/Metagenome sample from metagenome; Keywords: GSC:MIxS MIMS:5.0	ftp.sra.ebi.ac.uk/vol1/fastq/SRR789/001/SRR7899691/SRR7899691_1.fastq.gz;ftp.sra.ebi.ac.uk/vol1/fastq/SRR789/001/SRR7899691/SRR7899691_2.fastq.gz	cafa56f28f37ca4f6a6cd63b3bcfc73b;dd1b1d8b582b82665a0137a8593784ae	1927877;2903545
67	pacheco_montealegre_2020_colombia	PRJNA492720	BactSaI096z2	SRR7899692	late	96	0.88888889	pacheco_montealegre_2020_colombia::Sa::I	2	PAIRED	ILLUMINA	Illumina MiSeq	https://ftp.sra.ebi.ac.uk/vol1/fastq/SRR789/002/SRR7899692/SRR7899692_1.fastq.gz;https://ftp.sra.ebi.ac.uk/vol1/fastq/SRR789/002/SRR7899692/SRR7899692_2.fastq.gz	21ef5d74a6c56b4db6fe221f0a34827c;70227ea2307cbbd90397138601ceb923	884311;1285652	2169963	all inventory-included runs with complete paired streams; no outcome-based subset	SAMN10112607	BactSaI096z2	Colombia	Santander	108	dry			16S rRNA	V4	ENA sample_alias parsed with configured regex	true		MIMS Environmental/Metagenome sample from metagenome; Keywords: GSC:MIxS MIMS:5.0	ftp.sra.ebi.ac.uk/vol1/fastq/SRR789/002/SRR7899692/SRR7899692_1.fastq.gz;ftp.sra.ebi.ac.uk/vol1/fastq/SRR789/002/SRR7899692/SRR7899692_2.fastq.gz	21ef5d74a6c56b4db6fe221f0a34827c;70227ea2307cbbd90397138601ceb923	884311;1285652
68	pacheco_montealegre_2020_colombia	PRJNA492720	BactSaI108z1	SRR7899727	late	108	1	pacheco_montealegre_2020_colombia::Sa::I	1	PAIRED	ILLUMINA	Illumina MiSeq	https://ftp.sra.ebi.ac.uk/vol1/fastq/SRR789/007/SRR7899727/SRR7899727_1.fastq.gz;https://ftp.sra.ebi.ac.uk/vol1/fastq/SRR789/007/SRR7899727/SRR7899727_2.fastq.gz	379d6d4610079c2c73f462991e927bb4;351f626bd3acfc4762ef49d6bd6da773	2714103;4019462	6733565	all inventory-included runs with complete paired streams; no outcome-based subset	SAMN10112608	BactSaI108z1	Colombia	Santander	108	dry			16S rRNA	V4	ENA sample_alias parsed with configured regex	true		MIMS Environmental/Metagenome sample from metagenome; Keywords: GSC:MIxS MIMS:5.0	ftp.sra.ebi.ac.uk/vol1/fastq/SRR789/007/SRR7899727/SRR7899727_1.fastq.gz;ftp.sra.ebi.ac.uk/vol1/fastq/SRR789/007/SRR7899727/SRR7899727_2.fastq.gz	379d6d4610079c2c73f462991e927bb4;351f626bd3acfc4762ef49d6bd6da773	2714103;4019462
69	pacheco_montealegre_2020_colombia	PRJNA492720	BactSaI108z2	SRR7899726	late	108	1	pacheco_montealegre_2020_colombia::Sa::I	2	PAIRED	ILLUMINA	Illumina MiSeq	https://ftp.sra.ebi.ac.uk/vol1/fastq/SRR789/006/SRR7899726/SRR7899726_1.fastq.gz;https://ftp.sra.ebi.ac.uk/vol1/fastq/SRR789/006/SRR7899726/SRR7899726_2.fastq.gz	34b757bb341cdffcc62cea6e164633c9;4fe19a68db2fc143a4e68923180ed6bc	1020284;1485068	2505352	all inventory-included runs with complete paired streams; no outcome-based subset	SAMN10112609	BactSaI108z2	Colombia	Santander	108	dry			16S rRNA	V4	ENA sample_alias parsed with configured regex	true		MIMS Environmental/Metagenome sample from metagenome; Keywords: GSC:MIxS MIMS:5.0	ftp.sra.ebi.ac.uk/vol1/fastq/SRR789/006/SRR7899726/SRR7899726_1.fastq.gz;ftp.sra.ebi.ac.uk/vol1/fastq/SRR789/006/SRR7899726/SRR7899726_2.fastq.gz	34b757bb341cdffcc62cea6e164633c9;4fe19a68db2fc143a4e68923180ed6bc	1020284;1485068
70	pacheco_montealegre_2020_colombia	PRJNA492720	BactSaII000z1	SRR7899849	early	0	0	pacheco_montealegre_2020_colombia::Sa::II	1	PAIRED	ILLUMINA	Illumina MiSeq	https://ftp.sra.ebi.ac.uk/vol1/fastq/SRR789/009/SRR7899849/SRR7899849_1.fastq.gz;https://ftp.sra.ebi.ac.uk/vol1/fastq/SRR789/009/SRR7899849/SRR7899849_2.fastq.gz	121eed9631dedcd5ee5cc02a78093501;9975458f0ddb4bf361c07f2b2e2b0a74	5628855;5035621	10664476	all inventory-included runs with complete paired streams; no outcome-based subset	SAMN10112610	BactSaII000z1	Colombia	Santander	132	wet			16S rRNA	V4	ENA sample_alias parsed with configured regex	true		MIMS Environmental/Metagenome sample from metagenome; Keywords: GSC:MIxS MIMS:5.0	ftp.sra.ebi.ac.uk/vol1/fastq/SRR789/009/SRR7899849/SRR7899849_1.fastq.gz;ftp.sra.ebi.ac.uk/vol1/fastq/SRR789/009/SRR7899849/SRR7899849_2.fastq.gz	121eed9631dedcd5ee5cc02a78093501;9975458f0ddb4bf361c07f2b2e2b0a74	5628855;5035621
71	pacheco_montealegre_2020_colombia	PRJNA492720	BactSaII000z2	SRR7899843	early	0	0	pacheco_montealegre_2020_colombia::Sa::II	2	PAIRED	ILLUMINA	Illumina MiSeq	https://ftp.sra.ebi.ac.uk/vol1/fastq/SRR789/003/SRR7899843/SRR7899843_1.fastq.gz;https://ftp.sra.ebi.ac.uk/vol1/fastq/SRR789/003/SRR7899843/SRR7899843_2.fastq.gz	9da614943e65a00674a5063c15e997f8;feceeea1308f37af909995a2c99fe8fd	3537420;3761488	7298908	all inventory-included runs with complete paired streams; no outcome-based subset	SAMN10112611	BactSaII000z2	Colombia	Santander	132	wet			16S rRNA	V4	ENA sample_alias parsed with configured regex	true		MIMS Environmental/Metagenome sample from metagenome; Keywords: GSC:MIxS MIMS:5.0	ftp.sra.ebi.ac.uk/vol1/fastq/SRR789/003/SRR7899843/SRR7899843_1.fastq.gz;ftp.sra.ebi.ac.uk/vol1/fastq/SRR789/003/SRR7899843/SRR7899843_2.fastq.gz	9da614943e65a00674a5063c15e997f8;feceeea1308f37af909995a2c99fe8fd	3537420;3761488
72	pacheco_montealegre_2020_colombia	PRJNA492720	BactSaII012z1	SRR7899723	early	12	0.090909091	pacheco_montealegre_2020_colombia::Sa::II	1	PAIRED	ILLUMINA	Illumina MiSeq	https://ftp.sra.ebi.ac.uk/vol1/fastq/SRR789/003/SRR7899723/SRR7899723_1.fastq.gz;https://ftp.sra.ebi.ac.uk/vol1/fastq/SRR789/003/SRR7899723/SRR7899723_2.fastq.gz	cb58748b829e130418ecff405341900b;6b2cd3de6d8cf89d684a38ef7d55ff37	4806371;5198290	10004661	all inventory-included runs with complete paired streams; no outcome-based subset	SAMN10112612	BactSaII012z1	Colombia	Santander	132	wet			16S rRNA	V4	ENA sample_alias parsed with configured regex	true		MIMS Environmental/Metagenome sample from metagenome; Keywords: GSC:MIxS MIMS:5.0	ftp.sra.ebi.ac.uk/vol1/fastq/SRR789/003/SRR7899723/SRR7899723_1.fastq.gz;ftp.sra.ebi.ac.uk/vol1/fastq/SRR789/003/SRR7899723/SRR7899723_2.fastq.gz	cb58748b829e130418ecff405341900b;6b2cd3de6d8cf89d684a38ef7d55ff37	4806371;5198290
73	pacheco_montealegre_2020_colombia	PRJNA492720	BactSaII012z2	SRR7899722	early	12	0.090909091	pacheco_montealegre_2020_colombia::Sa::II	2	PAIRED	ILLUMINA	Illumina MiSeq	https://ftp.sra.ebi.ac.uk/vol1/fastq/SRR789/002/SRR7899722/SRR7899722_1.fastq.gz;https://ftp.sra.ebi.ac.uk/vol1/fastq/SRR789/002/SRR7899722/SRR7899722_2.fastq.gz	b8730eac815567a60a351950806fa312;d92b90e8e6e0b87db0bc135199d4bfd8	3955039;3989815	7944854	all inventory-included runs with complete paired streams; no outcome-based subset	SAMN10112613	BactSaII012z2	Colombia	Santander	132	wet			16S rRNA	V4	ENA sample_alias parsed with configured regex	true		MIMS Environmental/Metagenome sample from metagenome; Keywords: GSC:MIxS MIMS:5.0	ftp.sra.ebi.ac.uk/vol1/fastq/SRR789/002/SRR7899722/SRR7899722_1.fastq.gz;ftp.sra.ebi.ac.uk/vol1/fastq/SRR789/002/SRR7899722/SRR7899722_2.fastq.gz	b8730eac815567a60a351950806fa312;d92b90e8e6e0b87db0bc135199d4bfd8	3955039;3989815
74	pacheco_montealegre_2020_colombia	PRJNA492720	BactSaII024z1	SRR7899725	early	24	0.18181818	pacheco_montealegre_2020_colombia::Sa::II	1	PAIRED	ILLUMINA	Illumina MiSeq	https://ftp.sra.ebi.ac.uk/vol1/fastq/SRR789/005/SRR7899725/SRR7899725_1.fastq.gz;https://ftp.sra.ebi.ac.uk/vol1/fastq/SRR789/005/SRR7899725/SRR7899725_2.fastq.gz	b748532fe31be5145684e33f22bb8272;5d385b7741fb74699c4eebc4bed3959e	3178150;3783540	6961690	all inventory-included runs with complete paired streams; no outcome-based subset	SAMN10112614	BactSaII024z1	Colombia	Santander	132	wet			16S rRNA	V4	ENA sample_alias parsed with configured regex	true		MIMS Environmental/Metagenome sample from metagenome; Keywords: GSC:MIxS MIMS:5.0	ftp.sra.ebi.ac.uk/vol1/fastq/SRR789/005/SRR7899725/SRR7899725_1.fastq.gz;ftp.sra.ebi.ac.uk/vol1/fastq/SRR789/005/SRR7899725/SRR7899725_2.fastq.gz	b748532fe31be5145684e33f22bb8272;5d385b7741fb74699c4eebc4bed3959e	3178150;3783540
75	pacheco_montealegre_2020_colombia	PRJNA492720	BactSaII024z2	SRR7899724	early	24	0.18181818	pacheco_montealegre_2020_colombia::Sa::II	2	PAIRED	ILLUMINA	Illumina MiSeq	https://ftp.sra.ebi.ac.uk/vol1/fastq/SRR789/004/SRR7899724/SRR7899724_1.fastq.gz;https://ftp.sra.ebi.ac.uk/vol1/fastq/SRR789/004/SRR7899724/SRR7899724_2.fastq.gz	6559c352ce488b42c9ec354feb3ce200;1b0c1e71189b2707cd8cc6b2b0e24cd1	4342893;4989208	9332101	all inventory-included runs with complete paired streams; no outcome-based subset	SAMN10112615	BactSaII024z2	Colombia	Santander	132	wet			16S rRNA	V4	ENA sample_alias parsed with configured regex	true		MIMS Environmental/Metagenome sample from metagenome; Keywords: GSC:MIxS MIMS:5.0	ftp.sra.ebi.ac.uk/vol1/fastq/SRR789/004/SRR7899724/SRR7899724_1.fastq.gz;ftp.sra.ebi.ac.uk/vol1/fastq/SRR789/004/SRR7899724/SRR7899724_2.fastq.gz	6559c352ce488b42c9ec354feb3ce200;1b0c1e71189b2707cd8cc6b2b0e24cd1	4342893;4989208
76	pacheco_montealegre_2020_colombia	PRJNA492720	BactSaII036z1	SRR7899719	early	36	0.27272727	pacheco_montealegre_2020_colombia::Sa::II	1	PAIRED	ILLUMINA	Illumina MiSeq	https://ftp.sra.ebi.ac.uk/vol1/fastq/SRR789/009/SRR7899719/SRR7899719_1.fastq.gz;https://ftp.sra.ebi.ac.uk/vol1/fastq/SRR789/009/SRR7899719/SRR7899719_2.fastq.gz	8ad9491558dc48af0ba95a65808e4306;a8a226abfbdc16dc0478682c04a0cacc	3408510;2936844	6345354	all inventory-included runs with complete paired streams; no outcome-based subset	SAMN10112616	BactSaII036z1	Colombia	Santander	132	wet			16S rRNA	V4	ENA sample_alias parsed with configured regex	true		MIMS Environmental/Metagenome sample from metagenome; Keywords: GSC:MIxS MIMS:5.0	ftp.sra.ebi.ac.uk/vol1/fastq/SRR789/009/SRR7899719/SRR7899719_1.fastq.gz;ftp.sra.ebi.ac.uk/vol1/fastq/SRR789/009/SRR7899719/SRR7899719_2.fastq.gz	8ad9491558dc48af0ba95a65808e4306;a8a226abfbdc16dc0478682c04a0cacc	3408510;2936844
77	pacheco_montealegre_2020_colombia	PRJNA492720	BactSaII036z2	SRR7899718	early	36	0.27272727	pacheco_montealegre_2020_colombia::Sa::II	2	PAIRED	ILLUMINA	Illumina MiSeq	https://ftp.sra.ebi.ac.uk/vol1/fastq/SRR789/008/SRR7899718/SRR7899718_1.fastq.gz;https://ftp.sra.ebi.ac.uk/vol1/fastq/SRR789/008/SRR7899718/SRR7899718_2.fastq.gz	71fec1e454735741398584ed66adf9a5;46d08aa7a7a0cf781f6d7a331dc05f4e	3875815;3726984	7602799	all inventory-included runs with complete paired streams; no outcome-based subset	SAMN10112617	BactSaII036z2	Colombia	Santander	132	wet			16S rRNA	V4	ENA sample_alias parsed with configured regex	true		MIMS Environmental/Metagenome sample from metagenome; Keywords: GSC:MIxS MIMS:5.0	ftp.sra.ebi.ac.uk/vol1/fastq/SRR789/008/SRR7899718/SRR7899718_1.fastq.gz;ftp.sra.ebi.ac.uk/vol1/fastq/SRR789/008/SRR7899718/SRR7899718_2.fastq.gz	71fec1e454735741398584ed66adf9a5;46d08aa7a7a0cf781f6d7a331dc05f4e	3875815;3726984
78	pacheco_montealegre_2020_colombia	PRJNA492720	BactSaII048z1	SRR7899687	mid	48	0.36363636	pacheco_montealegre_2020_colombia::Sa::II	1	PAIRED	ILLUMINA	Illumina MiSeq	https://ftp.sra.ebi.ac.uk/vol1/fastq/SRR789/007/SRR7899687/SRR7899687_1.fastq.gz;https://ftp.sra.ebi.ac.uk/vol1/fastq/SRR789/007/SRR7899687/SRR7899687_2.fastq.gz	057ded005401c58ce247e58fc5e1d79f;3beacb6c754d3fdf55e4eeed1542810a	3982668;4104998	8087666	all inventory-included runs with complete paired streams; no outcome-based subset	SAMN10112618	BactSaII048z1	Colombia	Santander	132	wet			16S rRNA	V4	ENA sample_alias parsed with configured regex	true		MIMS Environmental/Metagenome sample from metagenome; Keywords: GSC:MIxS MIMS:5.0	ftp.sra.ebi.ac.uk/vol1/fastq/SRR789/007/SRR7899687/SRR7899687_1.fastq.gz;ftp.sra.ebi.ac.uk/vol1/fastq/SRR789/007/SRR7899687/SRR7899687_2.fastq.gz	057ded005401c58ce247e58fc5e1d79f;3beacb6c754d3fdf55e4eeed1542810a	3982668;4104998
79	pacheco_montealegre_2020_colombia	PRJNA492720	BactSaII048z2	SRR7899688	mid	48	0.36363636	pacheco_montealegre_2020_colombia::Sa::II	2	PAIRED	ILLUMINA	Illumina MiSeq	https://ftp.sra.ebi.ac.uk/vol1/fastq/SRR789/008/SRR7899688/SRR7899688_1.fastq.gz;https://ftp.sra.ebi.ac.uk/vol1/fastq/SRR789/008/SRR7899688/SRR7899688_2.fastq.gz	3691611c5e635a4c47d3124e8396344c;05e487861cd83c2360df3ca9b1d951cc	2883923;3295071	6178994	all inventory-included runs with complete paired streams; no outcome-based subset	SAMN10112619	BactSaII048z2	Colombia	Santander	132	wet			16S rRNA	V4	ENA sample_alias parsed with configured regex	true		MIMS Environmental/Metagenome sample from metagenome; Keywords: GSC:MIxS MIMS:5.0	ftp.sra.ebi.ac.uk/vol1/fastq/SRR789/008/SRR7899688/SRR7899688_1.fastq.gz;ftp.sra.ebi.ac.uk/vol1/fastq/SRR789/008/SRR7899688/SRR7899688_2.fastq.gz	3691611c5e635a4c47d3124e8396344c;05e487861cd83c2360df3ca9b1d951cc	2883923;3295071
80	pacheco_montealegre_2020_colombia	PRJNA492720	BactSaII060z1	SRR7899685	mid	60	0.45454545	pacheco_montealegre_2020_colombia::Sa::II	1	PAIRED	ILLUMINA	Illumina MiSeq	https://ftp.sra.ebi.ac.uk/vol1/fastq/SRR789/005/SRR7899685/SRR7899685_1.fastq.gz;https://ftp.sra.ebi.ac.uk/vol1/fastq/SRR789/005/SRR7899685/SRR7899685_2.fastq.gz	e405a814e5f0766e7c98a4df523dd447;f32881e79c2c89127b7f910e284000bc	2141984;2961503	5103487	all inventory-included runs with complete paired streams; no outcome-based subset	SAMN10112620	BactSaII060z1	Colombia	Santander	132	wet			16S rRNA	V4	ENA sample_alias parsed with configured regex	true		MIMS Environmental/Metagenome sample from metagenome; Keywords: GSC:MIxS MIMS:5.0	ftp.sra.ebi.ac.uk/vol1/fastq/SRR789/005/SRR7899685/SRR7899685_1.fastq.gz;ftp.sra.ebi.ac.uk/vol1/fastq/SRR789/005/SRR7899685/SRR7899685_2.fastq.gz	e405a814e5f0766e7c98a4df523dd447;f32881e79c2c89127b7f910e284000bc	2141984;2961503
81	pacheco_montealegre_2020_colombia	PRJNA492720	BactSaII060z2	SRR7899686	mid	60	0.45454545	pacheco_montealegre_2020_colombia::Sa::II	2	PAIRED	ILLUMINA	Illumina MiSeq	https://ftp.sra.ebi.ac.uk/vol1/fastq/SRR789/006/SRR7899686/SRR7899686_1.fastq.gz;https://ftp.sra.ebi.ac.uk/vol1/fastq/SRR789/006/SRR7899686/SRR7899686_2.fastq.gz	f2c16c18530b6fdb478c9c3eb3ba6a9f;2f24e5affd382a81755223f44d985b26	3113859;3806296	6920155	all inventory-included runs with complete paired streams; no outcome-based subset	SAMN10112621	BactSaII060z2	Colombia	Santander	132	wet			16S rRNA	V4	ENA sample_alias parsed with configured regex	true		MIMS Environmental/Metagenome sample from metagenome; Keywords: GSC:MIxS MIMS:5.0	ftp.sra.ebi.ac.uk/vol1/fastq/SRR789/006/SRR7899686/SRR7899686_1.fastq.gz;ftp.sra.ebi.ac.uk/vol1/fastq/SRR789/006/SRR7899686/SRR7899686_2.fastq.gz	f2c16c18530b6fdb478c9c3eb3ba6a9f;2f24e5affd382a81755223f44d985b26	3113859;3806296
82	pacheco_montealegre_2020_colombia	PRJNA492720	BactSaII072z1	SRR7899683	mid	72	0.54545455	pacheco_montealegre_2020_colombia::Sa::II	1	PAIRED	ILLUMINA	Illumina MiSeq	https://ftp.sra.ebi.ac.uk/vol1/fastq/SRR789/003/SRR7899683/SRR7899683_1.fastq.gz;https://ftp.sra.ebi.ac.uk/vol1/fastq/SRR789/003/SRR7899683/SRR7899683_2.fastq.gz	81a5eaee42d9c0bcde00bd7088250aa2;a3f582d0473369c4b7a7a3fc376cfd36	1685289;2473143	4158432	all inventory-included runs with complete paired streams; no outcome-based subset	SAMN10112622	BactSaII072z1	Colombia	Santander	132	wet			16S rRNA	V4	ENA sample_alias parsed with configured regex	true		MIMS Environmental/Metagenome sample from metagenome; Keywords: GSC:MIxS MIMS:5.0	ftp.sra.ebi.ac.uk/vol1/fastq/SRR789/003/SRR7899683/SRR7899683_1.fastq.gz;ftp.sra.ebi.ac.uk/vol1/fastq/SRR789/003/SRR7899683/SRR7899683_2.fastq.gz	81a5eaee42d9c0bcde00bd7088250aa2;a3f582d0473369c4b7a7a3fc376cfd36	1685289;2473143
83	pacheco_montealegre_2020_colombia	PRJNA492720	BactSaII072z2	SRR7899684	mid	72	0.54545455	pacheco_montealegre_2020_colombia::Sa::II	2	PAIRED	ILLUMINA	Illumina MiSeq	https://ftp.sra.ebi.ac.uk/vol1/fastq/SRR789/004/SRR7899684/SRR7899684_1.fastq.gz;https://ftp.sra.ebi.ac.uk/vol1/fastq/SRR789/004/SRR7899684/SRR7899684_2.fastq.gz	009e0cde42c27f482f3cbe8f4679d33e;cf36be311f23e4b25f67b278e85d2e58	2794493;3225893	6020386	all inventory-included runs with complete paired streams; no outcome-based subset	SAMN10112623	BactSaII072z2	Colombia	Santander	132	wet			16S rRNA	V4	ENA sample_alias parsed with configured regex	true		MIMS Environmental/Metagenome sample from metagenome; Keywords: GSC:MIxS MIMS:5.0	ftp.sra.ebi.ac.uk/vol1/fastq/SRR789/004/SRR7899684/SRR7899684_1.fastq.gz;ftp.sra.ebi.ac.uk/vol1/fastq/SRR789/004/SRR7899684/SRR7899684_2.fastq.gz	009e0cde42c27f482f3cbe8f4679d33e;cf36be311f23e4b25f67b278e85d2e58	2794493;3225893
84	pacheco_montealegre_2020_colombia	PRJNA492720	BactSaII084z1	SRR7899681	mid	84	0.63636364	pacheco_montealegre_2020_colombia::Sa::II	1	PAIRED	ILLUMINA	Illumina MiSeq	https://ftp.sra.ebi.ac.uk/vol1/fastq/SRR789/001/SRR7899681/SRR7899681_1.fastq.gz;https://ftp.sra.ebi.ac.uk/vol1/fastq/SRR789/001/SRR7899681/SRR7899681_2.fastq.gz	e2ab76ff3c4ef2d5e386dd215cc3bc3c;1aedd8d6ca90454240ea3b67751ac4be	2459680;3613514	6073194	all inventory-included runs with complete paired streams; no outcome-based subset	SAMN10112624	BactSaII084z1	Colombia	Santander	132	wet			16S rRNA	V4	ENA sample_alias parsed with configured regex	true		MIMS Environmental/Metagenome sample from metagenome; Keywords: GSC:MIxS MIMS:5.0	ftp.sra.ebi.ac.uk/vol1/fastq/SRR789/001/SRR7899681/SRR7899681_1.fastq.gz;ftp.sra.ebi.ac.uk/vol1/fastq/SRR789/001/SRR7899681/SRR7899681_2.fastq.gz	e2ab76ff3c4ef2d5e386dd215cc3bc3c;1aedd8d6ca90454240ea3b67751ac4be	2459680;3613514
85	pacheco_montealegre_2020_colombia	PRJNA492720	BactSaII084z2	SRR7899682	mid	84	0.63636364	pacheco_montealegre_2020_colombia::Sa::II	2	PAIRED	ILLUMINA	Illumina MiSeq	https://ftp.sra.ebi.ac.uk/vol1/fastq/SRR789/002/SRR7899682/SRR7899682_1.fastq.gz;https://ftp.sra.ebi.ac.uk/vol1/fastq/SRR789/002/SRR7899682/SRR7899682_2.fastq.gz	7e3615287c47fd19324b90e44ff72ced;e15cfa9280591351e50e617ac2e429ab	2377692;3121758	5499450	all inventory-included runs with complete paired streams; no outcome-based subset	SAMN10112625	BactSaII084z2	Colombia	Santander	132	wet			16S rRNA	V4	ENA sample_alias parsed with configured regex	true		MIMS Environmental/Metagenome sample from metagenome; Keywords: GSC:MIxS MIMS:5.0	ftp.sra.ebi.ac.uk/vol1/fastq/SRR789/002/SRR7899682/SRR7899682_1.fastq.gz;ftp.sra.ebi.ac.uk/vol1/fastq/SRR789/002/SRR7899682/SRR7899682_2.fastq.gz	7e3615287c47fd19324b90e44ff72ced;e15cfa9280591351e50e617ac2e429ab	2377692;3121758
86	pacheco_montealegre_2020_colombia	PRJNA492720	BactSaII096z1	SRR7899679	late	96	0.72727273	pacheco_montealegre_2020_colombia::Sa::II	1	PAIRED	ILLUMINA	Illumina MiSeq	https://ftp.sra.ebi.ac.uk/vol1/fastq/SRR789/009/SRR7899679/SRR7899679_1.fastq.gz;https://ftp.sra.ebi.ac.uk/vol1/fastq/SRR789/009/SRR7899679/SRR7899679_2.fastq.gz	dd9a074885f68a3be97b62b68c31c8e2;ffe3b44e00327fc5df380da17f9790eb	2061276;3096925	5158201	all inventory-included runs with complete paired streams; no outcome-based subset	SAMN10112626	BactSaII096z1	Colombia	Santander	132	wet			16S rRNA	V4	ENA sample_alias parsed with configured regex	true		MIMS Environmental/Metagenome sample from metagenome; Keywords: GSC:MIxS MIMS:5.0	ftp.sra.ebi.ac.uk/vol1/fastq/SRR789/009/SRR7899679/SRR7899679_1.fastq.gz;ftp.sra.ebi.ac.uk/vol1/fastq/SRR789/009/SRR7899679/SRR7899679_2.fastq.gz	dd9a074885f68a3be97b62b68c31c8e2;ffe3b44e00327fc5df380da17f9790eb	2061276;3096925
87	pacheco_montealegre_2020_colombia	PRJNA492720	BactSaII096z2	SRR7899680	late	96	0.72727273	pacheco_montealegre_2020_colombia::Sa::II	2	PAIRED	ILLUMINA	Illumina MiSeq	https://ftp.sra.ebi.ac.uk/vol1/fastq/SRR789/000/SRR7899680/SRR7899680_1.fastq.gz;https://ftp.sra.ebi.ac.uk/vol1/fastq/SRR789/000/SRR7899680/SRR7899680_2.fastq.gz	1e64a384de984ad8d3da9eb268becfd8;b9b033cc84fd100cbd0b8188842609ed	1872509;2669770	4542279	all inventory-included runs with complete paired streams; no outcome-based subset	SAMN10112627	BactSaII096z2	Colombia	Santander	132	wet			16S rRNA	V4	ENA sample_alias parsed with configured regex	true		MIMS Environmental/Metagenome sample from metagenome; Keywords: GSC:MIxS MIMS:5.0	ftp.sra.ebi.ac.uk/vol1/fastq/SRR789/000/SRR7899680/SRR7899680_1.fastq.gz;ftp.sra.ebi.ac.uk/vol1/fastq/SRR789/000/SRR7899680/SRR7899680_2.fastq.gz	1e64a384de984ad8d3da9eb268becfd8;b9b033cc84fd100cbd0b8188842609ed	1872509;2669770
88	pacheco_montealegre_2020_colombia	PRJNA492720	BactSaII108z1	SRR7899644	late	108	0.81818182	pacheco_montealegre_2020_colombia::Sa::II	1	PAIRED	ILLUMINA	Illumina MiSeq	https://ftp.sra.ebi.ac.uk/vol1/fastq/SRR789/004/SRR7899644/SRR7899644_1.fastq.gz;https://ftp.sra.ebi.ac.uk/vol1/fastq/SRR789/004/SRR7899644/SRR7899644_2.fastq.gz	b1f0055e917ccf9e63bc66b7a8d0836c;b2918bf266104a9852f6c45d15839d77	1793107;2672289	4465396	all inventory-included runs with complete paired streams; no outcome-based subset	SAMN10112628	BactSaII108z1	Colombia	Santander	132	wet			16S rRNA	V4	ENA sample_alias parsed with configured regex	true		MIMS Environmental/Metagenome sample from metagenome; Keywords: GSC:MIxS MIMS:5.0	ftp.sra.ebi.ac.uk/vol1/fastq/SRR789/004/SRR7899644/SRR7899644_1.fastq.gz;ftp.sra.ebi.ac.uk/vol1/fastq/SRR789/004/SRR7899644/SRR7899644_2.fastq.gz	b1f0055e917ccf9e63bc66b7a8d0836c;b2918bf266104a9852f6c45d15839d77	1793107;2672289
89	pacheco_montealegre_2020_colombia	PRJNA492720	BactSaII108z2	SRR7899643	late	108	0.81818182	pacheco_montealegre_2020_colombia::Sa::II	2	PAIRED	ILLUMINA	Illumina MiSeq	https://ftp.sra.ebi.ac.uk/vol1/fastq/SRR789/003/SRR7899643/SRR7899643_1.fastq.gz;https://ftp.sra.ebi.ac.uk/vol1/fastq/SRR789/003/SRR7899643/SRR7899643_2.fastq.gz	ab16a6c039568a149ff15875ca29e8aa;0781fa0854b805a6bd76fa8b5133cf01	2405478;3218818	5624296	all inventory-included runs with complete paired streams; no outcome-based subset	SAMN10112629	BactSaII108z2	Colombia	Santander	132	wet			16S rRNA	V4	ENA sample_alias parsed with configured regex	true		MIMS Environmental/Metagenome sample from metagenome; Keywords: GSC:MIxS MIMS:5.0	ftp.sra.ebi.ac.uk/vol1/fastq/SRR789/003/SRR7899643/SRR7899643_1.fastq.gz;ftp.sra.ebi.ac.uk/vol1/fastq/SRR789/003/SRR7899643/SRR7899643_2.fastq.gz	ab16a6c039568a149ff15875ca29e8aa;0781fa0854b805a6bd76fa8b5133cf01	2405478;3218818
90	pacheco_montealegre_2020_colombia	PRJNA492720	BactSaII120z1	SRR7899642	late	120	0.90909091	pacheco_montealegre_2020_colombia::Sa::II	1	PAIRED	ILLUMINA	Illumina MiSeq	https://ftp.sra.ebi.ac.uk/vol1/fastq/SRR789/002/SRR7899642/SRR7899642_1.fastq.gz;https://ftp.sra.ebi.ac.uk/vol1/fastq/SRR789/002/SRR7899642/SRR7899642_2.fastq.gz	aaabd423a7836b005bc672b461d94d6e;bad0ba7693e815819010bb04e3391910	977863;1338160	2316023	all inventory-included runs with complete paired streams; no outcome-based subset	SAMN10112630	BactSaII120z1	Colombia	Santander	132	wet			16S rRNA	V4	ENA sample_alias parsed with configured regex	true		MIMS Environmental/Metagenome sample from metagenome; Keywords: GSC:MIxS MIMS:5.0	ftp.sra.ebi.ac.uk/vol1/fastq/SRR789/002/SRR7899642/SRR7899642_1.fastq.gz;ftp.sra.ebi.ac.uk/vol1/fastq/SRR789/002/SRR7899642/SRR7899642_2.fastq.gz	aaabd423a7836b005bc672b461d94d6e;bad0ba7693e815819010bb04e3391910	977863;1338160
91	pacheco_montealegre_2020_colombia	PRJNA492720	BactSaII120z2	SRR7899641	late	120	0.90909091	pacheco_montealegre_2020_colombia::Sa::II	2	PAIRED	ILLUMINA	Illumina MiSeq	https://ftp.sra.ebi.ac.uk/vol1/fastq/SRR789/001/SRR7899641/SRR7899641_1.fastq.gz;https://ftp.sra.ebi.ac.uk/vol1/fastq/SRR789/001/SRR7899641/SRR7899641_2.fastq.gz	25eafbb9d5369f0a9adf6cfe3562e74b;5c626716dc9c3181a0c545f234abb64f	2613834;3009907	5623741	all inventory-included runs with complete paired streams; no outcome-based subset	SAMN10112631	BactSaII120z2	Colombia	Santander	132	wet			16S rRNA	V4	ENA sample_alias parsed with configured regex	true		MIMS Environmental/Metagenome sample from metagenome; Keywords: GSC:MIxS MIMS:5.0	ftp.sra.ebi.ac.uk/vol1/fastq/SRR789/001/SRR7899641/SRR7899641_1.fastq.gz;ftp.sra.ebi.ac.uk/vol1/fastq/SRR789/001/SRR7899641/SRR7899641_2.fastq.gz	25eafbb9d5369f0a9adf6cfe3562e74b;5c626716dc9c3181a0c545f234abb64f	2613834;3009907
92	pacheco_montealegre_2020_colombia	PRJNA492720	BactSaII132z1	SRR7899648	late	132	1	pacheco_montealegre_2020_colombia::Sa::II	1	PAIRED	ILLUMINA	Illumina MiSeq	https://ftp.sra.ebi.ac.uk/vol1/fastq/SRR789/008/SRR7899648/SRR7899648_1.fastq.gz;https://ftp.sra.ebi.ac.uk/vol1/fastq/SRR789/008/SRR7899648/SRR7899648_2.fastq.gz	63fcbb3312ecdf2d1ac9256bad290a09;b53db738057a51ff73caba8a00530a27	988773;1458120	2446893	all inventory-included runs with complete paired streams; no outcome-based subset	SAMN10112632	BactSaII132z1	Colombia	Santander	132	wet			16S rRNA	V4	ENA sample_alias parsed with configured regex	true		MIMS Environmental/Metagenome sample from metagenome; Keywords: GSC:MIxS MIMS:5.0	ftp.sra.ebi.ac.uk/vol1/fastq/SRR789/008/SRR7899648/SRR7899648_1.fastq.gz;ftp.sra.ebi.ac.uk/vol1/fastq/SRR789/008/SRR7899648/SRR7899648_2.fastq.gz	63fcbb3312ecdf2d1ac9256bad290a09;b53db738057a51ff73caba8a00530a27	988773;1458120
93	pacheco_montealegre_2020_colombia	PRJNA492720	BactSaII132z2	SRR7899647	late	132	1	pacheco_montealegre_2020_colombia::Sa::II	2	PAIRED	ILLUMINA	Illumina MiSeq	https://ftp.sra.ebi.ac.uk/vol1/fastq/SRR789/007/SRR7899647/SRR7899647_1.fastq.gz;https://ftp.sra.ebi.ac.uk/vol1/fastq/SRR789/007/SRR7899647/SRR7899647_2.fastq.gz	d074289ab2e63654b3408ffcd9297f18;550a16a8e0791037ebe78583469574ac	1017551;1295761	2313312	all inventory-included runs with complete paired streams; no outcome-based subset	SAMN10112633	BactSaII132z2	Colombia	Santander	132	wet			16S rRNA	V4	ENA sample_alias parsed with configured regex	true		MIMS Environmental/Metagenome sample from metagenome; Keywords: GSC:MIxS MIMS:5.0	ftp.sra.ebi.ac.uk/vol1/fastq/SRR789/007/SRR7899647/SRR7899647_1.fastq.gz;ftp.sra.ebi.ac.uk/vol1/fastq/SRR789/007/SRR7899647/SRR7899647_2.fastq.gz	d074289ab2e63654b3408ffcd9297f18;550a16a8e0791037ebe78583469574ac	1017551;1295761
