study_id	bioproject	sample_id	run_accession	read_direction	read_file	total_sequences	total_bases	minimum_read_length	maximum_read_length	sequence_length	average_sequence_length	median_sequence_length	gc_percent	poor_quality_sequences	basic_statistics_status	per_base_quality_status	per_sequence_quality_status	per_base_content_status	per_sequence_gc_status	per_base_n_content_status	sequence_length_distribution_status	sequence_duplication_status	overrepresented_sequences_status	adapter_content_status
pacheco_montealegre_2020_colombia	PRJNA492720	BactSaII048z1	SRR7899687	R1	SRR7899687_1.fastq.gz	50132	11152425	220	223	220-223	222.4612024255964	222	54.0	0	pass	pass	pass	fail	fail	pass	warn	fail	fail	pass
pacheco_montealegre_2020_colombia	PRJNA492720	BactSaII048z1	SRR7899687	R2	SRR7899687_2.fastq.gz	50132	11149860	215	223	215-223	222.41003750099736	222	53.0	0	pass	pass	pass	fail	fail	pass	warn	fail	fail	pass
pacheco_montealegre_2020_colombia	PRJNA492720	BactAnI000z1	SRR7899728	R1	SRR7899728_1.fastq.gz	23585	5252489	222	223	222-223	222.70464278142887	223	56.0	0	pass	pass	pass	fail	fail	pass	warn	fail	fail	pass
pacheco_montealegre_2020_colombia	PRJNA492720	BactAnI000z1	SRR7899728	R2	SRR7899728_2.fastq.gz	23585	5244492	220	223	220-223	222.36557133771464	222	56.0	0	pass	pass	pass	fail	warn	pass	warn	fail	fail	pass
pacheco_montealegre_2020_colombia	PRJNA492720	BactSaI036z2	SRR7899800	R1	SRR7899800_1.fastq.gz	39278	8733128	220	223	220-223	222.34146341463415	222	54.0	0	pass	pass	pass	fail	fail	pass	warn	fail	fail	pass
pacheco_montealegre_2020_colombia	PRJNA492720	BactSaI036z2	SRR7899800	R2	SRR7899800_2.fastq.gz	39278	8735665	221	223	221-223	222.40605427974947	222	53.0	0	pass	pass	pass	fail	fail	pass	warn	fail	fail	pass
pacheco_montealegre_2020_colombia	PRJNA492720	BactAnII000z2	SRR7899814	R1	SRR7899814_1.fastq.gz	22450	4999558	220	223	220-223	222.6974610244989	223	56.0	0	pass	pass	pass	fail	fail	pass	warn	fail	fail	pass
pacheco_montealegre_2020_colombia	PRJNA492720	BactAnII000z2	SRR7899814	R2	SRR7899814_2.fastq.gz	22450	4992135	220	223	220-223	222.36681514476615	222	56.0	0	pass	pass	pass	fail	pass	pass	warn	fail	fail	pass
pacheco_montealegre_2020_colombia	PRJNA492720	BactSaI072z1	SRR7899884	R1	SRR7899884_1.fastq.gz	23387	5200096	219	223	219-223	222.3498524821482	222	53.0	0	pass	pass	pass	fail	fail	pass	warn	fail	fail	pass
pacheco_montealegre_2020_colombia	PRJNA492720	BactSaI072z1	SRR7899884	R2	SRR7899884_2.fastq.gz	23387	5201662	214	223	214-223	222.41681275922522	222	53.0	0	pass	pass	pass	fail	fail	pass	warn	fail	fail	pass
pacheco_montealegre_2020_colombia	PRJNA492720	BactAnI096z2	SRR7899911	R1	SRR7899911_1.fastq.gz	17966	3994484	221	223	221-223	222.3357452966715	222	54.0	0	pass	pass	pass	fail	fail	pass	warn	fail	fail	pass
pacheco_montealegre_2020_colombia	PRJNA492720	BactAnI096z2	SRR7899911	R2	SRR7899911_2.fastq.gz	17966	3995331	215	223	215-223	222.38288990315039	222	53.0	0	pass	pass	pass	fail	fail	pass	warn	fail	fail	pass
