path	md5
config/config.yaml	cd73759f5d13698b55b4cab865caca22
metadata/pilot_manifest.tsv	270669752a27752ea992c76cb4f7e158
scripts/dada2/run_pilot.R	28a816a933468ace6b5f00414edb3b0d
scripts/dada2/helpers.R	b229f399f0981aba093b07b51522b87a
data/interim/pacheco_montealegre_2020_colombia/pilot/SRR7899728/SRR7899728_1.fastq.gz	55418cbb829f441116b8b213ee9268c0
data/interim/pacheco_montealegre_2020_colombia/pilot/SRR7899814/SRR7899814_1.fastq.gz	6ceadc93ce5c2994aba2d5e22db43881
data/interim/pacheco_montealegre_2020_colombia/pilot/SRR7899800/SRR7899800_1.fastq.gz	84add2b6a9ddcba9af82b01427f62799
data/interim/pacheco_montealegre_2020_colombia/pilot/SRR7899687/SRR7899687_1.fastq.gz	0a277b4afbf27fd46cbfd07798fef91f
data/interim/pacheco_montealegre_2020_colombia/pilot/SRR7899884/SRR7899884_1.fastq.gz	83fc87000d4f3e5efca9c3bd7b0fcb3c
data/interim/pacheco_montealegre_2020_colombia/pilot/SRR7899911/SRR7899911_1.fastq.gz	0f2a989e83950fc7856c9107f5280a45
data/interim/pacheco_montealegre_2020_colombia/pilot/SRR7899728/SRR7899728_2.fastq.gz	9033804ca1afb32c2c375968b18c7937
data/interim/pacheco_montealegre_2020_colombia/pilot/SRR7899814/SRR7899814_2.fastq.gz	3941dc650e6884039a8a550484f284e7
data/interim/pacheco_montealegre_2020_colombia/pilot/SRR7899800/SRR7899800_2.fastq.gz	99b6820a8ec7e570daa1e241a7ec81d2
data/interim/pacheco_montealegre_2020_colombia/pilot/SRR7899687/SRR7899687_2.fastq.gz	540a5777ac1be5ffd73febcc0d67d566
data/interim/pacheco_montealegre_2020_colombia/pilot/SRR7899884/SRR7899884_2.fastq.gz	1cee371cf2d4ae21ac2d6c20d690ffda
data/interim/pacheco_montealegre_2020_colombia/pilot/SRR7899911/SRR7899911_2.fastq.gz	e33ee86242b3fce299592825ec82f6a4
results/qc/pilot/raw_read_quality.tsv	a5a9f4684d9c7d31b3e50301c9700e96
results/qc/pilot/trimmed_read_quality.tsv	22569443c58837423f5ee1730a6f1147
