study_id	min_boot	rank	assigned_asvs	total_asvs	assigned_reads	total_reads
pacheco_montealegre_2020_colombia	80	Kingdom	93	93	156561	156561
pacheco_montealegre_2020_colombia	80	Phylum	93	93	156561	156561
pacheco_montealegre_2020_colombia	80	Class	93	93	156561	156561
pacheco_montealegre_2020_colombia	80	Order	91	93	156528	156561
pacheco_montealegre_2020_colombia	80	Family	79	93	100348	156561
pacheco_montealegre_2020_colombia	80	Genus	64	93	99481	156561
pacheco_montealegre_2020_colombia	50	Kingdom	93	93	156561	156561
pacheco_montealegre_2020_colombia	50	Phylum	93	93	156561	156561
pacheco_montealegre_2020_colombia	50	Class	93	93	156561	156561
pacheco_montealegre_2020_colombia	50	Order	93	93	156561	156561
pacheco_montealegre_2020_colombia	50	Family	87	93	105372	156561
pacheco_montealegre_2020_colombia	50	Genus	79	93	104974	156561
