study_id	sample_id	min_boot	rank	assigned_reads	total_reads
pacheco_montealegre_2020_colombia	BactAnI000z1	80	Kingdom	20920	20920
pacheco_montealegre_2020_colombia	BactAnI000z1	80	Phylum	20920	20920
pacheco_montealegre_2020_colombia	BactAnI000z1	80	Class	20920	20920
pacheco_montealegre_2020_colombia	BactAnI000z1	80	Order	20920	20920
pacheco_montealegre_2020_colombia	BactAnI000z1	80	Family	545	20920
pacheco_montealegre_2020_colombia	BactAnI000z1	80	Genus	483	20920
pacheco_montealegre_2020_colombia	BactAnII000z2	80	Kingdom	20127	20127
pacheco_montealegre_2020_colombia	BactAnII000z2	80	Phylum	20127	20127
pacheco_montealegre_2020_colombia	BactAnII000z2	80	Class	20127	20127
pacheco_montealegre_2020_colombia	BactAnII000z2	80	Order	20106	20127
pacheco_montealegre_2020_colombia	BactAnII000z2	80	Family	94	20127
pacheco_montealegre_2020_colombia	BactAnII000z2	80	Genus	84	20127
pacheco_montealegre_2020_colombia	BactSaI036z2	80	Kingdom	36599	36599
pacheco_montealegre_2020_colombia	BactSaI036z2	80	Phylum	36599	36599
pacheco_montealegre_2020_colombia	BactSaI036z2	80	Class	36599	36599
pacheco_montealegre_2020_colombia	BactSaI036z2	80	Order	36599	36599
pacheco_montealegre_2020_colombia	BactSaI036z2	80	Family	36405	36599
pacheco_montealegre_2020_colombia	BactSaI036z2	80	Genus	36265	36599
pacheco_montealegre_2020_colombia	BactSaII048z1	80	Kingdom	40110	40110
pacheco_montealegre_2020_colombia	BactSaII048z1	80	Phylum	40110	40110
pacheco_montealegre_2020_colombia	BactSaII048z1	80	Class	40110	40110
pacheco_montealegre_2020_colombia	BactSaII048z1	80	Order	40098	40110
pacheco_montealegre_2020_colombia	BactSaII048z1	80	Family	24507	40110
pacheco_montealegre_2020_colombia	BactSaII048z1	80	Genus	24140	40110
pacheco_montealegre_2020_colombia	BactSaI072z1	80	Kingdom	21847	21847
pacheco_montealegre_2020_colombia	BactSaI072z1	80	Phylum	21847	21847
pacheco_montealegre_2020_colombia	BactSaI072z1	80	Class	21847	21847
pacheco_montealegre_2020_colombia	BactSaI072z1	80	Order	21847	21847
pacheco_montealegre_2020_colombia	BactSaI072z1	80	Family	21839	21847
pacheco_montealegre_2020_colombia	BactSaI072z1	80	Genus	21551	21847
pacheco_montealegre_2020_colombia	BactAnI096z2	80	Kingdom	16958	16958
pacheco_montealegre_2020_colombia	BactAnI096z2	80	Phylum	16958	16958
pacheco_montealegre_2020_colombia	BactAnI096z2	80	Class	16958	16958
pacheco_montealegre_2020_colombia	BactAnI096z2	80	Order	16958	16958
pacheco_montealegre_2020_colombia	BactAnI096z2	80	Family	16958	16958
pacheco_montealegre_2020_colombia	BactAnI096z2	80	Genus	16958	16958
pacheco_montealegre_2020_colombia	BactAnI000z1	50	Kingdom	20920	20920
pacheco_montealegre_2020_colombia	BactAnI000z1	50	Phylum	20920	20920
pacheco_montealegre_2020_colombia	BactAnI000z1	50	Class	20920	20920
pacheco_montealegre_2020_colombia	BactAnI000z1	50	Order	20920	20920
pacheco_montealegre_2020_colombia	BactAnI000z1	50	Family	712	20920
pacheco_montealegre_2020_colombia	BactAnI000z1	50	Genus	650	20920
pacheco_montealegre_2020_colombia	BactAnII000z2	50	Kingdom	20127	20127
pacheco_montealegre_2020_colombia	BactAnII000z2	50	Phylum	20127	20127
pacheco_montealegre_2020_colombia	BactAnII000z2	50	Class	20127	20127
pacheco_montealegre_2020_colombia	BactAnII000z2	50	Order	20127	20127
pacheco_montealegre_2020_colombia	BactAnII000z2	50	Family	4206	20127
pacheco_montealegre_2020_colombia	BactAnII000z2	50	Genus	3984	20127
pacheco_montealegre_2020_colombia	BactSaI036z2	50	Kingdom	36599	36599
pacheco_montealegre_2020_colombia	BactSaI036z2	50	Phylum	36599	36599
pacheco_montealegre_2020_colombia	BactSaI036z2	50	Class	36599	36599
pacheco_montealegre_2020_colombia	BactSaI036z2	50	Order	36599	36599
pacheco_montealegre_2020_colombia	BactSaI036z2	50	Family	36405	36599
pacheco_montealegre_2020_colombia	BactSaI036z2	50	Genus	36405	36599
pacheco_montealegre_2020_colombia	BactSaII048z1	50	Kingdom	40110	40110
pacheco_montealegre_2020_colombia	BactSaII048z1	50	Phylum	40110	40110
pacheco_montealegre_2020_colombia	BactSaII048z1	50	Class	40110	40110
pacheco_montealegre_2020_colombia	BactSaII048z1	50	Order	40110	40110
pacheco_montealegre_2020_colombia	BactSaII048z1	50	Family	25252	40110
pacheco_montealegre_2020_colombia	BactSaII048z1	50	Genus	25138	40110
pacheco_montealegre_2020_colombia	BactSaI072z1	50	Kingdom	21847	21847
pacheco_montealegre_2020_colombia	BactSaI072z1	50	Phylum	21847	21847
pacheco_montealegre_2020_colombia	BactSaI072z1	50	Class	21847	21847
pacheco_montealegre_2020_colombia	BactSaI072z1	50	Order	21847	21847
pacheco_montealegre_2020_colombia	BactSaI072z1	50	Family	21839	21847
pacheco_montealegre_2020_colombia	BactSaI072z1	50	Genus	21839	21847
pacheco_montealegre_2020_colombia	BactAnI096z2	50	Kingdom	16958	16958
pacheco_montealegre_2020_colombia	BactAnI096z2	50	Phylum	16958	16958
pacheco_montealegre_2020_colombia	BactAnI096z2	50	Class	16958	16958
pacheco_montealegre_2020_colombia	BactAnI096z2	50	Order	16958	16958
pacheco_montealegre_2020_colombia	BactAnI096z2	50	Family	16958	16958
pacheco_montealegre_2020_colombia	BactAnI096z2	50	Genus	16958	16958
