study_id	asv_id	total_reads	kingdom_status	organelle_flag	named_genus	excluded
pacheco_montealegre_2020_colombia	pacheco_montealegre_2020_colombia__ASV000001	91	bacterial	Chloroplast	FALSE	FALSE
pacheco_montealegre_2020_colombia	pacheco_montealegre_2020_colombia__ASV000002	22	bacterial		FALSE	FALSE
pacheco_montealegre_2020_colombia	pacheco_montealegre_2020_colombia__ASV000003	32628	bacterial	Chloroplast	FALSE	FALSE
pacheco_montealegre_2020_colombia	pacheco_montealegre_2020_colombia__ASV000004	14	bacterial		TRUE	FALSE
pacheco_montealegre_2020_colombia	pacheco_montealegre_2020_colombia__ASV000005	42	bacterial		TRUE	FALSE
pacheco_montealegre_2020_colombia	pacheco_montealegre_2020_colombia__ASV000006	41	bacterial		TRUE	FALSE
pacheco_montealegre_2020_colombia	pacheco_montealegre_2020_colombia__ASV000007	10	bacterial	Mitochondria	FALSE	FALSE
pacheco_montealegre_2020_colombia	pacheco_montealegre_2020_colombia__ASV000008	31	bacterial		TRUE	FALSE
pacheco_montealegre_2020_colombia	pacheco_montealegre_2020_colombia__ASV000009	53	bacterial		FALSE	FALSE
pacheco_montealegre_2020_colombia	pacheco_montealegre_2020_colombia__ASV000010	30	bacterial		TRUE	FALSE
pacheco_montealegre_2020_colombia	pacheco_montealegre_2020_colombia__ASV000011	45	bacterial		TRUE	FALSE
pacheco_montealegre_2020_colombia	pacheco_montealegre_2020_colombia__ASV000012	95	bacterial		FALSE	FALSE
pacheco_montealegre_2020_colombia	pacheco_montealegre_2020_colombia__ASV000013	174	bacterial		TRUE	FALSE
pacheco_montealegre_2020_colombia	pacheco_montealegre_2020_colombia__ASV000014	37	bacterial		TRUE	FALSE
pacheco_montealegre_2020_colombia	pacheco_montealegre_2020_colombia__ASV000015	126	bacterial		TRUE	FALSE
pacheco_montealegre_2020_colombia	pacheco_montealegre_2020_colombia__ASV000016	16928	bacterial		TRUE	FALSE
pacheco_montealegre_2020_colombia	pacheco_montealegre_2020_colombia__ASV000017	157	bacterial		TRUE	FALSE
pacheco_montealegre_2020_colombia	pacheco_montealegre_2020_colombia__ASV000018	54	bacterial		TRUE	FALSE
pacheco_montealegre_2020_colombia	pacheco_montealegre_2020_colombia__ASV000019	54	bacterial		TRUE	FALSE
pacheco_montealegre_2020_colombia	pacheco_montealegre_2020_colombia__ASV000020	77	bacterial	Mitochondria	FALSE	FALSE
pacheco_montealegre_2020_colombia	pacheco_montealegre_2020_colombia__ASV000021	47	bacterial		FALSE	FALSE
pacheco_montealegre_2020_colombia	pacheco_montealegre_2020_colombia__ASV000022	921	bacterial		TRUE	FALSE
pacheco_montealegre_2020_colombia	pacheco_montealegre_2020_colombia__ASV000023	1373	bacterial		TRUE	FALSE
pacheco_montealegre_2020_colombia	pacheco_montealegre_2020_colombia__ASV000024	68	bacterial		TRUE	FALSE
pacheco_montealegre_2020_colombia	pacheco_montealegre_2020_colombia__ASV000025	391	bacterial		TRUE	FALSE
pacheco_montealegre_2020_colombia	pacheco_montealegre_2020_colombia__ASV000026	44	bacterial		TRUE	FALSE
pacheco_montealegre_2020_colombia	pacheco_montealegre_2020_colombia__ASV000027	715	bacterial		TRUE	FALSE
pacheco_montealegre_2020_colombia	pacheco_montealegre_2020_colombia__ASV000028	15476	bacterial		TRUE	FALSE
pacheco_montealegre_2020_colombia	pacheco_montealegre_2020_colombia__ASV000029	41	bacterial		TRUE	FALSE
pacheco_montealegre_2020_colombia	pacheco_montealegre_2020_colombia__ASV000030	188	bacterial		FALSE	FALSE
pacheco_montealegre_2020_colombia	pacheco_montealegre_2020_colombia__ASV000031	107	bacterial		FALSE	FALSE
pacheco_montealegre_2020_colombia	pacheco_montealegre_2020_colombia__ASV000032	39	bacterial		TRUE	FALSE
pacheco_montealegre_2020_colombia	pacheco_montealegre_2020_colombia__ASV000033	238	bacterial		TRUE	FALSE
pacheco_montealegre_2020_colombia	pacheco_montealegre_2020_colombia__ASV000034	51	bacterial		TRUE	FALSE
pacheco_montealegre_2020_colombia	pacheco_montealegre_2020_colombia__ASV000035	221	bacterial		TRUE	FALSE
pacheco_montealegre_2020_colombia	pacheco_montealegre_2020_colombia__ASV000036	81	bacterial		TRUE	FALSE
pacheco_montealegre_2020_colombia	pacheco_montealegre_2020_colombia__ASV000037	62	bacterial	Mitochondria	FALSE	FALSE
pacheco_montealegre_2020_colombia	pacheco_montealegre_2020_colombia__ASV000038	22	bacterial		TRUE	FALSE
pacheco_montealegre_2020_colombia	pacheco_montealegre_2020_colombia__ASV000039	23	bacterial		TRUE	FALSE
pacheco_montealegre_2020_colombia	pacheco_montealegre_2020_colombia__ASV000040	160	bacterial		TRUE	FALSE
pacheco_montealegre_2020_colombia	pacheco_montealegre_2020_colombia__ASV000041	465	bacterial		TRUE	FALSE
pacheco_montealegre_2020_colombia	pacheco_montealegre_2020_colombia__ASV000042	124	bacterial		TRUE	FALSE
pacheco_montealegre_2020_colombia	pacheco_montealegre_2020_colombia__ASV000043	769	bacterial		TRUE	FALSE
pacheco_montealegre_2020_colombia	pacheco_montealegre_2020_colombia__ASV000044	280	bacterial		TRUE	FALSE
pacheco_montealegre_2020_colombia	pacheco_montealegre_2020_colombia__ASV000045	55307	bacterial		TRUE	FALSE
pacheco_montealegre_2020_colombia	pacheco_montealegre_2020_colombia__ASV000046	27	bacterial		TRUE	FALSE
pacheco_montealegre_2020_colombia	pacheco_montealegre_2020_colombia__ASV000047	21	bacterial		FALSE	FALSE
pacheco_montealegre_2020_colombia	pacheco_montealegre_2020_colombia__ASV000048	20	bacterial		FALSE	FALSE
pacheco_montealegre_2020_colombia	pacheco_montealegre_2020_colombia__ASV000049	25	bacterial		TRUE	FALSE
pacheco_montealegre_2020_colombia	pacheco_montealegre_2020_colombia__ASV000050	12	bacterial		FALSE	FALSE
pacheco_montealegre_2020_colombia	pacheco_montealegre_2020_colombia__ASV000051	7	bacterial		FALSE	FALSE
pacheco_montealegre_2020_colombia	pacheco_montealegre_2020_colombia__ASV000052	51	bacterial		TRUE	FALSE
pacheco_montealegre_2020_colombia	pacheco_montealegre_2020_colombia__ASV000053	4041	bacterial		FALSE	FALSE
pacheco_montealegre_2020_colombia	pacheco_montealegre_2020_colombia__ASV000054	18218	bacterial		FALSE	FALSE
pacheco_montealegre_2020_colombia	pacheco_montealegre_2020_colombia__ASV000055	103	bacterial		FALSE	FALSE
pacheco_montealegre_2020_colombia	pacheco_montealegre_2020_colombia__ASV000056	25	bacterial		FALSE	FALSE
pacheco_montealegre_2020_colombia	pacheco_montealegre_2020_colombia__ASV000057	87	bacterial		FALSE	FALSE
pacheco_montealegre_2020_colombia	pacheco_montealegre_2020_colombia__ASV000058	323	bacterial		FALSE	FALSE
pacheco_montealegre_2020_colombia	pacheco_montealegre_2020_colombia__ASV000059	191	bacterial		FALSE	FALSE
pacheco_montealegre_2020_colombia	pacheco_montealegre_2020_colombia__ASV000060	37	bacterial		TRUE	FALSE
pacheco_montealegre_2020_colombia	pacheco_montealegre_2020_colombia__ASV000061	16	bacterial		TRUE	FALSE
pacheco_montealegre_2020_colombia	pacheco_montealegre_2020_colombia__ASV000062	42	bacterial		TRUE	FALSE
pacheco_montealegre_2020_colombia	pacheco_montealegre_2020_colombia__ASV000063	19	bacterial		TRUE	FALSE
pacheco_montealegre_2020_colombia	pacheco_montealegre_2020_colombia__ASV000064	28	bacterial		TRUE	FALSE
pacheco_montealegre_2020_colombia	pacheco_montealegre_2020_colombia__ASV000065	39	bacterial		TRUE	FALSE
pacheco_montealegre_2020_colombia	pacheco_montealegre_2020_colombia__ASV000066	187	bacterial		TRUE	FALSE
pacheco_montealegre_2020_colombia	pacheco_montealegre_2020_colombia__ASV000067	100	bacterial		FALSE	FALSE
pacheco_montealegre_2020_colombia	pacheco_montealegre_2020_colombia__ASV000068	17	bacterial		TRUE	FALSE
pacheco_montealegre_2020_colombia	pacheco_montealegre_2020_colombia__ASV000069	1578	bacterial		TRUE	FALSE
pacheco_montealegre_2020_colombia	pacheco_montealegre_2020_colombia__ASV000070	83	bacterial		TRUE	FALSE
pacheco_montealegre_2020_colombia	pacheco_montealegre_2020_colombia__ASV000071	269	bacterial		TRUE	FALSE
pacheco_montealegre_2020_colombia	pacheco_montealegre_2020_colombia__ASV000072	463	bacterial		TRUE	FALSE
pacheco_montealegre_2020_colombia	pacheco_montealegre_2020_colombia__ASV000073	274	bacterial		FALSE	FALSE
pacheco_montealegre_2020_colombia	pacheco_montealegre_2020_colombia__ASV000074	80	bacterial		FALSE	FALSE
pacheco_montealegre_2020_colombia	pacheco_montealegre_2020_colombia__ASV000075	18	bacterial		FALSE	FALSE
pacheco_montealegre_2020_colombia	pacheco_montealegre_2020_colombia__ASV000076	10	bacterial		FALSE	FALSE
pacheco_montealegre_2020_colombia	pacheco_montealegre_2020_colombia__ASV000077	132	bacterial		TRUE	FALSE
pacheco_montealegre_2020_colombia	pacheco_montealegre_2020_colombia__ASV000078	15	bacterial		TRUE	FALSE
pacheco_montealegre_2020_colombia	pacheco_montealegre_2020_colombia__ASV000079	1072	bacterial		TRUE	FALSE
pacheco_montealegre_2020_colombia	pacheco_montealegre_2020_colombia__ASV000080	53	bacterial		TRUE	FALSE
pacheco_montealegre_2020_colombia	pacheco_montealegre_2020_colombia__ASV000081	137	bacterial		TRUE	FALSE
pacheco_montealegre_2020_colombia	pacheco_montealegre_2020_colombia__ASV000082	11	bacterial		TRUE	FALSE
pacheco_montealegre_2020_colombia	pacheco_montealegre_2020_colombia__ASV000083	65	bacterial		TRUE	FALSE
pacheco_montealegre_2020_colombia	pacheco_montealegre_2020_colombia__ASV000084	30	bacterial		TRUE	FALSE
pacheco_montealegre_2020_colombia	pacheco_montealegre_2020_colombia__ASV000085	33	bacterial		FALSE	FALSE
pacheco_montealegre_2020_colombia	pacheco_montealegre_2020_colombia__ASV000086	137	bacterial		FALSE	FALSE
pacheco_montealegre_2020_colombia	pacheco_montealegre_2020_colombia__ASV000087	115	bacterial		TRUE	FALSE
pacheco_montealegre_2020_colombia	pacheco_montealegre_2020_colombia__ASV000088	124	bacterial		TRUE	FALSE
pacheco_montealegre_2020_colombia	pacheco_montealegre_2020_colombia__ASV000089	9	bacterial		TRUE	FALSE
pacheco_montealegre_2020_colombia	pacheco_montealegre_2020_colombia__ASV000090	221	bacterial		TRUE	FALSE
pacheco_montealegre_2020_colombia	pacheco_montealegre_2020_colombia__ASV000091	18	bacterial		TRUE	FALSE
pacheco_montealegre_2020_colombia	pacheco_montealegre_2020_colombia__ASV000092	44	bacterial		TRUE	FALSE
pacheco_montealegre_2020_colombia	pacheco_montealegre_2020_colombia__ASV000093	12	bacterial		TRUE	FALSE
