study_id	asv_id	Kingdom	Phylum	Class	Order	Family	Genus
pacheco_montealegre_2020_colombia	pacheco_montealegre_2020_colombia__ASV000001	Bacteria	Cyanobacteriota	Cyanobacteriia	Chloroplast		
pacheco_montealegre_2020_colombia	pacheco_montealegre_2020_colombia__ASV000002	Bacteria	Actinomycetota	Actinobacteria	Micrococcales	Promicromonosporaceae	Cellulosimicrobium
pacheco_montealegre_2020_colombia	pacheco_montealegre_2020_colombia__ASV000003	Bacteria	Cyanobacteriota	Cyanobacteriia	Chloroplast		
pacheco_montealegre_2020_colombia	pacheco_montealegre_2020_colombia__ASV000004	Bacteria	Bacillota	Clostridia	Lachnospirales	Lachnospiraceae	Kineothrix
pacheco_montealegre_2020_colombia	pacheco_montealegre_2020_colombia__ASV000005	Bacteria	Pseudomonadota	Alphaproteobacteria	Acetobacterales	Acetobacteraceae	Komagataeibacter
pacheco_montealegre_2020_colombia	pacheco_montealegre_2020_colombia__ASV000006	Bacteria	Pseudomonadota	Alphaproteobacteria	Acetobacterales	Acetobacteraceae	Komagataeibacter
pacheco_montealegre_2020_colombia	pacheco_montealegre_2020_colombia__ASV000007	Bacteria	Pseudomonadota	Alphaproteobacteria	Rickettsiales	Mitochondria	
pacheco_montealegre_2020_colombia	pacheco_montealegre_2020_colombia__ASV000008	Bacteria	Actinomycetota	Actinobacteria	Micrococcales	Micrococcaceae	Glutamicibacter
pacheco_montealegre_2020_colombia	pacheco_montealegre_2020_colombia__ASV000009	Bacteria	Pseudomonadota	Alphaproteobacteria	Acetobacterales	Acetobacteraceae	Komagataeibacter
pacheco_montealegre_2020_colombia	pacheco_montealegre_2020_colombia__ASV000010	Bacteria	Pseudomonadota	Alphaproteobacteria	Acetobacterales	Acetobacteraceae	Gluconobacter
pacheco_montealegre_2020_colombia	pacheco_montealegre_2020_colombia__ASV000011	Bacteria	Pseudomonadota	Alphaproteobacteria	Acetobacterales	Acetobacteraceae	Gluconobacter
pacheco_montealegre_2020_colombia	pacheco_montealegre_2020_colombia__ASV000012	Bacteria	Pseudomonadota	Alphaproteobacteria	Acetobacterales	Acetobacteraceae	Acetobacter
pacheco_montealegre_2020_colombia	pacheco_montealegre_2020_colombia__ASV000013	Bacteria	Pseudomonadota	Alphaproteobacteria	Acetobacterales	Acetobacteraceae	Acetobacter
pacheco_montealegre_2020_colombia	pacheco_montealegre_2020_colombia__ASV000014	Bacteria	Pseudomonadota	Alphaproteobacteria	Acetobacterales	Acetobacteraceae	Acetobacter
pacheco_montealegre_2020_colombia	pacheco_montealegre_2020_colombia__ASV000015	Bacteria	Pseudomonadota	Alphaproteobacteria	Acetobacterales	Acetobacteraceae	Acetobacter
pacheco_montealegre_2020_colombia	pacheco_montealegre_2020_colombia__ASV000016	Bacteria	Pseudomonadota	Alphaproteobacteria	Acetobacterales	Acetobacteraceae	Acetobacter
pacheco_montealegre_2020_colombia	pacheco_montealegre_2020_colombia__ASV000017	Bacteria	Pseudomonadota	Alphaproteobacteria	Acetobacterales	Acetobacteraceae	Komagataeibacter
pacheco_montealegre_2020_colombia	pacheco_montealegre_2020_colombia__ASV000018	Bacteria	Pseudomonadota	Alphaproteobacteria	Acetobacterales	Acetobacteraceae	Komagataeibacter
pacheco_montealegre_2020_colombia	pacheco_montealegre_2020_colombia__ASV000019	Bacteria	Pseudomonadota	Alphaproteobacteria	Acetobacterales	Acetobacteraceae	Komagataeibacter
pacheco_montealegre_2020_colombia	pacheco_montealegre_2020_colombia__ASV000020	Bacteria	Pseudomonadota	Alphaproteobacteria	Rickettsiales	Mitochondria	
pacheco_montealegre_2020_colombia	pacheco_montealegre_2020_colombia__ASV000021	Bacteria	Pseudomonadota	Alphaproteobacteria	Acetobacterales	Acetobacteraceae	Acetobacter
pacheco_montealegre_2020_colombia	pacheco_montealegre_2020_colombia__ASV000022	Bacteria	Pseudomonadota	Alphaproteobacteria	Acetobacterales	Acetobacteraceae	Acetobacter
pacheco_montealegre_2020_colombia	pacheco_montealegre_2020_colombia__ASV000023	Bacteria	Pseudomonadota	Alphaproteobacteria	Acetobacterales	Acetobacteraceae	Acetobacter
pacheco_montealegre_2020_colombia	pacheco_montealegre_2020_colombia__ASV000024	Bacteria	Pseudomonadota	Alphaproteobacteria	Acetobacterales	Acetobacteraceae	Acetobacter
pacheco_montealegre_2020_colombia	pacheco_montealegre_2020_colombia__ASV000025	Bacteria	Pseudomonadota	Alphaproteobacteria	Acetobacterales	Acetobacteraceae	Acetobacter
pacheco_montealegre_2020_colombia	pacheco_montealegre_2020_colombia__ASV000026	Bacteria	Pseudomonadota	Alphaproteobacteria	Acetobacterales	Acetobacteraceae	Acetobacter
pacheco_montealegre_2020_colombia	pacheco_montealegre_2020_colombia__ASV000027	Bacteria	Pseudomonadota	Alphaproteobacteria	Acetobacterales	Acetobacteraceae	Acetobacter
pacheco_montealegre_2020_colombia	pacheco_montealegre_2020_colombia__ASV000028	Bacteria	Pseudomonadota	Alphaproteobacteria	Acetobacterales	Acetobacteraceae	Acetobacter
pacheco_montealegre_2020_colombia	pacheco_montealegre_2020_colombia__ASV000029	Bacteria	Pseudomonadota	Alphaproteobacteria	Acetobacterales	Acetobacteraceae	Acetobacter
pacheco_montealegre_2020_colombia	pacheco_montealegre_2020_colombia__ASV000030	Bacteria	Pseudomonadota	Alphaproteobacteria	Acetobacterales	Acetobacteraceae	Acetobacter
pacheco_montealegre_2020_colombia	pacheco_montealegre_2020_colombia__ASV000031	Bacteria	Pseudomonadota	Alphaproteobacteria	Acetobacterales	Acetobacteraceae	Acetobacter
pacheco_montealegre_2020_colombia	pacheco_montealegre_2020_colombia__ASV000032	Bacteria	Pseudomonadota	Alphaproteobacteria	Acetobacterales	Acetobacteraceae	Acetobacter
pacheco_montealegre_2020_colombia	pacheco_montealegre_2020_colombia__ASV000033	Bacteria	Pseudomonadota	Alphaproteobacteria	Acetobacterales	Acetobacteraceae	Komagataeibacter
pacheco_montealegre_2020_colombia	pacheco_montealegre_2020_colombia__ASV000034	Bacteria	Pseudomonadota	Alphaproteobacteria	Acetobacterales	Acetobacteraceae	Komagataeibacter
pacheco_montealegre_2020_colombia	pacheco_montealegre_2020_colombia__ASV000035	Bacteria	Pseudomonadota	Alphaproteobacteria	Acetobacterales	Acetobacteraceae	Komagataeibacter
pacheco_montealegre_2020_colombia	pacheco_montealegre_2020_colombia__ASV000036	Bacteria	Pseudomonadota	Alphaproteobacteria	Acetobacterales	Acetobacteraceae	Komagataeibacter
pacheco_montealegre_2020_colombia	pacheco_montealegre_2020_colombia__ASV000037	Bacteria	Pseudomonadota	Alphaproteobacteria	Rickettsiales	Mitochondria	
pacheco_montealegre_2020_colombia	pacheco_montealegre_2020_colombia__ASV000038	Bacteria	Pseudomonadota	Alphaproteobacteria	Acetobacterales	Acetobacteraceae	Gluconobacter
pacheco_montealegre_2020_colombia	pacheco_montealegre_2020_colombia__ASV000039	Bacteria	Pseudomonadota	Alphaproteobacteria	Acetobacterales	Acetobacteraceae	Gluconobacter
pacheco_montealegre_2020_colombia	pacheco_montealegre_2020_colombia__ASV000040	Bacteria	Pseudomonadota	Alphaproteobacteria	Acetobacterales	Acetobacteraceae	Acetobacter
pacheco_montealegre_2020_colombia	pacheco_montealegre_2020_colombia__ASV000041	Bacteria	Pseudomonadota	Alphaproteobacteria	Acetobacterales	Acetobacteraceae	Acetobacter
pacheco_montealegre_2020_colombia	pacheco_montealegre_2020_colombia__ASV000042	Bacteria	Pseudomonadota	Alphaproteobacteria	Acetobacterales	Acetobacteraceae	Acetobacter
pacheco_montealegre_2020_colombia	pacheco_montealegre_2020_colombia__ASV000043	Bacteria	Pseudomonadota	Alphaproteobacteria	Acetobacterales	Acetobacteraceae	Acetobacter
pacheco_montealegre_2020_colombia	pacheco_montealegre_2020_colombia__ASV000044	Bacteria	Pseudomonadota	Alphaproteobacteria	Acetobacterales	Acetobacteraceae	Acetobacter
pacheco_montealegre_2020_colombia	pacheco_montealegre_2020_colombia__ASV000045	Bacteria	Pseudomonadota	Alphaproteobacteria	Acetobacterales	Acetobacteraceae	Acetobacter
pacheco_montealegre_2020_colombia	pacheco_montealegre_2020_colombia__ASV000046	Bacteria	Pseudomonadota	Alphaproteobacteria	Acetobacterales	Acetobacteraceae	Acetobacter
pacheco_montealegre_2020_colombia	pacheco_montealegre_2020_colombia__ASV000047	Bacteria	Pseudomonadota	Gammaproteobacteria	Enterobacterales	Enterobacteriaceae	
pacheco_montealegre_2020_colombia	pacheco_montealegre_2020_colombia__ASV000048	Bacteria	Pseudomonadota	Gammaproteobacteria	Burkholderiales	Comamonadaceae	Acidovorax
pacheco_montealegre_2020_colombia	pacheco_montealegre_2020_colombia__ASV000049	Bacteria	Pseudomonadota	Gammaproteobacteria	Lysobacterales	Rhodanobacteraceae	Frateuria
pacheco_montealegre_2020_colombia	pacheco_montealegre_2020_colombia__ASV000050	Bacteria	Pseudomonadota	Gammaproteobacteria	Pseudomonadales	Halomonadaceae	Marinospirillum
pacheco_montealegre_2020_colombia	pacheco_montealegre_2020_colombia__ASV000051	Bacteria	Pseudomonadota	Gammaproteobacteria	Burkholderiales	Oxalobacteraceae	Noviherbaspirillum
pacheco_montealegre_2020_colombia	pacheco_montealegre_2020_colombia__ASV000052	Bacteria	Pseudomonadota	Gammaproteobacteria	Enterobacterales	Pectobacteriaceae	Pectobacterium
pacheco_montealegre_2020_colombia	pacheco_montealegre_2020_colombia__ASV000053	Bacteria	Pseudomonadota	Gammaproteobacteria	Enterobacterales	Erwiniaceae	Tatumella
pacheco_montealegre_2020_colombia	pacheco_montealegre_2020_colombia__ASV000054	Bacteria	Pseudomonadota	Gammaproteobacteria	Enterobacterales	Erwiniaceae	Tatumella
pacheco_montealegre_2020_colombia	pacheco_montealegre_2020_colombia__ASV000055	Bacteria	Pseudomonadota	Gammaproteobacteria	Enterobacterales	Erwiniaceae	Tatumella
pacheco_montealegre_2020_colombia	pacheco_montealegre_2020_colombia__ASV000056	Bacteria	Pseudomonadota	Gammaproteobacteria	Enterobacterales	Enterobacteriaceae	Kosakonia
pacheco_montealegre_2020_colombia	pacheco_montealegre_2020_colombia__ASV000057	Bacteria	Pseudomonadota	Gammaproteobacteria	Enterobacterales	Enterobacteriaceae	Klebsiella
pacheco_montealegre_2020_colombia	pacheco_montealegre_2020_colombia__ASV000058	Bacteria	Pseudomonadota	Gammaproteobacteria	Enterobacterales	Enterobacteriaceae	Klebsiella
pacheco_montealegre_2020_colombia	pacheco_montealegre_2020_colombia__ASV000059	Bacteria	Pseudomonadota	Gammaproteobacteria	Enterobacterales	Erwiniaceae	Pantoea
pacheco_montealegre_2020_colombia	pacheco_montealegre_2020_colombia__ASV000060	Bacteria	Pseudomonadota	Gammaproteobacteria	Pseudomonadales	Cellvibrionaceae	Cellvibrio
pacheco_montealegre_2020_colombia	pacheco_montealegre_2020_colombia__ASV000061	Bacteria	Pseudomonadota	Gammaproteobacteria	Lysobacterales	Rhodanobacteraceae	Frateuria
pacheco_montealegre_2020_colombia	pacheco_montealegre_2020_colombia__ASV000062	Bacteria	Pseudomonadota	Gammaproteobacteria	Lysobacterales	Rhodanobacteraceae	Frateuria
pacheco_montealegre_2020_colombia	pacheco_montealegre_2020_colombia__ASV000063	Bacteria	Actinomycetota	Actinobacteria	Micrococcales	Microbacteriaceae	Leucobacter
pacheco_montealegre_2020_colombia	pacheco_montealegre_2020_colombia__ASV000064	Bacteria	Pseudomonadota	Gammaproteobacteria	Pseudomonadales	Moraxellaceae	Acinetobacter
pacheco_montealegre_2020_colombia	pacheco_montealegre_2020_colombia__ASV000065	Bacteria	Bacillota	Bacilli	Lactobacillales	Lactobacillaceae	Limosilactobacillus
pacheco_montealegre_2020_colombia	pacheco_montealegre_2020_colombia__ASV000066	Bacteria	Bacillota	Bacilli	Lactobacillales	Lactobacillaceae	Secundilactobacillus
pacheco_montealegre_2020_colombia	pacheco_montealegre_2020_colombia__ASV000067	Bacteria	Bacillota	Bacilli	Lactobacillales	Lactobacillaceae	Paucilactobacillus
pacheco_montealegre_2020_colombia	pacheco_montealegre_2020_colombia__ASV000068	Bacteria	Bacillota	Clostridia	Clostridiales	Clostridiaceae	Clostridium
pacheco_montealegre_2020_colombia	pacheco_montealegre_2020_colombia__ASV000069	Bacteria	Bacillota	Bacilli	Lactobacillales	Lactobacillaceae	Lactiplantibacillus
pacheco_montealegre_2020_colombia	pacheco_montealegre_2020_colombia__ASV000070	Bacteria	Bacillota	Bacilli	Lactobacillales	Lactobacillaceae	Levilactobacillus
pacheco_montealegre_2020_colombia	pacheco_montealegre_2020_colombia__ASV000071	Bacteria	Bacillota	Bacilli	Lactobacillales	Lactobacillaceae	Liquorilactobacillus
pacheco_montealegre_2020_colombia	pacheco_montealegre_2020_colombia__ASV000072	Bacteria	Pseudomonadota	Gammaproteobacteria	Enterobacterales	Erwiniaceae	Tatumella
pacheco_montealegre_2020_colombia	pacheco_montealegre_2020_colombia__ASV000073	Bacteria	Pseudomonadota	Gammaproteobacteria	Enterobacterales	Erwiniaceae	Tatumella
pacheco_montealegre_2020_colombia	pacheco_montealegre_2020_colombia__ASV000074	Bacteria	Pseudomonadota	Gammaproteobacteria	Enterobacterales	Erwiniaceae	Erwinia
pacheco_montealegre_2020_colombia	pacheco_montealegre_2020_colombia__ASV000075	Bacteria	Bacillota	Clostridia	Lachnospirales	Lachnospiraceae	Lachnospira
pacheco_montealegre_2020_colombia	pacheco_montealegre_2020_colombia__ASV000076	Bacteria	Bacillota	Bacilli	Bacillales	Planococcaceae	Lysinibacillus
pacheco_montealegre_2020_colombia	pacheco_montealegre_2020_colombia__ASV000077	Bacteria	Bacillota	Bacilli	Lactobacillales	Lactobacillaceae	Lactobacillus
pacheco_montealegre_2020_colombia	pacheco_montealegre_2020_colombia__ASV000078	Bacteria	Bacillota	Bacilli	Lactobacillales	Lactobacillaceae	Lactobacillus
pacheco_montealegre_2020_colombia	pacheco_montealegre_2020_colombia__ASV000079	Bacteria	Bacillota	Bacilli	Lactobacillales	Lactobacillaceae	Liquorilactobacillus
pacheco_montealegre_2020_colombia	pacheco_montealegre_2020_colombia__ASV000080	Bacteria	Bacillota	Bacilli	Lactobacillales	Lactobacillaceae	Liquorilactobacillus
pacheco_montealegre_2020_colombia	pacheco_montealegre_2020_colombia__ASV000081	Bacteria	Bacillota	Bacilli	Lactobacillales	Lactobacillaceae	Periweissella
pacheco_montealegre_2020_colombia	pacheco_montealegre_2020_colombia__ASV000082	Bacteria	Bacillota	Bacilli	Lactobacillales	Streptococcaceae	Lactococcus
pacheco_montealegre_2020_colombia	pacheco_montealegre_2020_colombia__ASV000083	Bacteria	Bacillota	Bacilli	Lactobacillales	Lactobacillaceae	Limosilactobacillus
pacheco_montealegre_2020_colombia	pacheco_montealegre_2020_colombia__ASV000084	Bacteria	Bacillota	Bacilli	Lactobacillales	Lactobacillaceae	Limosilactobacillus
pacheco_montealegre_2020_colombia	pacheco_montealegre_2020_colombia__ASV000085	Bacteria	Bacillota	Bacilli	Lactobacillales	Lactobacillaceae	Limosilactobacillus
pacheco_montealegre_2020_colombia	pacheco_montealegre_2020_colombia__ASV000086	Bacteria	Bacillota	Bacilli	Lactobacillales		
pacheco_montealegre_2020_colombia	pacheco_montealegre_2020_colombia__ASV000087	Bacteria	Bacillota	Bacilli	Lactobacillales	Lactobacillaceae	Lactiplantibacillus
pacheco_montealegre_2020_colombia	pacheco_montealegre_2020_colombia__ASV000088	Bacteria	Bacillota	Bacilli	Lactobacillales	Lactobacillaceae	Levilactobacillus
pacheco_montealegre_2020_colombia	pacheco_montealegre_2020_colombia__ASV000089	Bacteria	Bacillota	Bacilli	Lactobacillales	Lactobacillaceae	Liquorilactobacillus
pacheco_montealegre_2020_colombia	pacheco_montealegre_2020_colombia__ASV000090	Bacteria	Bacillota	Bacilli	Lactobacillales	Lactobacillaceae	Leuconostoc
pacheco_montealegre_2020_colombia	pacheco_montealegre_2020_colombia__ASV000091	Bacteria	Bacillota	Bacilli	Lactobacillales	Lactobacillaceae	Leuconostoc
pacheco_montealegre_2020_colombia	pacheco_montealegre_2020_colombia__ASV000092	Bacteria	Bacillota	Bacilli	Lactobacillales	Lactobacillaceae	Fructobacillus
pacheco_montealegre_2020_colombia	pacheco_montealegre_2020_colombia__ASV000093	Bacteria	Bacillota	Bacilli	Lactobacillales	Lactobacillaceae	Fructobacillus
