study_id	asv_id	min_boot	Kingdom	Phylum	Class	Order	Family	Genus
pacheco_montealegre_2020_colombia	pacheco_montealegre_2020_colombia__ASV000001	80	Bacteria	Cyanobacteriota	Cyanobacteriia	Chloroplast		
pacheco_montealegre_2020_colombia	pacheco_montealegre_2020_colombia__ASV000002	80	Bacteria	Actinomycetota	Actinobacteria	Micrococcales	Promicromonosporaceae	
pacheco_montealegre_2020_colombia	pacheco_montealegre_2020_colombia__ASV000003	80	Bacteria	Cyanobacteriota	Cyanobacteriia	Chloroplast		
pacheco_montealegre_2020_colombia	pacheco_montealegre_2020_colombia__ASV000004	80	Bacteria	Bacillota	Clostridia	Lachnospirales	Lachnospiraceae	Kineothrix
pacheco_montealegre_2020_colombia	pacheco_montealegre_2020_colombia__ASV000005	80	Bacteria	Pseudomonadota	Alphaproteobacteria	Acetobacterales	Acetobacteraceae	Komagataeibacter
pacheco_montealegre_2020_colombia	pacheco_montealegre_2020_colombia__ASV000006	80	Bacteria	Pseudomonadota	Alphaproteobacteria	Acetobacterales	Acetobacteraceae	Komagataeibacter
pacheco_montealegre_2020_colombia	pacheco_montealegre_2020_colombia__ASV000007	80	Bacteria	Pseudomonadota	Alphaproteobacteria	Rickettsiales	Mitochondria	
pacheco_montealegre_2020_colombia	pacheco_montealegre_2020_colombia__ASV000008	80	Bacteria	Actinomycetota	Actinobacteria	Micrococcales	Micrococcaceae	Glutamicibacter
pacheco_montealegre_2020_colombia	pacheco_montealegre_2020_colombia__ASV000009	80	Bacteria	Pseudomonadota	Alphaproteobacteria	Acetobacterales	Acetobacteraceae	
pacheco_montealegre_2020_colombia	pacheco_montealegre_2020_colombia__ASV000010	80	Bacteria	Pseudomonadota	Alphaproteobacteria	Acetobacterales	Acetobacteraceae	Gluconobacter
pacheco_montealegre_2020_colombia	pacheco_montealegre_2020_colombia__ASV000011	80	Bacteria	Pseudomonadota	Alphaproteobacteria	Acetobacterales	Acetobacteraceae	Gluconobacter
pacheco_montealegre_2020_colombia	pacheco_montealegre_2020_colombia__ASV000012	80	Bacteria	Pseudomonadota	Alphaproteobacteria	Acetobacterales	Acetobacteraceae	
pacheco_montealegre_2020_colombia	pacheco_montealegre_2020_colombia__ASV000013	80	Bacteria	Pseudomonadota	Alphaproteobacteria	Acetobacterales	Acetobacteraceae	Acetobacter
pacheco_montealegre_2020_colombia	pacheco_montealegre_2020_colombia__ASV000014	80	Bacteria	Pseudomonadota	Alphaproteobacteria	Acetobacterales	Acetobacteraceae	Acetobacter
pacheco_montealegre_2020_colombia	pacheco_montealegre_2020_colombia__ASV000015	80	Bacteria	Pseudomonadota	Alphaproteobacteria	Acetobacterales	Acetobacteraceae	Acetobacter
pacheco_montealegre_2020_colombia	pacheco_montealegre_2020_colombia__ASV000016	80	Bacteria	Pseudomonadota	Alphaproteobacteria	Acetobacterales	Acetobacteraceae	Acetobacter
pacheco_montealegre_2020_colombia	pacheco_montealegre_2020_colombia__ASV000017	80	Bacteria	Pseudomonadota	Alphaproteobacteria	Acetobacterales	Acetobacteraceae	Komagataeibacter
pacheco_montealegre_2020_colombia	pacheco_montealegre_2020_colombia__ASV000018	80	Bacteria	Pseudomonadota	Alphaproteobacteria	Acetobacterales	Acetobacteraceae	Komagataeibacter
pacheco_montealegre_2020_colombia	pacheco_montealegre_2020_colombia__ASV000019	80	Bacteria	Pseudomonadota	Alphaproteobacteria	Acetobacterales	Acetobacteraceae	Komagataeibacter
pacheco_montealegre_2020_colombia	pacheco_montealegre_2020_colombia__ASV000020	80	Bacteria	Pseudomonadota	Alphaproteobacteria	Rickettsiales	Mitochondria	
pacheco_montealegre_2020_colombia	pacheco_montealegre_2020_colombia__ASV000021	80	Bacteria	Pseudomonadota	Alphaproteobacteria	Acetobacterales	Acetobacteraceae	
pacheco_montealegre_2020_colombia	pacheco_montealegre_2020_colombia__ASV000022	80	Bacteria	Pseudomonadota	Alphaproteobacteria	Acetobacterales	Acetobacteraceae	Acetobacter
pacheco_montealegre_2020_colombia	pacheco_montealegre_2020_colombia__ASV000023	80	Bacteria	Pseudomonadota	Alphaproteobacteria	Acetobacterales	Acetobacteraceae	Acetobacter
pacheco_montealegre_2020_colombia	pacheco_montealegre_2020_colombia__ASV000024	80	Bacteria	Pseudomonadota	Alphaproteobacteria	Acetobacterales	Acetobacteraceae	Acetobacter
pacheco_montealegre_2020_colombia	pacheco_montealegre_2020_colombia__ASV000025	80	Bacteria	Pseudomonadota	Alphaproteobacteria	Acetobacterales	Acetobacteraceae	Acetobacter
pacheco_montealegre_2020_colombia	pacheco_montealegre_2020_colombia__ASV000026	80	Bacteria	Pseudomonadota	Alphaproteobacteria	Acetobacterales	Acetobacteraceae	Acetobacter
pacheco_montealegre_2020_colombia	pacheco_montealegre_2020_colombia__ASV000027	80	Bacteria	Pseudomonadota	Alphaproteobacteria	Acetobacterales	Acetobacteraceae	Acetobacter
pacheco_montealegre_2020_colombia	pacheco_montealegre_2020_colombia__ASV000028	80	Bacteria	Pseudomonadota	Alphaproteobacteria	Acetobacterales	Acetobacteraceae	Acetobacter
pacheco_montealegre_2020_colombia	pacheco_montealegre_2020_colombia__ASV000029	80	Bacteria	Pseudomonadota	Alphaproteobacteria	Acetobacterales	Acetobacteraceae	Acetobacter
pacheco_montealegre_2020_colombia	pacheco_montealegre_2020_colombia__ASV000030	80	Bacteria	Pseudomonadota	Alphaproteobacteria	Acetobacterales	Acetobacteraceae	
pacheco_montealegre_2020_colombia	pacheco_montealegre_2020_colombia__ASV000031	80	Bacteria	Pseudomonadota	Alphaproteobacteria	Acetobacterales	Acetobacteraceae	
pacheco_montealegre_2020_colombia	pacheco_montealegre_2020_colombia__ASV000032	80	Bacteria	Pseudomonadota	Alphaproteobacteria	Acetobacterales	Acetobacteraceae	Acetobacter
pacheco_montealegre_2020_colombia	pacheco_montealegre_2020_colombia__ASV000033	80	Bacteria	Pseudomonadota	Alphaproteobacteria	Acetobacterales	Acetobacteraceae	Komagataeibacter
pacheco_montealegre_2020_colombia	pacheco_montealegre_2020_colombia__ASV000034	80	Bacteria	Pseudomonadota	Alphaproteobacteria	Acetobacterales	Acetobacteraceae	Komagataeibacter
pacheco_montealegre_2020_colombia	pacheco_montealegre_2020_colombia__ASV000035	80	Bacteria	Pseudomonadota	Alphaproteobacteria	Acetobacterales	Acetobacteraceae	Komagataeibacter
pacheco_montealegre_2020_colombia	pacheco_montealegre_2020_colombia__ASV000036	80	Bacteria	Pseudomonadota	Alphaproteobacteria	Acetobacterales	Acetobacteraceae	Komagataeibacter
pacheco_montealegre_2020_colombia	pacheco_montealegre_2020_colombia__ASV000037	80	Bacteria	Pseudomonadota	Alphaproteobacteria	Rickettsiales	Mitochondria	
pacheco_montealegre_2020_colombia	pacheco_montealegre_2020_colombia__ASV000038	80	Bacteria	Pseudomonadota	Alphaproteobacteria	Acetobacterales	Acetobacteraceae	Gluconobacter
pacheco_montealegre_2020_colombia	pacheco_montealegre_2020_colombia__ASV000039	80	Bacteria	Pseudomonadota	Alphaproteobacteria	Acetobacterales	Acetobacteraceae	Gluconobacter
pacheco_montealegre_2020_colombia	pacheco_montealegre_2020_colombia__ASV000040	80	Bacteria	Pseudomonadota	Alphaproteobacteria	Acetobacterales	Acetobacteraceae	Acetobacter
pacheco_montealegre_2020_colombia	pacheco_montealegre_2020_colombia__ASV000041	80	Bacteria	Pseudomonadota	Alphaproteobacteria	Acetobacterales	Acetobacteraceae	Acetobacter
pacheco_montealegre_2020_colombia	pacheco_montealegre_2020_colombia__ASV000042	80	Bacteria	Pseudomonadota	Alphaproteobacteria	Acetobacterales	Acetobacteraceae	Acetobacter
pacheco_montealegre_2020_colombia	pacheco_montealegre_2020_colombia__ASV000043	80	Bacteria	Pseudomonadota	Alphaproteobacteria	Acetobacterales	Acetobacteraceae	Acetobacter
pacheco_montealegre_2020_colombia	pacheco_montealegre_2020_colombia__ASV000044	80	Bacteria	Pseudomonadota	Alphaproteobacteria	Acetobacterales	Acetobacteraceae	Acetobacter
pacheco_montealegre_2020_colombia	pacheco_montealegre_2020_colombia__ASV000045	80	Bacteria	Pseudomonadota	Alphaproteobacteria	Acetobacterales	Acetobacteraceae	Acetobacter
pacheco_montealegre_2020_colombia	pacheco_montealegre_2020_colombia__ASV000046	80	Bacteria	Pseudomonadota	Alphaproteobacteria	Acetobacterales	Acetobacteraceae	Acetobacter
pacheco_montealegre_2020_colombia	pacheco_montealegre_2020_colombia__ASV000047	80	Bacteria	Pseudomonadota	Gammaproteobacteria			
pacheco_montealegre_2020_colombia	pacheco_montealegre_2020_colombia__ASV000048	80	Bacteria	Pseudomonadota	Gammaproteobacteria	Burkholderiales	Comamonadaceae	
pacheco_montealegre_2020_colombia	pacheco_montealegre_2020_colombia__ASV000049	80	Bacteria	Pseudomonadota	Gammaproteobacteria	Lysobacterales	Rhodanobacteraceae	Frateuria
pacheco_montealegre_2020_colombia	pacheco_montealegre_2020_colombia__ASV000050	80	Bacteria	Pseudomonadota	Gammaproteobacteria			
pacheco_montealegre_2020_colombia	pacheco_montealegre_2020_colombia__ASV000051	80	Bacteria	Pseudomonadota	Gammaproteobacteria	Burkholderiales		
pacheco_montealegre_2020_colombia	pacheco_montealegre_2020_colombia__ASV000052	80	Bacteria	Pseudomonadota	Gammaproteobacteria	Enterobacterales	Pectobacteriaceae	Pectobacterium
pacheco_montealegre_2020_colombia	pacheco_montealegre_2020_colombia__ASV000053	80	Bacteria	Pseudomonadota	Gammaproteobacteria	Enterobacterales		
pacheco_montealegre_2020_colombia	pacheco_montealegre_2020_colombia__ASV000054	80	Bacteria	Pseudomonadota	Gammaproteobacteria	Enterobacterales		
pacheco_montealegre_2020_colombia	pacheco_montealegre_2020_colombia__ASV000055	80	Bacteria	Pseudomonadota	Gammaproteobacteria	Enterobacterales		
pacheco_montealegre_2020_colombia	pacheco_montealegre_2020_colombia__ASV000056	80	Bacteria	Pseudomonadota	Gammaproteobacteria	Enterobacterales	Enterobacteriaceae	
pacheco_montealegre_2020_colombia	pacheco_montealegre_2020_colombia__ASV000057	80	Bacteria	Pseudomonadota	Gammaproteobacteria	Enterobacterales		
pacheco_montealegre_2020_colombia	pacheco_montealegre_2020_colombia__ASV000058	80	Bacteria	Pseudomonadota	Gammaproteobacteria	Enterobacterales		
pacheco_montealegre_2020_colombia	pacheco_montealegre_2020_colombia__ASV000059	80	Bacteria	Pseudomonadota	Gammaproteobacteria	Enterobacterales		
pacheco_montealegre_2020_colombia	pacheco_montealegre_2020_colombia__ASV000060	80	Bacteria	Pseudomonadota	Gammaproteobacteria	Pseudomonadales	Cellvibrionaceae	Cellvibrio
pacheco_montealegre_2020_colombia	pacheco_montealegre_2020_colombia__ASV000061	80	Bacteria	Pseudomonadota	Gammaproteobacteria	Lysobacterales	Rhodanobacteraceae	Frateuria
pacheco_montealegre_2020_colombia	pacheco_montealegre_2020_colombia__ASV000062	80	Bacteria	Pseudomonadota	Gammaproteobacteria	Lysobacterales	Rhodanobacteraceae	Frateuria
pacheco_montealegre_2020_colombia	pacheco_montealegre_2020_colombia__ASV000063	80	Bacteria	Actinomycetota	Actinobacteria	Micrococcales	Microbacteriaceae	Leucobacter
pacheco_montealegre_2020_colombia	pacheco_montealegre_2020_colombia__ASV000064	80	Bacteria	Pseudomonadota	Gammaproteobacteria	Pseudomonadales	Moraxellaceae	Acinetobacter
pacheco_montealegre_2020_colombia	pacheco_montealegre_2020_colombia__ASV000065	80	Bacteria	Bacillota	Bacilli	Lactobacillales	Lactobacillaceae	Limosilactobacillus
pacheco_montealegre_2020_colombia	pacheco_montealegre_2020_colombia__ASV000066	80	Bacteria	Bacillota	Bacilli	Lactobacillales	Lactobacillaceae	Secundilactobacillus
pacheco_montealegre_2020_colombia	pacheco_montealegre_2020_colombia__ASV000067	80	Bacteria	Bacillota	Bacilli	Lactobacillales	Lactobacillaceae	
pacheco_montealegre_2020_colombia	pacheco_montealegre_2020_colombia__ASV000068	80	Bacteria	Bacillota	Clostridia	Clostridiales	Clostridiaceae	Clostridium
pacheco_montealegre_2020_colombia	pacheco_montealegre_2020_colombia__ASV000069	80	Bacteria	Bacillota	Bacilli	Lactobacillales	Lactobacillaceae	Lactiplantibacillus
pacheco_montealegre_2020_colombia	pacheco_montealegre_2020_colombia__ASV000070	80	Bacteria	Bacillota	Bacilli	Lactobacillales	Lactobacillaceae	Levilactobacillus
pacheco_montealegre_2020_colombia	pacheco_montealegre_2020_colombia__ASV000071	80	Bacteria	Bacillota	Bacilli	Lactobacillales	Lactobacillaceae	Liquorilactobacillus
pacheco_montealegre_2020_colombia	pacheco_montealegre_2020_colombia__ASV000072	80	Bacteria	Pseudomonadota	Gammaproteobacteria	Enterobacterales	Erwiniaceae	Tatumella
pacheco_montealegre_2020_colombia	pacheco_montealegre_2020_colombia__ASV000073	80	Bacteria	Pseudomonadota	Gammaproteobacteria	Enterobacterales		
pacheco_montealegre_2020_colombia	pacheco_montealegre_2020_colombia__ASV000074	80	Bacteria	Pseudomonadota	Gammaproteobacteria	Enterobacterales		
pacheco_montealegre_2020_colombia	pacheco_montealegre_2020_colombia__ASV000075	80	Bacteria	Bacillota	Clostridia	Lachnospirales	Lachnospiraceae	
pacheco_montealegre_2020_colombia	pacheco_montealegre_2020_colombia__ASV000076	80	Bacteria	Bacillota	Bacilli	Bacillales	Planococcaceae	
pacheco_montealegre_2020_colombia	pacheco_montealegre_2020_colombia__ASV000077	80	Bacteria	Bacillota	Bacilli	Lactobacillales	Lactobacillaceae	Lactobacillus
pacheco_montealegre_2020_colombia	pacheco_montealegre_2020_colombia__ASV000078	80	Bacteria	Bacillota	Bacilli	Lactobacillales	Lactobacillaceae	Lactobacillus
pacheco_montealegre_2020_colombia	pacheco_montealegre_2020_colombia__ASV000079	80	Bacteria	Bacillota	Bacilli	Lactobacillales	Lactobacillaceae	Liquorilactobacillus
pacheco_montealegre_2020_colombia	pacheco_montealegre_2020_colombia__ASV000080	80	Bacteria	Bacillota	Bacilli	Lactobacillales	Lactobacillaceae	Liquorilactobacillus
pacheco_montealegre_2020_colombia	pacheco_montealegre_2020_colombia__ASV000081	80	Bacteria	Bacillota	Bacilli	Lactobacillales	Lactobacillaceae	Periweissella
pacheco_montealegre_2020_colombia	pacheco_montealegre_2020_colombia__ASV000082	80	Bacteria	Bacillota	Bacilli	Lactobacillales	Streptococcaceae	Lactococcus
pacheco_montealegre_2020_colombia	pacheco_montealegre_2020_colombia__ASV000083	80	Bacteria	Bacillota	Bacilli	Lactobacillales	Lactobacillaceae	Limosilactobacillus
pacheco_montealegre_2020_colombia	pacheco_montealegre_2020_colombia__ASV000084	80	Bacteria	Bacillota	Bacilli	Lactobacillales	Lactobacillaceae	Limosilactobacillus
pacheco_montealegre_2020_colombia	pacheco_montealegre_2020_colombia__ASV000085	80	Bacteria	Bacillota	Bacilli	Lactobacillales	Lactobacillaceae	
pacheco_montealegre_2020_colombia	pacheco_montealegre_2020_colombia__ASV000086	80	Bacteria	Bacillota	Bacilli	Lactobacillales		
pacheco_montealegre_2020_colombia	pacheco_montealegre_2020_colombia__ASV000087	80	Bacteria	Bacillota	Bacilli	Lactobacillales	Lactobacillaceae	Lactiplantibacillus
pacheco_montealegre_2020_colombia	pacheco_montealegre_2020_colombia__ASV000088	80	Bacteria	Bacillota	Bacilli	Lactobacillales	Lactobacillaceae	Levilactobacillus
pacheco_montealegre_2020_colombia	pacheco_montealegre_2020_colombia__ASV000089	80	Bacteria	Bacillota	Bacilli	Lactobacillales	Lactobacillaceae	Liquorilactobacillus
pacheco_montealegre_2020_colombia	pacheco_montealegre_2020_colombia__ASV000090	80	Bacteria	Bacillota	Bacilli	Lactobacillales	Lactobacillaceae	Leuconostoc
pacheco_montealegre_2020_colombia	pacheco_montealegre_2020_colombia__ASV000091	80	Bacteria	Bacillota	Bacilli	Lactobacillales	Lactobacillaceae	Leuconostoc
pacheco_montealegre_2020_colombia	pacheco_montealegre_2020_colombia__ASV000092	80	Bacteria	Bacillota	Bacilli	Lactobacillales	Lactobacillaceae	Fructobacillus
pacheco_montealegre_2020_colombia	pacheco_montealegre_2020_colombia__ASV000093	80	Bacteria	Bacillota	Bacilli	Lactobacillales	Lactobacillaceae	Fructobacillus
pacheco_montealegre_2020_colombia	pacheco_montealegre_2020_colombia__ASV000001	50	Bacteria	Cyanobacteriota	Cyanobacteriia	Chloroplast		
pacheco_montealegre_2020_colombia	pacheco_montealegre_2020_colombia__ASV000002	50	Bacteria	Actinomycetota	Actinobacteria	Micrococcales	Promicromonosporaceae	Cellulosimicrobium
pacheco_montealegre_2020_colombia	pacheco_montealegre_2020_colombia__ASV000003	50	Bacteria	Cyanobacteriota	Cyanobacteriia	Chloroplast		
pacheco_montealegre_2020_colombia	pacheco_montealegre_2020_colombia__ASV000004	50	Bacteria	Bacillota	Clostridia	Lachnospirales	Lachnospiraceae	Kineothrix
pacheco_montealegre_2020_colombia	pacheco_montealegre_2020_colombia__ASV000005	50	Bacteria	Pseudomonadota	Alphaproteobacteria	Acetobacterales	Acetobacteraceae	Komagataeibacter
pacheco_montealegre_2020_colombia	pacheco_montealegre_2020_colombia__ASV000006	50	Bacteria	Pseudomonadota	Alphaproteobacteria	Acetobacterales	Acetobacteraceae	Komagataeibacter
pacheco_montealegre_2020_colombia	pacheco_montealegre_2020_colombia__ASV000007	50	Bacteria	Pseudomonadota	Alphaproteobacteria	Rickettsiales	Mitochondria	
pacheco_montealegre_2020_colombia	pacheco_montealegre_2020_colombia__ASV000008	50	Bacteria	Actinomycetota	Actinobacteria	Micrococcales	Micrococcaceae	Glutamicibacter
pacheco_montealegre_2020_colombia	pacheco_montealegre_2020_colombia__ASV000009	50	Bacteria	Pseudomonadota	Alphaproteobacteria	Acetobacterales	Acetobacteraceae	Komagataeibacter
pacheco_montealegre_2020_colombia	pacheco_montealegre_2020_colombia__ASV000010	50	Bacteria	Pseudomonadota	Alphaproteobacteria	Acetobacterales	Acetobacteraceae	Gluconobacter
pacheco_montealegre_2020_colombia	pacheco_montealegre_2020_colombia__ASV000011	50	Bacteria	Pseudomonadota	Alphaproteobacteria	Acetobacterales	Acetobacteraceae	Gluconobacter
pacheco_montealegre_2020_colombia	pacheco_montealegre_2020_colombia__ASV000012	50	Bacteria	Pseudomonadota	Alphaproteobacteria	Acetobacterales	Acetobacteraceae	Acetobacter
pacheco_montealegre_2020_colombia	pacheco_montealegre_2020_colombia__ASV000013	50	Bacteria	Pseudomonadota	Alphaproteobacteria	Acetobacterales	Acetobacteraceae	Acetobacter
pacheco_montealegre_2020_colombia	pacheco_montealegre_2020_colombia__ASV000014	50	Bacteria	Pseudomonadota	Alphaproteobacteria	Acetobacterales	Acetobacteraceae	Acetobacter
pacheco_montealegre_2020_colombia	pacheco_montealegre_2020_colombia__ASV000015	50	Bacteria	Pseudomonadota	Alphaproteobacteria	Acetobacterales	Acetobacteraceae	Acetobacter
pacheco_montealegre_2020_colombia	pacheco_montealegre_2020_colombia__ASV000016	50	Bacteria	Pseudomonadota	Alphaproteobacteria	Acetobacterales	Acetobacteraceae	Acetobacter
pacheco_montealegre_2020_colombia	pacheco_montealegre_2020_colombia__ASV000017	50	Bacteria	Pseudomonadota	Alphaproteobacteria	Acetobacterales	Acetobacteraceae	Komagataeibacter
pacheco_montealegre_2020_colombia	pacheco_montealegre_2020_colombia__ASV000018	50	Bacteria	Pseudomonadota	Alphaproteobacteria	Acetobacterales	Acetobacteraceae	Komagataeibacter
pacheco_montealegre_2020_colombia	pacheco_montealegre_2020_colombia__ASV000019	50	Bacteria	Pseudomonadota	Alphaproteobacteria	Acetobacterales	Acetobacteraceae	Komagataeibacter
pacheco_montealegre_2020_colombia	pacheco_montealegre_2020_colombia__ASV000020	50	Bacteria	Pseudomonadota	Alphaproteobacteria	Rickettsiales	Mitochondria	
pacheco_montealegre_2020_colombia	pacheco_montealegre_2020_colombia__ASV000021	50	Bacteria	Pseudomonadota	Alphaproteobacteria	Acetobacterales	Acetobacteraceae	Acetobacter
pacheco_montealegre_2020_colombia	pacheco_montealegre_2020_colombia__ASV000022	50	Bacteria	Pseudomonadota	Alphaproteobacteria	Acetobacterales	Acetobacteraceae	Acetobacter
pacheco_montealegre_2020_colombia	pacheco_montealegre_2020_colombia__ASV000023	50	Bacteria	Pseudomonadota	Alphaproteobacteria	Acetobacterales	Acetobacteraceae	Acetobacter
pacheco_montealegre_2020_colombia	pacheco_montealegre_2020_colombia__ASV000024	50	Bacteria	Pseudomonadota	Alphaproteobacteria	Acetobacterales	Acetobacteraceae	Acetobacter
pacheco_montealegre_2020_colombia	pacheco_montealegre_2020_colombia__ASV000025	50	Bacteria	Pseudomonadota	Alphaproteobacteria	Acetobacterales	Acetobacteraceae	Acetobacter
pacheco_montealegre_2020_colombia	pacheco_montealegre_2020_colombia__ASV000026	50	Bacteria	Pseudomonadota	Alphaproteobacteria	Acetobacterales	Acetobacteraceae	Acetobacter
pacheco_montealegre_2020_colombia	pacheco_montealegre_2020_colombia__ASV000027	50	Bacteria	Pseudomonadota	Alphaproteobacteria	Acetobacterales	Acetobacteraceae	Acetobacter
pacheco_montealegre_2020_colombia	pacheco_montealegre_2020_colombia__ASV000028	50	Bacteria	Pseudomonadota	Alphaproteobacteria	Acetobacterales	Acetobacteraceae	Acetobacter
pacheco_montealegre_2020_colombia	pacheco_montealegre_2020_colombia__ASV000029	50	Bacteria	Pseudomonadota	Alphaproteobacteria	Acetobacterales	Acetobacteraceae	Acetobacter
pacheco_montealegre_2020_colombia	pacheco_montealegre_2020_colombia__ASV000030	50	Bacteria	Pseudomonadota	Alphaproteobacteria	Acetobacterales	Acetobacteraceae	Acetobacter
pacheco_montealegre_2020_colombia	pacheco_montealegre_2020_colombia__ASV000031	50	Bacteria	Pseudomonadota	Alphaproteobacteria	Acetobacterales	Acetobacteraceae	Acetobacter
pacheco_montealegre_2020_colombia	pacheco_montealegre_2020_colombia__ASV000032	50	Bacteria	Pseudomonadota	Alphaproteobacteria	Acetobacterales	Acetobacteraceae	Acetobacter
pacheco_montealegre_2020_colombia	pacheco_montealegre_2020_colombia__ASV000033	50	Bacteria	Pseudomonadota	Alphaproteobacteria	Acetobacterales	Acetobacteraceae	Komagataeibacter
pacheco_montealegre_2020_colombia	pacheco_montealegre_2020_colombia__ASV000034	50	Bacteria	Pseudomonadota	Alphaproteobacteria	Acetobacterales	Acetobacteraceae	Komagataeibacter
pacheco_montealegre_2020_colombia	pacheco_montealegre_2020_colombia__ASV000035	50	Bacteria	Pseudomonadota	Alphaproteobacteria	Acetobacterales	Acetobacteraceae	Komagataeibacter
pacheco_montealegre_2020_colombia	pacheco_montealegre_2020_colombia__ASV000036	50	Bacteria	Pseudomonadota	Alphaproteobacteria	Acetobacterales	Acetobacteraceae	Komagataeibacter
pacheco_montealegre_2020_colombia	pacheco_montealegre_2020_colombia__ASV000037	50	Bacteria	Pseudomonadota	Alphaproteobacteria	Rickettsiales	Mitochondria	
pacheco_montealegre_2020_colombia	pacheco_montealegre_2020_colombia__ASV000038	50	Bacteria	Pseudomonadota	Alphaproteobacteria	Acetobacterales	Acetobacteraceae	Gluconobacter
pacheco_montealegre_2020_colombia	pacheco_montealegre_2020_colombia__ASV000039	50	Bacteria	Pseudomonadota	Alphaproteobacteria	Acetobacterales	Acetobacteraceae	Gluconobacter
pacheco_montealegre_2020_colombia	pacheco_montealegre_2020_colombia__ASV000040	50	Bacteria	Pseudomonadota	Alphaproteobacteria	Acetobacterales	Acetobacteraceae	Acetobacter
pacheco_montealegre_2020_colombia	pacheco_montealegre_2020_colombia__ASV000041	50	Bacteria	Pseudomonadota	Alphaproteobacteria	Acetobacterales	Acetobacteraceae	Acetobacter
pacheco_montealegre_2020_colombia	pacheco_montealegre_2020_colombia__ASV000042	50	Bacteria	Pseudomonadota	Alphaproteobacteria	Acetobacterales	Acetobacteraceae	Acetobacter
pacheco_montealegre_2020_colombia	pacheco_montealegre_2020_colombia__ASV000043	50	Bacteria	Pseudomonadota	Alphaproteobacteria	Acetobacterales	Acetobacteraceae	Acetobacter
pacheco_montealegre_2020_colombia	pacheco_montealegre_2020_colombia__ASV000044	50	Bacteria	Pseudomonadota	Alphaproteobacteria	Acetobacterales	Acetobacteraceae	Acetobacter
pacheco_montealegre_2020_colombia	pacheco_montealegre_2020_colombia__ASV000045	50	Bacteria	Pseudomonadota	Alphaproteobacteria	Acetobacterales	Acetobacteraceae	Acetobacter
pacheco_montealegre_2020_colombia	pacheco_montealegre_2020_colombia__ASV000046	50	Bacteria	Pseudomonadota	Alphaproteobacteria	Acetobacterales	Acetobacteraceae	Acetobacter
pacheco_montealegre_2020_colombia	pacheco_montealegre_2020_colombia__ASV000047	50	Bacteria	Pseudomonadota	Gammaproteobacteria	Enterobacterales	Enterobacteriaceae	
pacheco_montealegre_2020_colombia	pacheco_montealegre_2020_colombia__ASV000048	50	Bacteria	Pseudomonadota	Gammaproteobacteria	Burkholderiales	Comamonadaceae	
pacheco_montealegre_2020_colombia	pacheco_montealegre_2020_colombia__ASV000049	50	Bacteria	Pseudomonadota	Gammaproteobacteria	Lysobacterales	Rhodanobacteraceae	Frateuria
pacheco_montealegre_2020_colombia	pacheco_montealegre_2020_colombia__ASV000050	50	Bacteria	Pseudomonadota	Gammaproteobacteria	Pseudomonadales		
pacheco_montealegre_2020_colombia	pacheco_montealegre_2020_colombia__ASV000051	50	Bacteria	Pseudomonadota	Gammaproteobacteria	Burkholderiales	Oxalobacteraceae	
pacheco_montealegre_2020_colombia	pacheco_montealegre_2020_colombia__ASV000052	50	Bacteria	Pseudomonadota	Gammaproteobacteria	Enterobacterales	Pectobacteriaceae	Pectobacterium
pacheco_montealegre_2020_colombia	pacheco_montealegre_2020_colombia__ASV000053	50	Bacteria	Pseudomonadota	Gammaproteobacteria	Enterobacterales	Erwiniaceae	Tatumella
pacheco_montealegre_2020_colombia	pacheco_montealegre_2020_colombia__ASV000054	50	Bacteria	Pseudomonadota	Gammaproteobacteria	Enterobacterales		
pacheco_montealegre_2020_colombia	pacheco_montealegre_2020_colombia__ASV000055	50	Bacteria	Pseudomonadota	Gammaproteobacteria	Enterobacterales		
pacheco_montealegre_2020_colombia	pacheco_montealegre_2020_colombia__ASV000056	50	Bacteria	Pseudomonadota	Gammaproteobacteria	Enterobacterales	Enterobacteriaceae	Kosakonia
pacheco_montealegre_2020_colombia	pacheco_montealegre_2020_colombia__ASV000057	50	Bacteria	Pseudomonadota	Gammaproteobacteria	Enterobacterales	Enterobacteriaceae	Klebsiella
pacheco_montealegre_2020_colombia	pacheco_montealegre_2020_colombia__ASV000058	50	Bacteria	Pseudomonadota	Gammaproteobacteria	Enterobacterales	Enterobacteriaceae	Klebsiella
pacheco_montealegre_2020_colombia	pacheco_montealegre_2020_colombia__ASV000059	50	Bacteria	Pseudomonadota	Gammaproteobacteria	Enterobacterales	Erwiniaceae	
pacheco_montealegre_2020_colombia	pacheco_montealegre_2020_colombia__ASV000060	50	Bacteria	Pseudomonadota	Gammaproteobacteria	Pseudomonadales	Cellvibrionaceae	Cellvibrio
pacheco_montealegre_2020_colombia	pacheco_montealegre_2020_colombia__ASV000061	50	Bacteria	Pseudomonadota	Gammaproteobacteria	Lysobacterales	Rhodanobacteraceae	Frateuria
pacheco_montealegre_2020_colombia	pacheco_montealegre_2020_colombia__ASV000062	50	Bacteria	Pseudomonadota	Gammaproteobacteria	Lysobacterales	Rhodanobacteraceae	Frateuria
pacheco_montealegre_2020_colombia	pacheco_montealegre_2020_colombia__ASV000063	50	Bacteria	Actinomycetota	Actinobacteria	Micrococcales	Microbacteriaceae	Leucobacter
pacheco_montealegre_2020_colombia	pacheco_montealegre_2020_colombia__ASV000064	50	Bacteria	Pseudomonadota	Gammaproteobacteria	Pseudomonadales	Moraxellaceae	Acinetobacter
pacheco_montealegre_2020_colombia	pacheco_montealegre_2020_colombia__ASV000065	50	Bacteria	Bacillota	Bacilli	Lactobacillales	Lactobacillaceae	Limosilactobacillus
pacheco_montealegre_2020_colombia	pacheco_montealegre_2020_colombia__ASV000066	50	Bacteria	Bacillota	Bacilli	Lactobacillales	Lactobacillaceae	Secundilactobacillus
pacheco_montealegre_2020_colombia	pacheco_montealegre_2020_colombia__ASV000067	50	Bacteria	Bacillota	Bacilli	Lactobacillales	Lactobacillaceae	Paucilactobacillus
pacheco_montealegre_2020_colombia	pacheco_montealegre_2020_colombia__ASV000068	50	Bacteria	Bacillota	Clostridia	Clostridiales	Clostridiaceae	Clostridium
pacheco_montealegre_2020_colombia	pacheco_montealegre_2020_colombia__ASV000069	50	Bacteria	Bacillota	Bacilli	Lactobacillales	Lactobacillaceae	Lactiplantibacillus
pacheco_montealegre_2020_colombia	pacheco_montealegre_2020_colombia__ASV000070	50	Bacteria	Bacillota	Bacilli	Lactobacillales	Lactobacillaceae	Levilactobacillus
pacheco_montealegre_2020_colombia	pacheco_montealegre_2020_colombia__ASV000071	50	Bacteria	Bacillota	Bacilli	Lactobacillales	Lactobacillaceae	Liquorilactobacillus
pacheco_montealegre_2020_colombia	pacheco_montealegre_2020_colombia__ASV000072	50	Bacteria	Pseudomonadota	Gammaproteobacteria	Enterobacterales	Erwiniaceae	Tatumella
pacheco_montealegre_2020_colombia	pacheco_montealegre_2020_colombia__ASV000073	50	Bacteria	Pseudomonadota	Gammaproteobacteria	Enterobacterales	Erwiniaceae	Tatumella
pacheco_montealegre_2020_colombia	pacheco_montealegre_2020_colombia__ASV000074	50	Bacteria	Pseudomonadota	Gammaproteobacteria	Enterobacterales	Erwiniaceae	Erwinia
pacheco_montealegre_2020_colombia	pacheco_montealegre_2020_colombia__ASV000075	50	Bacteria	Bacillota	Clostridia	Lachnospirales	Lachnospiraceae	Lachnospira
pacheco_montealegre_2020_colombia	pacheco_montealegre_2020_colombia__ASV000076	50	Bacteria	Bacillota	Bacilli	Bacillales	Planococcaceae	
pacheco_montealegre_2020_colombia	pacheco_montealegre_2020_colombia__ASV000077	50	Bacteria	Bacillota	Bacilli	Lactobacillales	Lactobacillaceae	Lactobacillus
pacheco_montealegre_2020_colombia	pacheco_montealegre_2020_colombia__ASV000078	50	Bacteria	Bacillota	Bacilli	Lactobacillales	Lactobacillaceae	Lactobacillus
pacheco_montealegre_2020_colombia	pacheco_montealegre_2020_colombia__ASV000079	50	Bacteria	Bacillota	Bacilli	Lactobacillales	Lactobacillaceae	Liquorilactobacillus
pacheco_montealegre_2020_colombia	pacheco_montealegre_2020_colombia__ASV000080	50	Bacteria	Bacillota	Bacilli	Lactobacillales	Lactobacillaceae	Liquorilactobacillus
pacheco_montealegre_2020_colombia	pacheco_montealegre_2020_colombia__ASV000081	50	Bacteria	Bacillota	Bacilli	Lactobacillales	Lactobacillaceae	Periweissella
pacheco_montealegre_2020_colombia	pacheco_montealegre_2020_colombia__ASV000082	50	Bacteria	Bacillota	Bacilli	Lactobacillales	Streptococcaceae	Lactococcus
pacheco_montealegre_2020_colombia	pacheco_montealegre_2020_colombia__ASV000083	50	Bacteria	Bacillota	Bacilli	Lactobacillales	Lactobacillaceae	Limosilactobacillus
pacheco_montealegre_2020_colombia	pacheco_montealegre_2020_colombia__ASV000084	50	Bacteria	Bacillota	Bacilli	Lactobacillales	Lactobacillaceae	Limosilactobacillus
pacheco_montealegre_2020_colombia	pacheco_montealegre_2020_colombia__ASV000085	50	Bacteria	Bacillota	Bacilli	Lactobacillales	Lactobacillaceae	Limosilactobacillus
pacheco_montealegre_2020_colombia	pacheco_montealegre_2020_colombia__ASV000086	50	Bacteria	Bacillota	Bacilli	Lactobacillales		
pacheco_montealegre_2020_colombia	pacheco_montealegre_2020_colombia__ASV000087	50	Bacteria	Bacillota	Bacilli	Lactobacillales	Lactobacillaceae	Lactiplantibacillus
pacheco_montealegre_2020_colombia	pacheco_montealegre_2020_colombia__ASV000088	50	Bacteria	Bacillota	Bacilli	Lactobacillales	Lactobacillaceae	Levilactobacillus
pacheco_montealegre_2020_colombia	pacheco_montealegre_2020_colombia__ASV000089	50	Bacteria	Bacillota	Bacilli	Lactobacillales	Lactobacillaceae	Liquorilactobacillus
pacheco_montealegre_2020_colombia	pacheco_montealegre_2020_colombia__ASV000090	50	Bacteria	Bacillota	Bacilli	Lactobacillales	Lactobacillaceae	Leuconostoc
pacheco_montealegre_2020_colombia	pacheco_montealegre_2020_colombia__ASV000091	50	Bacteria	Bacillota	Bacilli	Lactobacillales	Lactobacillaceae	Leuconostoc
pacheco_montealegre_2020_colombia	pacheco_montealegre_2020_colombia__ASV000092	50	Bacteria	Bacillota	Bacilli	Lactobacillales	Lactobacillaceae	Fructobacillus
pacheco_montealegre_2020_colombia	pacheco_montealegre_2020_colombia__ASV000093	50	Bacteria	Bacillota	Bacilli	Lactobacillales	Lactobacillaceae	Fructobacillus
