study_id	bioproject	sample_id	run_accession	read_file	source_url	target_relative	expected_bytes	expected_md5	decision	reason
pacheco_montealegre_2020_colombia	PRJNA492720	BactSaII120z2	SRR7899641	SRR7899641_1.fastq.gz	https://ftp.sra.ebi.ac.uk/vol1/fastq/SRR789/001/SRR7899641/SRR7899641_1.fastq.gz	pacheco_montealegre_2020_colombia/SRR7899641/SRR7899641_1.fastq.gz	2613834	25eafbb9d5369f0a9adf6cfe3562e74b	include	paired_stream
pacheco_montealegre_2020_colombia	PRJNA492720	BactSaII120z2	SRR7899641	SRR7899641_2.fastq.gz	https://ftp.sra.ebi.ac.uk/vol1/fastq/SRR789/001/SRR7899641/SRR7899641_2.fastq.gz	pacheco_montealegre_2020_colombia/SRR7899641/SRR7899641_2.fastq.gz	3009907	5c626716dc9c3181a0c545f234abb64f	include	paired_stream
pacheco_montealegre_2020_colombia	PRJNA492720	BactSaII120z1	SRR7899642	SRR7899642_1.fastq.gz	https://ftp.sra.ebi.ac.uk/vol1/fastq/SRR789/002/SRR7899642/SRR7899642_1.fastq.gz	pacheco_montealegre_2020_colombia/SRR7899642/SRR7899642_1.fastq.gz	977863	aaabd423a7836b005bc672b461d94d6e	include	paired_stream
pacheco_montealegre_2020_colombia	PRJNA492720	BactSaII120z1	SRR7899642	SRR7899642_2.fastq.gz	https://ftp.sra.ebi.ac.uk/vol1/fastq/SRR789/002/SRR7899642/SRR7899642_2.fastq.gz	pacheco_montealegre_2020_colombia/SRR7899642/SRR7899642_2.fastq.gz	1338160	bad0ba7693e815819010bb04e3391910	include	paired_stream
pacheco_montealegre_2020_colombia	PRJNA492720	BactSaII108z2	SRR7899643	SRR7899643_1.fastq.gz	https://ftp.sra.ebi.ac.uk/vol1/fastq/SRR789/003/SRR7899643/SRR7899643_1.fastq.gz	pacheco_montealegre_2020_colombia/SRR7899643/SRR7899643_1.fastq.gz	2405478	ab16a6c039568a149ff15875ca29e8aa	include	paired_stream
pacheco_montealegre_2020_colombia	PRJNA492720	BactSaII108z2	SRR7899643	SRR7899643_2.fastq.gz	https://ftp.sra.ebi.ac.uk/vol1/fastq/SRR789/003/SRR7899643/SRR7899643_2.fastq.gz	pacheco_montealegre_2020_colombia/SRR7899643/SRR7899643_2.fastq.gz	3218818	0781fa0854b805a6bd76fa8b5133cf01	include	paired_stream
pacheco_montealegre_2020_colombia	PRJNA492720	BactSaII108z1	SRR7899644	SRR7899644_1.fastq.gz	https://ftp.sra.ebi.ac.uk/vol1/fastq/SRR789/004/SRR7899644/SRR7899644_1.fastq.gz	pacheco_montealegre_2020_colombia/SRR7899644/SRR7899644_1.fastq.gz	1793107	b1f0055e917ccf9e63bc66b7a8d0836c	include	paired_stream
pacheco_montealegre_2020_colombia	PRJNA492720	BactSaII108z1	SRR7899644	SRR7899644_2.fastq.gz	https://ftp.sra.ebi.ac.uk/vol1/fastq/SRR789/004/SRR7899644/SRR7899644_2.fastq.gz	pacheco_montealegre_2020_colombia/SRR7899644/SRR7899644_2.fastq.gz	2672289	b2918bf266104a9852f6c45d15839d77	include	paired_stream
pacheco_montealegre_2020_colombia	PRJNA492720	BactSaII132z2	SRR7899647	SRR7899647_1.fastq.gz	https://ftp.sra.ebi.ac.uk/vol1/fastq/SRR789/007/SRR7899647/SRR7899647_1.fastq.gz	pacheco_montealegre_2020_colombia/SRR7899647/SRR7899647_1.fastq.gz	1017551	d074289ab2e63654b3408ffcd9297f18	include	paired_stream
pacheco_montealegre_2020_colombia	PRJNA492720	BactSaII132z2	SRR7899647	SRR7899647_2.fastq.gz	https://ftp.sra.ebi.ac.uk/vol1/fastq/SRR789/007/SRR7899647/SRR7899647_2.fastq.gz	pacheco_montealegre_2020_colombia/SRR7899647/SRR7899647_2.fastq.gz	1295761	550a16a8e0791037ebe78583469574ac	include	paired_stream
pacheco_montealegre_2020_colombia	PRJNA492720	BactSaII132z1	SRR7899648	SRR7899648_1.fastq.gz	https://ftp.sra.ebi.ac.uk/vol1/fastq/SRR789/008/SRR7899648/SRR7899648_1.fastq.gz	pacheco_montealegre_2020_colombia/SRR7899648/SRR7899648_1.fastq.gz	988773	63fcbb3312ecdf2d1ac9256bad290a09	include	paired_stream
pacheco_montealegre_2020_colombia	PRJNA492720	BactSaII132z1	SRR7899648	SRR7899648_2.fastq.gz	https://ftp.sra.ebi.ac.uk/vol1/fastq/SRR789/008/SRR7899648/SRR7899648_2.fastq.gz	pacheco_montealegre_2020_colombia/SRR7899648/SRR7899648_2.fastq.gz	1458120	b53db738057a51ff73caba8a00530a27	include	paired_stream
pacheco_montealegre_2020_colombia	PRJNA492720	BactSaI012z2	SRR7899649	SRR7899649_1.fastq.gz	https://ftp.sra.ebi.ac.uk/vol1/fastq/SRR789/009/SRR7899649/SRR7899649_1.fastq.gz	pacheco_montealegre_2020_colombia/SRR7899649/SRR7899649_1.fastq.gz	1536943	59fc0ea742e956f7cc956ce865aeef0d	include	paired_stream
pacheco_montealegre_2020_colombia	PRJNA492720	BactSaI012z2	SRR7899649	SRR7899649_2.fastq.gz	https://ftp.sra.ebi.ac.uk/vol1/fastq/SRR789/009/SRR7899649/SRR7899649_2.fastq.gz	pacheco_montealegre_2020_colombia/SRR7899649/SRR7899649_2.fastq.gz	1473259	79f0ba5f9df77798e662dc0e809b2c30	include	paired_stream
pacheco_montealegre_2020_colombia	PRJNA492720	BactSaI012z1	SRR7899650	SRR7899650.fastq.gz	https://ftp.sra.ebi.ac.uk/vol1/fastq/SRR789/000/SRR7899650/SRR7899650.fastq.gz	pacheco_montealegre_2020_colombia/SRR7899650/SRR7899650.fastq.gz	177368	da7242987252e1040f9574c2e957b8e5	exclude	unpaired_stream
pacheco_montealegre_2020_colombia	PRJNA492720	BactSaI012z1	SRR7899650	SRR7899650_1.fastq.gz	https://ftp.sra.ebi.ac.uk/vol1/fastq/SRR789/000/SRR7899650/SRR7899650_1.fastq.gz	pacheco_montealegre_2020_colombia/SRR7899650/SRR7899650_1.fastq.gz	667901	c5aeaf9a84f7030c25e7024fc9557483	include	paired_stream
pacheco_montealegre_2020_colombia	PRJNA492720	BactSaI012z1	SRR7899650	SRR7899650_2.fastq.gz	https://ftp.sra.ebi.ac.uk/vol1/fastq/SRR789/000/SRR7899650/SRR7899650_2.fastq.gz	pacheco_montealegre_2020_colombia/SRR7899650/SRR7899650_2.fastq.gz	572952	51fa103402cc35f92300bb18422b4581	include	paired_stream
pacheco_montealegre_2020_colombia	PRJNA492720	BactSaI000z2	SRR7899655	SRR7899655_1.fastq.gz	https://ftp.sra.ebi.ac.uk/vol1/fastq/SRR789/005/SRR7899655/SRR7899655_1.fastq.gz	pacheco_montealegre_2020_colombia/SRR7899655/SRR7899655_1.fastq.gz	1459488	6e77f1a31770d3f65e4baaedc889c57a	include	paired_stream
pacheco_montealegre_2020_colombia	PRJNA492720	BactSaI000z2	SRR7899655	SRR7899655_2.fastq.gz	https://ftp.sra.ebi.ac.uk/vol1/fastq/SRR789/005/SRR7899655/SRR7899655_2.fastq.gz	pacheco_montealegre_2020_colombia/SRR7899655/SRR7899655_2.fastq.gz	2062242	2b5dde6d71ff182e0737b5d788c5c068	include	paired_stream
pacheco_montealegre_2020_colombia	PRJNA492720	BactSaI000z1	SRR7899656	SRR7899656_1.fastq.gz	https://ftp.sra.ebi.ac.uk/vol1/fastq/SRR789/006/SRR7899656/SRR7899656_1.fastq.gz	pacheco_montealegre_2020_colombia/SRR7899656/SRR7899656_1.fastq.gz	2831930	a72eb4a3896ebd9064fdd9ca000afdff	include	paired_stream
pacheco_montealegre_2020_colombia	PRJNA492720	BactSaI000z1	SRR7899656	SRR7899656_2.fastq.gz	https://ftp.sra.ebi.ac.uk/vol1/fastq/SRR789/006/SRR7899656/SRR7899656_2.fastq.gz	pacheco_montealegre_2020_colombia/SRR7899656/SRR7899656_2.fastq.gz	2550187	10924072953ecfed1cf2673d8308796a	include	paired_stream
pacheco_montealegre_2020_colombia	PRJNA492720	BactAnI024z1	SRR7899678	SRR7899678_1.fastq.gz	https://ftp.sra.ebi.ac.uk/vol1/fastq/SRR789/008/SRR7899678/SRR7899678_1.fastq.gz	pacheco_montealegre_2020_colombia/SRR7899678/SRR7899678_1.fastq.gz	1995338	ed72b98d5a09faf3b819e2da4793ec46	include	paired_stream
pacheco_montealegre_2020_colombia	PRJNA492720	BactAnI024z1	SRR7899678	SRR7899678_2.fastq.gz	https://ftp.sra.ebi.ac.uk/vol1/fastq/SRR789/008/SRR7899678/SRR7899678_2.fastq.gz	pacheco_montealegre_2020_colombia/SRR7899678/SRR7899678_2.fastq.gz	3054896	e9385572ae21d064089c68c0619a6a28	include	paired_stream
pacheco_montealegre_2020_colombia	PRJNA492720	BactSaII096z1	SRR7899679	SRR7899679_1.fastq.gz	https://ftp.sra.ebi.ac.uk/vol1/fastq/SRR789/009/SRR7899679/SRR7899679_1.fastq.gz	pacheco_montealegre_2020_colombia/SRR7899679/SRR7899679_1.fastq.gz	2061276	dd9a074885f68a3be97b62b68c31c8e2	include	paired_stream
pacheco_montealegre_2020_colombia	PRJNA492720	BactSaII096z1	SRR7899679	SRR7899679_2.fastq.gz	https://ftp.sra.ebi.ac.uk/vol1/fastq/SRR789/009/SRR7899679/SRR7899679_2.fastq.gz	pacheco_montealegre_2020_colombia/SRR7899679/SRR7899679_2.fastq.gz	3096925	ffe3b44e00327fc5df380da17f9790eb	include	paired_stream
pacheco_montealegre_2020_colombia	PRJNA492720	BactSaII096z2	SRR7899680	SRR7899680_1.fastq.gz	https://ftp.sra.ebi.ac.uk/vol1/fastq/SRR789/000/SRR7899680/SRR7899680_1.fastq.gz	pacheco_montealegre_2020_colombia/SRR7899680/SRR7899680_1.fastq.gz	1872509	1e64a384de984ad8d3da9eb268becfd8	include	paired_stream
pacheco_montealegre_2020_colombia	PRJNA492720	BactSaII096z2	SRR7899680	SRR7899680_2.fastq.gz	https://ftp.sra.ebi.ac.uk/vol1/fastq/SRR789/000/SRR7899680/SRR7899680_2.fastq.gz	pacheco_montealegre_2020_colombia/SRR7899680/SRR7899680_2.fastq.gz	2669770	b9b033cc84fd100cbd0b8188842609ed	include	paired_stream
pacheco_montealegre_2020_colombia	PRJNA492720	BactSaII084z1	SRR7899681	SRR7899681_1.fastq.gz	https://ftp.sra.ebi.ac.uk/vol1/fastq/SRR789/001/SRR7899681/SRR7899681_1.fastq.gz	pacheco_montealegre_2020_colombia/SRR7899681/SRR7899681_1.fastq.gz	2459680	e2ab76ff3c4ef2d5e386dd215cc3bc3c	include	paired_stream
pacheco_montealegre_2020_colombia	PRJNA492720	BactSaII084z1	SRR7899681	SRR7899681_2.fastq.gz	https://ftp.sra.ebi.ac.uk/vol1/fastq/SRR789/001/SRR7899681/SRR7899681_2.fastq.gz	pacheco_montealegre_2020_colombia/SRR7899681/SRR7899681_2.fastq.gz	3613514	1aedd8d6ca90454240ea3b67751ac4be	include	paired_stream
pacheco_montealegre_2020_colombia	PRJNA492720	BactSaII084z2	SRR7899682	SRR7899682_1.fastq.gz	https://ftp.sra.ebi.ac.uk/vol1/fastq/SRR789/002/SRR7899682/SRR7899682_1.fastq.gz	pacheco_montealegre_2020_colombia/SRR7899682/SRR7899682_1.fastq.gz	2377692	7e3615287c47fd19324b90e44ff72ced	include	paired_stream
pacheco_montealegre_2020_colombia	PRJNA492720	BactSaII084z2	SRR7899682	SRR7899682_2.fastq.gz	https://ftp.sra.ebi.ac.uk/vol1/fastq/SRR789/002/SRR7899682/SRR7899682_2.fastq.gz	pacheco_montealegre_2020_colombia/SRR7899682/SRR7899682_2.fastq.gz	3121758	e15cfa9280591351e50e617ac2e429ab	include	paired_stream
pacheco_montealegre_2020_colombia	PRJNA492720	BactSaII072z1	SRR7899683	SRR7899683_1.fastq.gz	https://ftp.sra.ebi.ac.uk/vol1/fastq/SRR789/003/SRR7899683/SRR7899683_1.fastq.gz	pacheco_montealegre_2020_colombia/SRR7899683/SRR7899683_1.fastq.gz	1685289	81a5eaee42d9c0bcde00bd7088250aa2	include	paired_stream
pacheco_montealegre_2020_colombia	PRJNA492720	BactSaII072z1	SRR7899683	SRR7899683_2.fastq.gz	https://ftp.sra.ebi.ac.uk/vol1/fastq/SRR789/003/SRR7899683/SRR7899683_2.fastq.gz	pacheco_montealegre_2020_colombia/SRR7899683/SRR7899683_2.fastq.gz	2473143	a3f582d0473369c4b7a7a3fc376cfd36	include	paired_stream
pacheco_montealegre_2020_colombia	PRJNA492720	BactSaII072z2	SRR7899684	SRR7899684_1.fastq.gz	https://ftp.sra.ebi.ac.uk/vol1/fastq/SRR789/004/SRR7899684/SRR7899684_1.fastq.gz	pacheco_montealegre_2020_colombia/SRR7899684/SRR7899684_1.fastq.gz	2794493	009e0cde42c27f482f3cbe8f4679d33e	include	paired_stream
pacheco_montealegre_2020_colombia	PRJNA492720	BactSaII072z2	SRR7899684	SRR7899684_2.fastq.gz	https://ftp.sra.ebi.ac.uk/vol1/fastq/SRR789/004/SRR7899684/SRR7899684_2.fastq.gz	pacheco_montealegre_2020_colombia/SRR7899684/SRR7899684_2.fastq.gz	3225893	cf36be311f23e4b25f67b278e85d2e58	include	paired_stream
pacheco_montealegre_2020_colombia	PRJNA492720	BactSaII060z1	SRR7899685	SRR7899685_1.fastq.gz	https://ftp.sra.ebi.ac.uk/vol1/fastq/SRR789/005/SRR7899685/SRR7899685_1.fastq.gz	pacheco_montealegre_2020_colombia/SRR7899685/SRR7899685_1.fastq.gz	2141984	e405a814e5f0766e7c98a4df523dd447	include	paired_stream
pacheco_montealegre_2020_colombia	PRJNA492720	BactSaII060z1	SRR7899685	SRR7899685_2.fastq.gz	https://ftp.sra.ebi.ac.uk/vol1/fastq/SRR789/005/SRR7899685/SRR7899685_2.fastq.gz	pacheco_montealegre_2020_colombia/SRR7899685/SRR7899685_2.fastq.gz	2961503	f32881e79c2c89127b7f910e284000bc	include	paired_stream
pacheco_montealegre_2020_colombia	PRJNA492720	BactSaII060z2	SRR7899686	SRR7899686_1.fastq.gz	https://ftp.sra.ebi.ac.uk/vol1/fastq/SRR789/006/SRR7899686/SRR7899686_1.fastq.gz	pacheco_montealegre_2020_colombia/SRR7899686/SRR7899686_1.fastq.gz	3113859	f2c16c18530b6fdb478c9c3eb3ba6a9f	include	paired_stream
pacheco_montealegre_2020_colombia	PRJNA492720	BactSaII060z2	SRR7899686	SRR7899686_2.fastq.gz	https://ftp.sra.ebi.ac.uk/vol1/fastq/SRR789/006/SRR7899686/SRR7899686_2.fastq.gz	pacheco_montealegre_2020_colombia/SRR7899686/SRR7899686_2.fastq.gz	3806296	2f24e5affd382a81755223f44d985b26	include	paired_stream
pacheco_montealegre_2020_colombia	PRJNA492720	BactSaII048z1	SRR7899687	SRR7899687_1.fastq.gz	https://ftp.sra.ebi.ac.uk/vol1/fastq/SRR789/007/SRR7899687/SRR7899687_1.fastq.gz	pacheco_montealegre_2020_colombia/SRR7899687/SRR7899687_1.fastq.gz	3982668	057ded005401c58ce247e58fc5e1d79f	include	paired_stream
pacheco_montealegre_2020_colombia	PRJNA492720	BactSaII048z1	SRR7899687	SRR7899687_2.fastq.gz	https://ftp.sra.ebi.ac.uk/vol1/fastq/SRR789/007/SRR7899687/SRR7899687_2.fastq.gz	pacheco_montealegre_2020_colombia/SRR7899687/SRR7899687_2.fastq.gz	4104998	3beacb6c754d3fdf55e4eeed1542810a	include	paired_stream
pacheco_montealegre_2020_colombia	PRJNA492720	BactSaII048z2	SRR7899688	SRR7899688_1.fastq.gz	https://ftp.sra.ebi.ac.uk/vol1/fastq/SRR789/008/SRR7899688/SRR7899688_1.fastq.gz	pacheco_montealegre_2020_colombia/SRR7899688/SRR7899688_1.fastq.gz	2883923	3691611c5e635a4c47d3124e8396344c	include	paired_stream
pacheco_montealegre_2020_colombia	PRJNA492720	BactSaII048z2	SRR7899688	SRR7899688_2.fastq.gz	https://ftp.sra.ebi.ac.uk/vol1/fastq/SRR789/008/SRR7899688/SRR7899688_2.fastq.gz	pacheco_montealegre_2020_colombia/SRR7899688/SRR7899688_2.fastq.gz	3295071	05e487861cd83c2360df3ca9b1d951cc	include	paired_stream
pacheco_montealegre_2020_colombia	PRJNA492720	BactSaI096z1	SRR7899691	SRR7899691_1.fastq.gz	https://ftp.sra.ebi.ac.uk/vol1/fastq/SRR789/001/SRR7899691/SRR7899691_1.fastq.gz	pacheco_montealegre_2020_colombia/SRR7899691/SRR7899691_1.fastq.gz	1927877	cafa56f28f37ca4f6a6cd63b3bcfc73b	include	paired_stream
pacheco_montealegre_2020_colombia	PRJNA492720	BactSaI096z1	SRR7899691	SRR7899691_2.fastq.gz	https://ftp.sra.ebi.ac.uk/vol1/fastq/SRR789/001/SRR7899691/SRR7899691_2.fastq.gz	pacheco_montealegre_2020_colombia/SRR7899691/SRR7899691_2.fastq.gz	2903545	dd1b1d8b582b82665a0137a8593784ae	include	paired_stream
pacheco_montealegre_2020_colombia	PRJNA492720	BactSaI096z2	SRR7899692	SRR7899692_1.fastq.gz	https://ftp.sra.ebi.ac.uk/vol1/fastq/SRR789/002/SRR7899692/SRR7899692_1.fastq.gz	pacheco_montealegre_2020_colombia/SRR7899692/SRR7899692_1.fastq.gz	884311	21ef5d74a6c56b4db6fe221f0a34827c	include	paired_stream
pacheco_montealegre_2020_colombia	PRJNA492720	BactSaI096z2	SRR7899692	SRR7899692_2.fastq.gz	https://ftp.sra.ebi.ac.uk/vol1/fastq/SRR789/002/SRR7899692/SRR7899692_2.fastq.gz	pacheco_montealegre_2020_colombia/SRR7899692/SRR7899692_2.fastq.gz	1285652	70227ea2307cbbd90397138601ceb923	include	paired_stream
pacheco_montealegre_2020_colombia	PRJNA492720	BactSaI084z1	SRR7899693	SRR7899693_1.fastq.gz	https://ftp.sra.ebi.ac.uk/vol1/fastq/SRR789/003/SRR7899693/SRR7899693_1.fastq.gz	pacheco_montealegre_2020_colombia/SRR7899693/SRR7899693_1.fastq.gz	1679222	498a9bec335ed2a47c7255f297660330	include	paired_stream
pacheco_montealegre_2020_colombia	PRJNA492720	BactSaI084z1	SRR7899693	SRR7899693_2.fastq.gz	https://ftp.sra.ebi.ac.uk/vol1/fastq/SRR789/003/SRR7899693/SRR7899693_2.fastq.gz	pacheco_montealegre_2020_colombia/SRR7899693/SRR7899693_2.fastq.gz	2461869	73e016d92adc31a85d3d752cf5b7091a	include	paired_stream
pacheco_montealegre_2020_colombia	PRJNA492720	BactSaI084z2	SRR7899694	SRR7899694_1.fastq.gz	https://ftp.sra.ebi.ac.uk/vol1/fastq/SRR789/004/SRR7899694/SRR7899694_1.fastq.gz	pacheco_montealegre_2020_colombia/SRR7899694/SRR7899694_1.fastq.gz	1017042	55275aa8b55443bec1d8a6dc53912484	include	paired_stream
pacheco_montealegre_2020_colombia	PRJNA492720	BactSaI084z2	SRR7899694	SRR7899694_2.fastq.gz	https://ftp.sra.ebi.ac.uk/vol1/fastq/SRR789/004/SRR7899694/SRR7899694_2.fastq.gz	pacheco_montealegre_2020_colombia/SRR7899694/SRR7899694_2.fastq.gz	1509154	104c95c10841c0c5e9c4b6f139b92f9f	include	paired_stream
pacheco_montealegre_2020_colombia	PRJNA492720	BactSaI072z2	SRR7899696	SRR7899696_1.fastq.gz	https://ftp.sra.ebi.ac.uk/vol1/fastq/SRR789/006/SRR7899696/SRR7899696_1.fastq.gz	pacheco_montealegre_2020_colombia/SRR7899696/SRR7899696_1.fastq.gz	1882555	8834c787d51300751f69a8071356e393	include	paired_stream
pacheco_montealegre_2020_colombia	PRJNA492720	BactSaI072z2	SRR7899696	SRR7899696_2.fastq.gz	https://ftp.sra.ebi.ac.uk/vol1/fastq/SRR789/006/SRR7899696/SRR7899696_2.fastq.gz	pacheco_montealegre_2020_colombia/SRR7899696/SRR7899696_2.fastq.gz	2760920	274ff4ff3b7601d11589ff381743e836	include	paired_stream
pacheco_montealegre_2020_colombia	PRJNA492720	BactSaI060z1	SRR7899697	SRR7899697_1.fastq.gz	https://ftp.sra.ebi.ac.uk/vol1/fastq/SRR789/007/SRR7899697/SRR7899697_1.fastq.gz	pacheco_montealegre_2020_colombia/SRR7899697/SRR7899697_1.fastq.gz	862472	321c5a6c6b53de26bcb00c1381a8c99b	include	paired_stream
pacheco_montealegre_2020_colombia	PRJNA492720	BactSaI060z1	SRR7899697	SRR7899697_2.fastq.gz	https://ftp.sra.ebi.ac.uk/vol1/fastq/SRR789/007/SRR7899697/SRR7899697_2.fastq.gz	pacheco_montealegre_2020_colombia/SRR7899697/SRR7899697_2.fastq.gz	1263737	08e2074d1036f2c50d068e69cc2aec31	include	paired_stream
pacheco_montealegre_2020_colombia	PRJNA492720	BactSaI060z2	SRR7899698	SRR7899698_1.fastq.gz	https://ftp.sra.ebi.ac.uk/vol1/fastq/SRR789/008/SRR7899698/SRR7899698_1.fastq.gz	pacheco_montealegre_2020_colombia/SRR7899698/SRR7899698_1.fastq.gz	1356086	05ca4d9a5560f4d1940a6a873b918361	include	paired_stream
pacheco_montealegre_2020_colombia	PRJNA492720	BactSaI060z2	SRR7899698	SRR7899698_2.fastq.gz	https://ftp.sra.ebi.ac.uk/vol1/fastq/SRR789/008/SRR7899698/SRR7899698_2.fastq.gz	pacheco_montealegre_2020_colombia/SRR7899698/SRR7899698_2.fastq.gz	2057248	ff9bdd528936e369fc99254b9357bf5c	include	paired_stream
pacheco_montealegre_2020_colombia	PRJNA492720	BactSaI048z1	SRR7899699	SRR7899699_1.fastq.gz	https://ftp.sra.ebi.ac.uk/vol1/fastq/SRR789/009/SRR7899699/SRR7899699_1.fastq.gz	pacheco_montealegre_2020_colombia/SRR7899699/SRR7899699_1.fastq.gz	3195969	14d213d9c0c75c72cf63eeab99600420	include	paired_stream
pacheco_montealegre_2020_colombia	PRJNA492720	BactSaI048z1	SRR7899699	SRR7899699_2.fastq.gz	https://ftp.sra.ebi.ac.uk/vol1/fastq/SRR789/009/SRR7899699/SRR7899699_2.fastq.gz	pacheco_montealegre_2020_colombia/SRR7899699/SRR7899699_2.fastq.gz	5202188	5b59a53c9972bb729b18c039568ec27e	include	paired_stream
pacheco_montealegre_2020_colombia	PRJNA492720	BactSaI048z2	SRR7899700	SRR7899700_1.fastq.gz	https://ftp.sra.ebi.ac.uk/vol1/fastq/SRR789/000/SRR7899700/SRR7899700_1.fastq.gz	pacheco_montealegre_2020_colombia/SRR7899700/SRR7899700_1.fastq.gz	1784491	c3a2d0a77e74ad098fc5304a6868db32	include	paired_stream
pacheco_montealegre_2020_colombia	PRJNA492720	BactSaI048z2	SRR7899700	SRR7899700_2.fastq.gz	https://ftp.sra.ebi.ac.uk/vol1/fastq/SRR789/000/SRR7899700/SRR7899700_2.fastq.gz	pacheco_montealegre_2020_colombia/SRR7899700/SRR7899700_2.fastq.gz	2537212	ee96e6e7d1662d25ac20b30070a7133d	include	paired_stream
pacheco_montealegre_2020_colombia	PRJNA492720	BactAnI036z1	SRR7899709	SRR7899709_1.fastq.gz	https://ftp.sra.ebi.ac.uk/vol1/fastq/SRR789/009/SRR7899709/SRR7899709_1.fastq.gz	pacheco_montealegre_2020_colombia/SRR7899709/SRR7899709_1.fastq.gz	2420466	eb7c2c30e1f3a7630d5758cbdbe9d837	include	paired_stream
pacheco_montealegre_2020_colombia	PRJNA492720	BactAnI036z1	SRR7899709	SRR7899709_2.fastq.gz	https://ftp.sra.ebi.ac.uk/vol1/fastq/SRR789/009/SRR7899709/SRR7899709_2.fastq.gz	pacheco_montealegre_2020_colombia/SRR7899709/SRR7899709_2.fastq.gz	2637690	d82ce77178944070b90abb43f39fed5d	include	paired_stream
pacheco_montealegre_2020_colombia	PRJNA492720	BactSaII036z2	SRR7899718	SRR7899718_1.fastq.gz	https://ftp.sra.ebi.ac.uk/vol1/fastq/SRR789/008/SRR7899718/SRR7899718_1.fastq.gz	pacheco_montealegre_2020_colombia/SRR7899718/SRR7899718_1.fastq.gz	3875815	71fec1e454735741398584ed66adf9a5	include	paired_stream
pacheco_montealegre_2020_colombia	PRJNA492720	BactSaII036z2	SRR7899718	SRR7899718_2.fastq.gz	https://ftp.sra.ebi.ac.uk/vol1/fastq/SRR789/008/SRR7899718/SRR7899718_2.fastq.gz	pacheco_montealegre_2020_colombia/SRR7899718/SRR7899718_2.fastq.gz	3726984	46d08aa7a7a0cf781f6d7a331dc05f4e	include	paired_stream
pacheco_montealegre_2020_colombia	PRJNA492720	BactSaII036z1	SRR7899719	SRR7899719_1.fastq.gz	https://ftp.sra.ebi.ac.uk/vol1/fastq/SRR789/009/SRR7899719/SRR7899719_1.fastq.gz	pacheco_montealegre_2020_colombia/SRR7899719/SRR7899719_1.fastq.gz	3408510	8ad9491558dc48af0ba95a65808e4306	include	paired_stream
pacheco_montealegre_2020_colombia	PRJNA492720	BactSaII036z1	SRR7899719	SRR7899719_2.fastq.gz	https://ftp.sra.ebi.ac.uk/vol1/fastq/SRR789/009/SRR7899719/SRR7899719_2.fastq.gz	pacheco_montealegre_2020_colombia/SRR7899719/SRR7899719_2.fastq.gz	2936844	a8a226abfbdc16dc0478682c04a0cacc	include	paired_stream
pacheco_montealegre_2020_colombia	PRJNA492720	BactAnI048z1	SRR7899720	SRR7899720_1.fastq.gz	https://ftp.sra.ebi.ac.uk/vol1/fastq/SRR789/000/SRR7899720/SRR7899720_1.fastq.gz	pacheco_montealegre_2020_colombia/SRR7899720/SRR7899720_1.fastq.gz	1738590	777ef6896e4afb95e6e458d6c42a159e	include	paired_stream
pacheco_montealegre_2020_colombia	PRJNA492720	BactAnI048z1	SRR7899720	SRR7899720_2.fastq.gz	https://ftp.sra.ebi.ac.uk/vol1/fastq/SRR789/000/SRR7899720/SRR7899720_2.fastq.gz	pacheco_montealegre_2020_colombia/SRR7899720/SRR7899720_2.fastq.gz	1992314	ee01e224480dfbcb3ebfd2197cbcd9ca	include	paired_stream
pacheco_montealegre_2020_colombia	PRJNA492720	BactAnI048z2	SRR7899721	SRR7899721_1.fastq.gz	https://ftp.sra.ebi.ac.uk/vol1/fastq/SRR789/001/SRR7899721/SRR7899721_1.fastq.gz	pacheco_montealegre_2020_colombia/SRR7899721/SRR7899721_1.fastq.gz	675341	a05949d3ece8af934b76d28750d2d8d8	include	paired_stream
pacheco_montealegre_2020_colombia	PRJNA492720	BactAnI048z2	SRR7899721	SRR7899721_2.fastq.gz	https://ftp.sra.ebi.ac.uk/vol1/fastq/SRR789/001/SRR7899721/SRR7899721_2.fastq.gz	pacheco_montealegre_2020_colombia/SRR7899721/SRR7899721_2.fastq.gz	530775	86fe31659bf242ea12c524866308f7c6	include	paired_stream
pacheco_montealegre_2020_colombia	PRJNA492720	BactSaII012z2	SRR7899722	SRR7899722_1.fastq.gz	https://ftp.sra.ebi.ac.uk/vol1/fastq/SRR789/002/SRR7899722/SRR7899722_1.fastq.gz	pacheco_montealegre_2020_colombia/SRR7899722/SRR7899722_1.fastq.gz	3955039	b8730eac815567a60a351950806fa312	include	paired_stream
pacheco_montealegre_2020_colombia	PRJNA492720	BactSaII012z2	SRR7899722	SRR7899722_2.fastq.gz	https://ftp.sra.ebi.ac.uk/vol1/fastq/SRR789/002/SRR7899722/SRR7899722_2.fastq.gz	pacheco_montealegre_2020_colombia/SRR7899722/SRR7899722_2.fastq.gz	3989815	d92b90e8e6e0b87db0bc135199d4bfd8	include	paired_stream
pacheco_montealegre_2020_colombia	PRJNA492720	BactSaII012z1	SRR7899723	SRR7899723_1.fastq.gz	https://ftp.sra.ebi.ac.uk/vol1/fastq/SRR789/003/SRR7899723/SRR7899723_1.fastq.gz	pacheco_montealegre_2020_colombia/SRR7899723/SRR7899723_1.fastq.gz	4806371	cb58748b829e130418ecff405341900b	include	paired_stream
pacheco_montealegre_2020_colombia	PRJNA492720	BactSaII012z1	SRR7899723	SRR7899723_2.fastq.gz	https://ftp.sra.ebi.ac.uk/vol1/fastq/SRR789/003/SRR7899723/SRR7899723_2.fastq.gz	pacheco_montealegre_2020_colombia/SRR7899723/SRR7899723_2.fastq.gz	5198290	6b2cd3de6d8cf89d684a38ef7d55ff37	include	paired_stream
pacheco_montealegre_2020_colombia	PRJNA492720	BactSaII024z2	SRR7899724	SRR7899724_1.fastq.gz	https://ftp.sra.ebi.ac.uk/vol1/fastq/SRR789/004/SRR7899724/SRR7899724_1.fastq.gz	pacheco_montealegre_2020_colombia/SRR7899724/SRR7899724_1.fastq.gz	4342893	6559c352ce488b42c9ec354feb3ce200	include	paired_stream
pacheco_montealegre_2020_colombia	PRJNA492720	BactSaII024z2	SRR7899724	SRR7899724_2.fastq.gz	https://ftp.sra.ebi.ac.uk/vol1/fastq/SRR789/004/SRR7899724/SRR7899724_2.fastq.gz	pacheco_montealegre_2020_colombia/SRR7899724/SRR7899724_2.fastq.gz	4989208	1b0c1e71189b2707cd8cc6b2b0e24cd1	include	paired_stream
pacheco_montealegre_2020_colombia	PRJNA492720	BactSaII024z1	SRR7899725	SRR7899725_1.fastq.gz	https://ftp.sra.ebi.ac.uk/vol1/fastq/SRR789/005/SRR7899725/SRR7899725_1.fastq.gz	pacheco_montealegre_2020_colombia/SRR7899725/SRR7899725_1.fastq.gz	3178150	b748532fe31be5145684e33f22bb8272	include	paired_stream
pacheco_montealegre_2020_colombia	PRJNA492720	BactSaII024z1	SRR7899725	SRR7899725_2.fastq.gz	https://ftp.sra.ebi.ac.uk/vol1/fastq/SRR789/005/SRR7899725/SRR7899725_2.fastq.gz	pacheco_montealegre_2020_colombia/SRR7899725/SRR7899725_2.fastq.gz	3783540	5d385b7741fb74699c4eebc4bed3959e	include	paired_stream
pacheco_montealegre_2020_colombia	PRJNA492720	BactSaI108z2	SRR7899726	SRR7899726_1.fastq.gz	https://ftp.sra.ebi.ac.uk/vol1/fastq/SRR789/006/SRR7899726/SRR7899726_1.fastq.gz	pacheco_montealegre_2020_colombia/SRR7899726/SRR7899726_1.fastq.gz	1020284	34b757bb341cdffcc62cea6e164633c9	include	paired_stream
pacheco_montealegre_2020_colombia	PRJNA492720	BactSaI108z2	SRR7899726	SRR7899726_2.fastq.gz	https://ftp.sra.ebi.ac.uk/vol1/fastq/SRR789/006/SRR7899726/SRR7899726_2.fastq.gz	pacheco_montealegre_2020_colombia/SRR7899726/SRR7899726_2.fastq.gz	1485068	4fe19a68db2fc143a4e68923180ed6bc	include	paired_stream
pacheco_montealegre_2020_colombia	PRJNA492720	BactSaI108z1	SRR7899727	SRR7899727_1.fastq.gz	https://ftp.sra.ebi.ac.uk/vol1/fastq/SRR789/007/SRR7899727/SRR7899727_1.fastq.gz	pacheco_montealegre_2020_colombia/SRR7899727/SRR7899727_1.fastq.gz	2714103	379d6d4610079c2c73f462991e927bb4	include	paired_stream
pacheco_montealegre_2020_colombia	PRJNA492720	BactSaI108z1	SRR7899727	SRR7899727_2.fastq.gz	https://ftp.sra.ebi.ac.uk/vol1/fastq/SRR789/007/SRR7899727/SRR7899727_2.fastq.gz	pacheco_montealegre_2020_colombia/SRR7899727/SRR7899727_2.fastq.gz	4019462	351f626bd3acfc4762ef49d6bd6da773	include	paired_stream
pacheco_montealegre_2020_colombia	PRJNA492720	BactAnI000z1	SRR7899728	SRR7899728_1.fastq.gz	https://ftp.sra.ebi.ac.uk/vol1/fastq/SRR789/008/SRR7899728/SRR7899728_1.fastq.gz	pacheco_montealegre_2020_colombia/SRR7899728/SRR7899728_1.fastq.gz	1845520	c5b5c24afcf07028d66dff21df81b40a	include	paired_stream
pacheco_montealegre_2020_colombia	PRJNA492720	BactAnI000z1	SRR7899728	SRR7899728_2.fastq.gz	https://ftp.sra.ebi.ac.uk/vol1/fastq/SRR789/008/SRR7899728/SRR7899728_2.fastq.gz	pacheco_montealegre_2020_colombia/SRR7899728/SRR7899728_2.fastq.gz	1932166	cde9ece81cc2f9770028b31df491c170	include	paired_stream
pacheco_montealegre_2020_colombia	PRJNA492720	BactAnI000z2	SRR7899729	SRR7899729_1.fastq.gz	https://ftp.sra.ebi.ac.uk/vol1/fastq/SRR789/009/SRR7899729/SRR7899729_1.fastq.gz	pacheco_montealegre_2020_colombia/SRR7899729/SRR7899729_1.fastq.gz	2907107	748e6a2a092f0f696ef688322b7770c6	include	paired_stream
pacheco_montealegre_2020_colombia	PRJNA492720	BactAnI000z2	SRR7899729	SRR7899729_2.fastq.gz	https://ftp.sra.ebi.ac.uk/vol1/fastq/SRR789/009/SRR7899729/SRR7899729_2.fastq.gz	pacheco_montealegre_2020_colombia/SRR7899729/SRR7899729_2.fastq.gz	3419206	b3ab01958584f3cb22ec5001314b980e	include	paired_stream
pacheco_montealegre_2020_colombia	PRJNA492720	BactSaI036z1	SRR7899730	SRR7899730.fastq.gz	https://ftp.sra.ebi.ac.uk/vol1/fastq/SRR789/000/SRR7899730/SRR7899730.fastq.gz	pacheco_montealegre_2020_colombia/SRR7899730/SRR7899730.fastq.gz	156355	bcf982472a0db70a6e4ffb6296c4f560	exclude	unpaired_stream
pacheco_montealegre_2020_colombia	PRJNA492720	BactSaI036z1	SRR7899730	SRR7899730_1.fastq.gz	https://ftp.sra.ebi.ac.uk/vol1/fastq/SRR789/000/SRR7899730/SRR7899730_1.fastq.gz	pacheco_montealegre_2020_colombia/SRR7899730/SRR7899730_1.fastq.gz	599377	3f0ca5573b69def7721517cf34448369	include	paired_stream
pacheco_montealegre_2020_colombia	PRJNA492720	BactSaI036z1	SRR7899730	SRR7899730_2.fastq.gz	https://ftp.sra.ebi.ac.uk/vol1/fastq/SRR789/000/SRR7899730/SRR7899730_2.fastq.gz	pacheco_montealegre_2020_colombia/SRR7899730/SRR7899730_2.fastq.gz	483713	fc3a9b7a774cf357debf3829c129da26	include	paired_stream
pacheco_montealegre_2020_colombia	PRJNA492720	BactSaI024z2	SRR7899744	SRR7899744_1.fastq.gz	https://ftp.sra.ebi.ac.uk/vol1/fastq/SRR789/004/SRR7899744/SRR7899744_1.fastq.gz	pacheco_montealegre_2020_colombia/SRR7899744/SRR7899744_1.fastq.gz	2199123	b2009acc24ee7c3a177e0776187ef0f7	include	paired_stream
pacheco_montealegre_2020_colombia	PRJNA492720	BactSaI024z2	SRR7899744	SRR7899744_2.fastq.gz	https://ftp.sra.ebi.ac.uk/vol1/fastq/SRR789/004/SRR7899744/SRR7899744_2.fastq.gz	pacheco_montealegre_2020_colombia/SRR7899744/SRR7899744_2.fastq.gz	2823145	e1dac3bd59261e77bb55a2221e201c86	include	paired_stream
pacheco_montealegre_2020_colombia	PRJNA492720	BactSaI024z1	SRR7899745	SRR7899745_1.fastq.gz	https://ftp.sra.ebi.ac.uk/vol1/fastq/SRR789/005/SRR7899745/SRR7899745_1.fastq.gz	pacheco_montealegre_2020_colombia/SRR7899745/SRR7899745_1.fastq.gz	1677370	e1c5b6b6128485e9613f33f7f208bf70	include	paired_stream
pacheco_montealegre_2020_colombia	PRJNA492720	BactSaI024z1	SRR7899745	SRR7899745_2.fastq.gz	https://ftp.sra.ebi.ac.uk/vol1/fastq/SRR789/005/SRR7899745/SRR7899745_2.fastq.gz	pacheco_montealegre_2020_colombia/SRR7899745/SRR7899745_2.fastq.gz	2187023	14a4dc5f4c8f75e0f65981cbb22bb067	include	paired_stream
pacheco_montealegre_2020_colombia	PRJNA492720	BactAnI036z2	SRR7899777	SRR7899777_1.fastq.gz	https://ftp.sra.ebi.ac.uk/vol1/fastq/SRR789/007/SRR7899777/SRR7899777_1.fastq.gz	pacheco_montealegre_2020_colombia/SRR7899777/SRR7899777_1.fastq.gz	1841642	fef883dbb3205a2ae5f495fd40bcf4d8	include	paired_stream
pacheco_montealegre_2020_colombia	PRJNA492720	BactAnI036z2	SRR7899777	SRR7899777_2.fastq.gz	https://ftp.sra.ebi.ac.uk/vol1/fastq/SRR789/007/SRR7899777/SRR7899777_2.fastq.gz	pacheco_montealegre_2020_colombia/SRR7899777/SRR7899777_2.fastq.gz	1503176	607bb99b6664df6fe704dd128909dba7	include	paired_stream
pacheco_montealegre_2020_colombia	PRJNA492720	BactAnII144z2	SRR7899798	SRR7899798_1.fastq.gz	https://ftp.sra.ebi.ac.uk/vol1/fastq/SRR789/008/SRR7899798/SRR7899798_1.fastq.gz	pacheco_montealegre_2020_colombia/SRR7899798/SRR7899798_1.fastq.gz	1244301	9839e7f425d22cf68bb4d67f1d426f1e	include	paired_stream
pacheco_montealegre_2020_colombia	PRJNA492720	BactAnII144z2	SRR7899798	SRR7899798_2.fastq.gz	https://ftp.sra.ebi.ac.uk/vol1/fastq/SRR789/008/SRR7899798/SRR7899798_2.fastq.gz	pacheco_montealegre_2020_colombia/SRR7899798/SRR7899798_2.fastq.gz	1735995	6bc933edf11f2ebc36192f07faae1e5e	include	paired_stream
pacheco_montealegre_2020_colombia	PRJNA492720	BactAnII144z1	SRR7899799	SRR7899799_1.fastq.gz	https://ftp.sra.ebi.ac.uk/vol1/fastq/SRR789/009/SRR7899799/SRR7899799_1.fastq.gz	pacheco_montealegre_2020_colombia/SRR7899799/SRR7899799_1.fastq.gz	1229172	f4d5fcc409817b2ec4d4306e22be9e37	include	paired_stream
pacheco_montealegre_2020_colombia	PRJNA492720	BactAnII144z1	SRR7899799	SRR7899799_2.fastq.gz	https://ftp.sra.ebi.ac.uk/vol1/fastq/SRR789/009/SRR7899799/SRR7899799_2.fastq.gz	pacheco_montealegre_2020_colombia/SRR7899799/SRR7899799_2.fastq.gz	1927358	34be344f1020382f6c13d9803e059854	include	paired_stream
pacheco_montealegre_2020_colombia	PRJNA492720	BactSaI036z2	SRR7899800	SRR7899800_1.fastq.gz	https://ftp.sra.ebi.ac.uk/vol1/fastq/SRR789/000/SRR7899800/SRR7899800_1.fastq.gz	pacheco_montealegre_2020_colombia/SRR7899800/SRR7899800_1.fastq.gz	2018517	12ab525de7ab1de896d67b3daf6a56b6	include	paired_stream
pacheco_montealegre_2020_colombia	PRJNA492720	BactSaI036z2	SRR7899800	SRR7899800_2.fastq.gz	https://ftp.sra.ebi.ac.uk/vol1/fastq/SRR789/000/SRR7899800/SRR7899800_2.fastq.gz	pacheco_montealegre_2020_colombia/SRR7899800/SRR7899800_2.fastq.gz	2913413	febcea45a1c318745553702aa1f45de7	include	paired_stream
pacheco_montealegre_2020_colombia	PRJNA492720	BactAnII096z2	SRR7899801	SRR7899801_1.fastq.gz	https://ftp.sra.ebi.ac.uk/vol1/fastq/SRR789/001/SRR7899801/SRR7899801_1.fastq.gz	pacheco_montealegre_2020_colombia/SRR7899801/SRR7899801_1.fastq.gz	866458	cfc2d54741c971c1aa08cf649f95f1e2	include	paired_stream
pacheco_montealegre_2020_colombia	PRJNA492720	BactAnII096z2	SRR7899801	SRR7899801_2.fastq.gz	https://ftp.sra.ebi.ac.uk/vol1/fastq/SRR789/001/SRR7899801/SRR7899801_2.fastq.gz	pacheco_montealegre_2020_colombia/SRR7899801/SRR7899801_2.fastq.gz	1404586	c96bc3b95e18715739b5f56764611824	include	paired_stream
pacheco_montealegre_2020_colombia	PRJNA492720	BactAnII096z1	SRR7899802	SRR7899802_1.fastq.gz	https://ftp.sra.ebi.ac.uk/vol1/fastq/SRR789/002/SRR7899802/SRR7899802_1.fastq.gz	pacheco_montealegre_2020_colombia/SRR7899802/SRR7899802_1.fastq.gz	784557	a5782a3737b8bc330e5646ec5366b020	include	paired_stream
pacheco_montealegre_2020_colombia	PRJNA492720	BactAnII096z1	SRR7899802	SRR7899802_2.fastq.gz	https://ftp.sra.ebi.ac.uk/vol1/fastq/SRR789/002/SRR7899802/SRR7899802_2.fastq.gz	pacheco_montealegre_2020_colombia/SRR7899802/SRR7899802_2.fastq.gz	1152780	2ff0c12863e9b5d3dac21b518cb9c296	include	paired_stream
pacheco_montealegre_2020_colombia	PRJNA492720	BactAnII108z2	SRR7899803	SRR7899803.fastq.gz	https://ftp.sra.ebi.ac.uk/vol1/fastq/SRR789/003/SRR7899803/SRR7899803.fastq.gz	pacheco_montealegre_2020_colombia/SRR7899803/SRR7899803.fastq.gz	538466	2301c31ca829881b1870831c8c7350bf	exclude	no_complete_paired_files
pacheco_montealegre_2020_colombia	PRJNA492720	BactAnII108z1	SRR7899804	SRR7899804_1.fastq.gz	https://ftp.sra.ebi.ac.uk/vol1/fastq/SRR789/004/SRR7899804/SRR7899804_1.fastq.gz	pacheco_montealegre_2020_colombia/SRR7899804/SRR7899804_1.fastq.gz	972370	452f4963cfaa83090f15ad1671e052a2	include	paired_stream
pacheco_montealegre_2020_colombia	PRJNA492720	BactAnII108z1	SRR7899804	SRR7899804_2.fastq.gz	https://ftp.sra.ebi.ac.uk/vol1/fastq/SRR789/004/SRR7899804/SRR7899804_2.fastq.gz	pacheco_montealegre_2020_colombia/SRR7899804/SRR7899804_2.fastq.gz	1458078	49b5d1b26dd75169352b52aace2c5524	include	paired_stream
pacheco_montealegre_2020_colombia	PRJNA492720	BactAnII120z2	SRR7899805	SRR7899805_1.fastq.gz	https://ftp.sra.ebi.ac.uk/vol1/fastq/SRR789/005/SRR7899805/SRR7899805_1.fastq.gz	pacheco_montealegre_2020_colombia/SRR7899805/SRR7899805_1.fastq.gz	1729703	f02da4e113ba8e4b43cf8b5b66d6d62d	include	paired_stream
pacheco_montealegre_2020_colombia	PRJNA492720	BactAnII120z2	SRR7899805	SRR7899805_2.fastq.gz	https://ftp.sra.ebi.ac.uk/vol1/fastq/SRR789/005/SRR7899805/SRR7899805_2.fastq.gz	pacheco_montealegre_2020_colombia/SRR7899805/SRR7899805_2.fastq.gz	2915341	c0cb55f0ae152126c923638ebf90601a	include	paired_stream
pacheco_montealegre_2020_colombia	PRJNA492720	BactAnII120z1	SRR7899806	SRR7899806_1.fastq.gz	https://ftp.sra.ebi.ac.uk/vol1/fastq/SRR789/006/SRR7899806/SRR7899806_1.fastq.gz	pacheco_montealegre_2020_colombia/SRR7899806/SRR7899806_1.fastq.gz	1859293	0c8e104a533ab3d2d2976ae55c09f685	include	paired_stream
pacheco_montealegre_2020_colombia	PRJNA492720	BactAnII120z1	SRR7899806	SRR7899806_2.fastq.gz	https://ftp.sra.ebi.ac.uk/vol1/fastq/SRR789/006/SRR7899806/SRR7899806_2.fastq.gz	pacheco_montealegre_2020_colombia/SRR7899806/SRR7899806_2.fastq.gz	2794818	19712d12c1f65261dfc5a04ff41cfbf2	include	paired_stream
pacheco_montealegre_2020_colombia	PRJNA492720	BactAnII132z2	SRR7899807	SRR7899807_1.fastq.gz	https://ftp.sra.ebi.ac.uk/vol1/fastq/SRR789/007/SRR7899807/SRR7899807_1.fastq.gz	pacheco_montealegre_2020_colombia/SRR7899807/SRR7899807_1.fastq.gz	1486729	2fe5b9e1eb435c3770367a970bb06e2c	include	paired_stream
pacheco_montealegre_2020_colombia	PRJNA492720	BactAnII132z2	SRR7899807	SRR7899807_2.fastq.gz	https://ftp.sra.ebi.ac.uk/vol1/fastq/SRR789/007/SRR7899807/SRR7899807_2.fastq.gz	pacheco_montealegre_2020_colombia/SRR7899807/SRR7899807_2.fastq.gz	2249579	bbb455271f1446070866f8a54539aee9	include	paired_stream
pacheco_montealegre_2020_colombia	PRJNA492720	BactAnII132z1	SRR7899808	SRR7899808_1.fastq.gz	https://ftp.sra.ebi.ac.uk/vol1/fastq/SRR789/008/SRR7899808/SRR7899808_1.fastq.gz	pacheco_montealegre_2020_colombia/SRR7899808/SRR7899808_1.fastq.gz	2915980	aab148f28025f27ac8ec69b3c04f6067	include	paired_stream
pacheco_montealegre_2020_colombia	PRJNA492720	BactAnII132z1	SRR7899808	SRR7899808_2.fastq.gz	https://ftp.sra.ebi.ac.uk/vol1/fastq/SRR789/008/SRR7899808/SRR7899808_2.fastq.gz	pacheco_montealegre_2020_colombia/SRR7899808/SRR7899808_2.fastq.gz	4159697	2f5d10a8899e10bf3ba9f9af674086d3	include	paired_stream
pacheco_montealegre_2020_colombia	PRJNA492720	BactAnII024z2	SRR7899810	SRR7899810_1.fastq.gz	https://ftp.sra.ebi.ac.uk/vol1/fastq/SRR789/000/SRR7899810/SRR7899810_1.fastq.gz	pacheco_montealegre_2020_colombia/SRR7899810/SRR7899810_1.fastq.gz	3274942	5ed67ddbfa4dd0e291707980edcf3ee7	include	paired_stream
pacheco_montealegre_2020_colombia	PRJNA492720	BactAnII024z2	SRR7899810	SRR7899810_2.fastq.gz	https://ftp.sra.ebi.ac.uk/vol1/fastq/SRR789/000/SRR7899810/SRR7899810_2.fastq.gz	pacheco_montealegre_2020_colombia/SRR7899810/SRR7899810_2.fastq.gz	2684062	39dc21d91edf92bc2fc0a2cfaf8f6040	include	paired_stream
pacheco_montealegre_2020_colombia	PRJNA492720	BactAnII024z1	SRR7899811	SRR7899811_1.fastq.gz	https://ftp.sra.ebi.ac.uk/vol1/fastq/SRR789/001/SRR7899811/SRR7899811_1.fastq.gz	pacheco_montealegre_2020_colombia/SRR7899811/SRR7899811_1.fastq.gz	1915568	d3cef31b328fefc6c527cea0425b8adf	include	paired_stream
pacheco_montealegre_2020_colombia	PRJNA492720	BactAnII024z1	SRR7899811	SRR7899811_2.fastq.gz	https://ftp.sra.ebi.ac.uk/vol1/fastq/SRR789/001/SRR7899811/SRR7899811_2.fastq.gz	pacheco_montealegre_2020_colombia/SRR7899811/SRR7899811_2.fastq.gz	1615534	7219ea2a76d9d8bdd97d223a9bee10d9	include	paired_stream
pacheco_montealegre_2020_colombia	PRJNA492720	BactAnII012z2	SRR7899812	SRR7899812_1.fastq.gz	https://ftp.sra.ebi.ac.uk/vol1/fastq/SRR789/002/SRR7899812/SRR7899812_1.fastq.gz	pacheco_montealegre_2020_colombia/SRR7899812/SRR7899812_1.fastq.gz	1499773	a72a1fafa1e9b2aecfe651711756e5f6	include	paired_stream
pacheco_montealegre_2020_colombia	PRJNA492720	BactAnII012z2	SRR7899812	SRR7899812_2.fastq.gz	https://ftp.sra.ebi.ac.uk/vol1/fastq/SRR789/002/SRR7899812/SRR7899812_2.fastq.gz	pacheco_montealegre_2020_colombia/SRR7899812/SRR7899812_2.fastq.gz	1260744	6450a3d9f2a8a9e2bbbc4330fe951ea0	include	paired_stream
pacheco_montealegre_2020_colombia	PRJNA492720	BactAnII012z1	SRR7899813	SRR7899813_1.fastq.gz	https://ftp.sra.ebi.ac.uk/vol1/fastq/SRR789/003/SRR7899813/SRR7899813_1.fastq.gz	pacheco_montealegre_2020_colombia/SRR7899813/SRR7899813_1.fastq.gz	1257197	ed10f93d2c0584158fffc1d6edbc1204	include	paired_stream
pacheco_montealegre_2020_colombia	PRJNA492720	BactAnII012z1	SRR7899813	SRR7899813_2.fastq.gz	https://ftp.sra.ebi.ac.uk/vol1/fastq/SRR789/003/SRR7899813/SRR7899813_2.fastq.gz	pacheco_montealegre_2020_colombia/SRR7899813/SRR7899813_2.fastq.gz	1477213	0e969b9b81b98c268f2e58b9a541d0f8	include	paired_stream
pacheco_montealegre_2020_colombia	PRJNA492720	BactAnII000z2	SRR7899814	SRR7899814_1.fastq.gz	https://ftp.sra.ebi.ac.uk/vol1/fastq/SRR789/004/SRR7899814/SRR7899814_1.fastq.gz	pacheco_montealegre_2020_colombia/SRR7899814/SRR7899814_1.fastq.gz	1538423	8d9676ecd9245ffa2d86e85794c40115	include	paired_stream
pacheco_montealegre_2020_colombia	PRJNA492720	BactAnII000z2	SRR7899814	SRR7899814_2.fastq.gz	https://ftp.sra.ebi.ac.uk/vol1/fastq/SRR789/004/SRR7899814/SRR7899814_2.fastq.gz	pacheco_montealegre_2020_colombia/SRR7899814/SRR7899814_2.fastq.gz	1706593	7b88be15ac39b17dc6a60c464732d0e8	include	paired_stream
pacheco_montealegre_2020_colombia	PRJNA492720	BactAnII000z1	SRR7899815	SRR7899815_1.fastq.gz	https://ftp.sra.ebi.ac.uk/vol1/fastq/SRR789/005/SRR7899815/SRR7899815_1.fastq.gz	pacheco_montealegre_2020_colombia/SRR7899815/SRR7899815_1.fastq.gz	928561	2caa4532adcaddf9b20e7f6267a87619	include	paired_stream
pacheco_montealegre_2020_colombia	PRJNA492720	BactAnII000z1	SRR7899815	SRR7899815_2.fastq.gz	https://ftp.sra.ebi.ac.uk/vol1/fastq/SRR789/005/SRR7899815/SRR7899815_2.fastq.gz	pacheco_montealegre_2020_colombia/SRR7899815/SRR7899815_2.fastq.gz	870211	f2826a72a67afc8588ff7e19dd8ca2fd	include	paired_stream
pacheco_montealegre_2020_colombia	PRJNA492720	BactAnI132z2	SRR7899816	SRR7899816_1.fastq.gz	https://ftp.sra.ebi.ac.uk/vol1/fastq/SRR789/006/SRR7899816/SRR7899816_1.fastq.gz	pacheco_montealegre_2020_colombia/SRR7899816/SRR7899816_1.fastq.gz	1266282	c405220ebd79ca31ad62c9bc937d320f	include	paired_stream
pacheco_montealegre_2020_colombia	PRJNA492720	BactAnI132z2	SRR7899816	SRR7899816_2.fastq.gz	https://ftp.sra.ebi.ac.uk/vol1/fastq/SRR789/006/SRR7899816/SRR7899816_2.fastq.gz	pacheco_montealegre_2020_colombia/SRR7899816/SRR7899816_2.fastq.gz	1905455	ea1f12fe0d1fd4b19828917f89cd5785	include	paired_stream
pacheco_montealegre_2020_colombia	PRJNA492720	BactAnI132z1	SRR7899817	SRR7899817_1.fastq.gz	https://ftp.sra.ebi.ac.uk/vol1/fastq/SRR789/007/SRR7899817/SRR7899817_1.fastq.gz	pacheco_montealegre_2020_colombia/SRR7899817/SRR7899817_1.fastq.gz	1539116	fdc2eac9672e10cd940f9cba6e0611ac	include	paired_stream
pacheco_montealegre_2020_colombia	PRJNA492720	BactAnI132z1	SRR7899817	SRR7899817_2.fastq.gz	https://ftp.sra.ebi.ac.uk/vol1/fastq/SRR789/007/SRR7899817/SRR7899817_2.fastq.gz	pacheco_montealegre_2020_colombia/SRR7899817/SRR7899817_2.fastq.gz	2029927	7cb29a76a2d726a20dad38caf6c97630	include	paired_stream
pacheco_montealegre_2020_colombia	PRJNA492720	BactAnI120z2	SRR7899818	SRR7899818_1.fastq.gz	https://ftp.sra.ebi.ac.uk/vol1/fastq/SRR789/008/SRR7899818/SRR7899818_1.fastq.gz	pacheco_montealegre_2020_colombia/SRR7899818/SRR7899818_1.fastq.gz	895913	ace4d45e5c24647a555c6083d5716191	include	paired_stream
pacheco_montealegre_2020_colombia	PRJNA492720	BactAnI120z2	SRR7899818	SRR7899818_2.fastq.gz	https://ftp.sra.ebi.ac.uk/vol1/fastq/SRR789/008/SRR7899818/SRR7899818_2.fastq.gz	pacheco_montealegre_2020_colombia/SRR7899818/SRR7899818_2.fastq.gz	1308073	19d299930f1e6ae7e49eead23c435bc1	include	paired_stream
pacheco_montealegre_2020_colombia	PRJNA492720	BactAnI120z1	SRR7899819	SRR7899819_1.fastq.gz	https://ftp.sra.ebi.ac.uk/vol1/fastq/SRR789/009/SRR7899819/SRR7899819_1.fastq.gz	pacheco_montealegre_2020_colombia/SRR7899819/SRR7899819_1.fastq.gz	1551531	89f568e55b00197863b9722d9f658fa0	include	paired_stream
pacheco_montealegre_2020_colombia	PRJNA492720	BactAnI120z1	SRR7899819	SRR7899819_2.fastq.gz	https://ftp.sra.ebi.ac.uk/vol1/fastq/SRR789/009/SRR7899819/SRR7899819_2.fastq.gz	pacheco_montealegre_2020_colombia/SRR7899819/SRR7899819_2.fastq.gz	2627792	eab60010173e64543590a0ed611bdca5	include	paired_stream
pacheco_montealegre_2020_colombia	PRJNA492720	BactAnI024z2	SRR7899832	SRR7899832_1.fastq.gz	https://ftp.sra.ebi.ac.uk/vol1/fastq/SRR789/002/SRR7899832/SRR7899832_1.fastq.gz	pacheco_montealegre_2020_colombia/SRR7899832/SRR7899832_1.fastq.gz	2356981	4f1f081ba6385328cba21344559bd90b	include	paired_stream
pacheco_montealegre_2020_colombia	PRJNA492720	BactAnI024z2	SRR7899832	SRR7899832_2.fastq.gz	https://ftp.sra.ebi.ac.uk/vol1/fastq/SRR789/002/SRR7899832/SRR7899832_2.fastq.gz	pacheco_montealegre_2020_colombia/SRR7899832/SRR7899832_2.fastq.gz	2281022	c82e9bfc5009e8901b27810e51232ac7	include	paired_stream
pacheco_montealegre_2020_colombia	PRJNA492720	BactAnI012z1	SRR7899837	SRR7899837_1.fastq.gz	https://ftp.sra.ebi.ac.uk/vol1/fastq/SRR789/007/SRR7899837/SRR7899837_1.fastq.gz	pacheco_montealegre_2020_colombia/SRR7899837/SRR7899837_1.fastq.gz	1509288	9ff69af5907339ce8dc11f45191e3f61	include	paired_stream
pacheco_montealegre_2020_colombia	PRJNA492720	BactAnI012z1	SRR7899837	SRR7899837_2.fastq.gz	https://ftp.sra.ebi.ac.uk/vol1/fastq/SRR789/007/SRR7899837/SRR7899837_2.fastq.gz	pacheco_montealegre_2020_colombia/SRR7899837/SRR7899837_2.fastq.gz	2098012	3f52403e2d2404ca8e325f72d65f6b66	include	paired_stream
pacheco_montealegre_2020_colombia	PRJNA492720	BactAnI012z2	SRR7899841	SRR7899841_1.fastq.gz	https://ftp.sra.ebi.ac.uk/vol1/fastq/SRR789/001/SRR7899841/SRR7899841_1.fastq.gz	pacheco_montealegre_2020_colombia/SRR7899841/SRR7899841_1.fastq.gz	1920956	a629423f22fee83f1555e754ed0e48f5	include	paired_stream
pacheco_montealegre_2020_colombia	PRJNA492720	BactAnI012z2	SRR7899841	SRR7899841_2.fastq.gz	https://ftp.sra.ebi.ac.uk/vol1/fastq/SRR789/001/SRR7899841/SRR7899841_2.fastq.gz	pacheco_montealegre_2020_colombia/SRR7899841/SRR7899841_2.fastq.gz	2285839	32d7b244b9f53a5dcc701b3b11fa2d94	include	paired_stream
pacheco_montealegre_2020_colombia	PRJNA492720	BactSaII000z2	SRR7899843	SRR7899843_1.fastq.gz	https://ftp.sra.ebi.ac.uk/vol1/fastq/SRR789/003/SRR7899843/SRR7899843_1.fastq.gz	pacheco_montealegre_2020_colombia/SRR7899843/SRR7899843_1.fastq.gz	3537420	9da614943e65a00674a5063c15e997f8	include	paired_stream
pacheco_montealegre_2020_colombia	PRJNA492720	BactSaII000z2	SRR7899843	SRR7899843_2.fastq.gz	https://ftp.sra.ebi.ac.uk/vol1/fastq/SRR789/003/SRR7899843/SRR7899843_2.fastq.gz	pacheco_montealegre_2020_colombia/SRR7899843/SRR7899843_2.fastq.gz	3761488	feceeea1308f37af909995a2c99fe8fd	include	paired_stream
pacheco_montealegre_2020_colombia	PRJNA492720	BactSaII000z1	SRR7899849	SRR7899849_1.fastq.gz	https://ftp.sra.ebi.ac.uk/vol1/fastq/SRR789/009/SRR7899849/SRR7899849_1.fastq.gz	pacheco_montealegre_2020_colombia/SRR7899849/SRR7899849_1.fastq.gz	5628855	121eed9631dedcd5ee5cc02a78093501	include	paired_stream
pacheco_montealegre_2020_colombia	PRJNA492720	BactSaII000z1	SRR7899849	SRR7899849_2.fastq.gz	https://ftp.sra.ebi.ac.uk/vol1/fastq/SRR789/009/SRR7899849/SRR7899849_2.fastq.gz	pacheco_montealegre_2020_colombia/SRR7899849/SRR7899849_2.fastq.gz	5035621	9975458f0ddb4bf361c07f2b2e2b0a74	include	paired_stream
pacheco_montealegre_2020_colombia	PRJNA492720	BactAnII084z1	SRR7899851	SRR7899851_1.fastq.gz	https://ftp.sra.ebi.ac.uk/vol1/fastq/SRR789/001/SRR7899851/SRR7899851_1.fastq.gz	pacheco_montealegre_2020_colombia/SRR7899851/SRR7899851_1.fastq.gz	1029972	89477fc4edcffe21f363c07e69751a6a	include	paired_stream
pacheco_montealegre_2020_colombia	PRJNA492720	BactAnII084z1	SRR7899851	SRR7899851_2.fastq.gz	https://ftp.sra.ebi.ac.uk/vol1/fastq/SRR789/001/SRR7899851/SRR7899851_2.fastq.gz	pacheco_montealegre_2020_colombia/SRR7899851/SRR7899851_2.fastq.gz	1503418	9c7353ed031a0da6eb2b764ff8475583	include	paired_stream
pacheco_montealegre_2020_colombia	PRJNA492720	BactAnII084z2	SRR7899852	SRR7899852_1.fastq.gz	https://ftp.sra.ebi.ac.uk/vol1/fastq/SRR789/002/SRR7899852/SRR7899852_1.fastq.gz	pacheco_montealegre_2020_colombia/SRR7899852/SRR7899852_1.fastq.gz	821372	114fc9ef1e9ed5361797917d0c42e410	include	paired_stream
pacheco_montealegre_2020_colombia	PRJNA492720	BactAnII084z2	SRR7899852	SRR7899852_2.fastq.gz	https://ftp.sra.ebi.ac.uk/vol1/fastq/SRR789/002/SRR7899852/SRR7899852_2.fastq.gz	pacheco_montealegre_2020_colombia/SRR7899852/SRR7899852_2.fastq.gz	1083211	b61ec4d15720e70a13800648e6dbf0b8	include	paired_stream
pacheco_montealegre_2020_colombia	PRJNA492720	BactAnII036z1	SRR7899853	SRR7899853_1.fastq.gz	https://ftp.sra.ebi.ac.uk/vol1/fastq/SRR789/003/SRR7899853/SRR7899853_1.fastq.gz	pacheco_montealegre_2020_colombia/SRR7899853/SRR7899853_1.fastq.gz	607133	3528cbdb5fd0cc2c4e4b1d0e181e7a2f	include	paired_stream
pacheco_montealegre_2020_colombia	PRJNA492720	BactAnII036z1	SRR7899853	SRR7899853_2.fastq.gz	https://ftp.sra.ebi.ac.uk/vol1/fastq/SRR789/003/SRR7899853/SRR7899853_2.fastq.gz	pacheco_montealegre_2020_colombia/SRR7899853/SRR7899853_2.fastq.gz	766499	183dcdb41bef754ee6ca0fa0ccd29bc8	include	paired_stream
pacheco_montealegre_2020_colombia	PRJNA492720	BactAnII036z2	SRR7899854	SRR7899854_1.fastq.gz	https://ftp.sra.ebi.ac.uk/vol1/fastq/SRR789/004/SRR7899854/SRR7899854_1.fastq.gz	pacheco_montealegre_2020_colombia/SRR7899854/SRR7899854_1.fastq.gz	4543593	439d47372962c997a50b89932fcb8d78	include	paired_stream
pacheco_montealegre_2020_colombia	PRJNA492720	BactAnII036z2	SRR7899854	SRR7899854_2.fastq.gz	https://ftp.sra.ebi.ac.uk/vol1/fastq/SRR789/004/SRR7899854/SRR7899854_2.fastq.gz	pacheco_montealegre_2020_colombia/SRR7899854/SRR7899854_2.fastq.gz	6046507	e2ccbccf6cfe2406aa1360043c620a10	include	paired_stream
pacheco_montealegre_2020_colombia	PRJNA492720	BactAnII048z1	SRR7899855	SRR7899855_1.fastq.gz	https://ftp.sra.ebi.ac.uk/vol1/fastq/SRR789/005/SRR7899855/SRR7899855_1.fastq.gz	pacheco_montealegre_2020_colombia/SRR7899855/SRR7899855_1.fastq.gz	939170	816d3b51524c961db2a117ce50ef71eb	include	paired_stream
pacheco_montealegre_2020_colombia	PRJNA492720	BactAnII048z1	SRR7899855	SRR7899855_2.fastq.gz	https://ftp.sra.ebi.ac.uk/vol1/fastq/SRR789/005/SRR7899855/SRR7899855_2.fastq.gz	pacheco_montealegre_2020_colombia/SRR7899855/SRR7899855_2.fastq.gz	1060615	a5e3dfcb77a5f62ffd5c4a67947b4381	include	paired_stream
pacheco_montealegre_2020_colombia	PRJNA492720	BactAnII048z2	SRR7899856	SRR7899856_1.fastq.gz	https://ftp.sra.ebi.ac.uk/vol1/fastq/SRR789/006/SRR7899856/SRR7899856_1.fastq.gz	pacheco_montealegre_2020_colombia/SRR7899856/SRR7899856_1.fastq.gz	1553217	0bc7f14cb5f44d4ad515ffdf86489072	include	paired_stream
pacheco_montealegre_2020_colombia	PRJNA492720	BactAnII048z2	SRR7899856	SRR7899856_2.fastq.gz	https://ftp.sra.ebi.ac.uk/vol1/fastq/SRR789/006/SRR7899856/SRR7899856_2.fastq.gz	pacheco_montealegre_2020_colombia/SRR7899856/SRR7899856_2.fastq.gz	2306166	e63d036dc7c2e1180c127ad19df0f3de	include	paired_stream
pacheco_montealegre_2020_colombia	PRJNA492720	BactAnII060z1	SRR7899857	SRR7899857_1.fastq.gz	https://ftp.sra.ebi.ac.uk/vol1/fastq/SRR789/007/SRR7899857/SRR7899857_1.fastq.gz	pacheco_montealegre_2020_colombia/SRR7899857/SRR7899857_1.fastq.gz	1463253	1aa1ba49e26eac453379a0c9a428ff09	include	paired_stream
pacheco_montealegre_2020_colombia	PRJNA492720	BactAnII060z1	SRR7899857	SRR7899857_2.fastq.gz	https://ftp.sra.ebi.ac.uk/vol1/fastq/SRR789/007/SRR7899857/SRR7899857_2.fastq.gz	pacheco_montealegre_2020_colombia/SRR7899857/SRR7899857_2.fastq.gz	1885670	f8c1c484655f9213523fdb73019b51a1	include	paired_stream
pacheco_montealegre_2020_colombia	PRJNA492720	BactAnII060z2	SRR7899858	SRR7899858_1.fastq.gz	https://ftp.sra.ebi.ac.uk/vol1/fastq/SRR789/008/SRR7899858/SRR7899858_1.fastq.gz	pacheco_montealegre_2020_colombia/SRR7899858/SRR7899858_1.fastq.gz	396233	edc7a9b2841a1a00dca5e7f1dc82a7c9	include	paired_stream
pacheco_montealegre_2020_colombia	PRJNA492720	BactAnII060z2	SRR7899858	SRR7899858_2.fastq.gz	https://ftp.sra.ebi.ac.uk/vol1/fastq/SRR789/008/SRR7899858/SRR7899858_2.fastq.gz	pacheco_montealegre_2020_colombia/SRR7899858/SRR7899858_2.fastq.gz	527485	1b7e77551f98bba3499803fc0505c46d	include	paired_stream
pacheco_montealegre_2020_colombia	PRJNA492720	BactAnII072z1	SRR7899859	SRR7899859_1.fastq.gz	https://ftp.sra.ebi.ac.uk/vol1/fastq/SRR789/009/SRR7899859/SRR7899859_1.fastq.gz	pacheco_montealegre_2020_colombia/SRR7899859/SRR7899859_1.fastq.gz	1390741	982a66e5c24615f12ca61aee86778bf1	include	paired_stream
pacheco_montealegre_2020_colombia	PRJNA492720	BactAnII072z1	SRR7899859	SRR7899859_2.fastq.gz	https://ftp.sra.ebi.ac.uk/vol1/fastq/SRR789/009/SRR7899859/SRR7899859_2.fastq.gz	pacheco_montealegre_2020_colombia/SRR7899859/SRR7899859_2.fastq.gz	2030218	e20f80757abbbb78f330984ffff88085	include	paired_stream
pacheco_montealegre_2020_colombia	PRJNA492720	BactAnII072z2	SRR7899860	SRR7899860_1.fastq.gz	https://ftp.sra.ebi.ac.uk/vol1/fastq/SRR789/000/SRR7899860/SRR7899860_1.fastq.gz	pacheco_montealegre_2020_colombia/SRR7899860/SRR7899860_1.fastq.gz	1121326	0b3dce60f73e2aa48521d0796d78baf5	include	paired_stream
pacheco_montealegre_2020_colombia	PRJNA492720	BactAnII072z2	SRR7899860	SRR7899860_2.fastq.gz	https://ftp.sra.ebi.ac.uk/vol1/fastq/SRR789/000/SRR7899860/SRR7899860_2.fastq.gz	pacheco_montealegre_2020_colombia/SRR7899860/SRR7899860_2.fastq.gz	1648342	0686fde69bf045325ebb43e589c491ec	include	paired_stream
pacheco_montealegre_2020_colombia	PRJNA492720	BactSaI072z1	SRR7899884	SRR7899884_1.fastq.gz	https://ftp.sra.ebi.ac.uk/vol1/fastq/SRR789/004/SRR7899884/SRR7899884_1.fastq.gz	pacheco_montealegre_2020_colombia/SRR7899884/SRR7899884_1.fastq.gz	1159147	e59dbc60f28671f1576bf128511850cf	include	paired_stream
pacheco_montealegre_2020_colombia	PRJNA492720	BactSaI072z1	SRR7899884	SRR7899884_2.fastq.gz	https://ftp.sra.ebi.ac.uk/vol1/fastq/SRR789/004/SRR7899884/SRR7899884_2.fastq.gz	pacheco_montealegre_2020_colombia/SRR7899884/SRR7899884_2.fastq.gz	1716729	fd84ff3dd60757652df9f5b134e7e4c7	include	paired_stream
pacheco_montealegre_2020_colombia	PRJNA492720	BactAnI096z1	SRR7899910	SRR7899910_1.fastq.gz	https://ftp.sra.ebi.ac.uk/vol1/fastq/SRR789/000/SRR7899910/SRR7899910_1.fastq.gz	pacheco_montealegre_2020_colombia/SRR7899910/SRR7899910_1.fastq.gz	1376287	6a069f1f4e62a42b16c38dc7d9980a6c	include	paired_stream
pacheco_montealegre_2020_colombia	PRJNA492720	BactAnI096z1	SRR7899910	SRR7899910_2.fastq.gz	https://ftp.sra.ebi.ac.uk/vol1/fastq/SRR789/000/SRR7899910/SRR7899910_2.fastq.gz	pacheco_montealegre_2020_colombia/SRR7899910/SRR7899910_2.fastq.gz	2262487	ed5c3a80be9073050318fb6761ee5022	include	paired_stream
pacheco_montealegre_2020_colombia	PRJNA492720	BactAnI096z2	SRR7899911	SRR7899911_1.fastq.gz	https://ftp.sra.ebi.ac.uk/vol1/fastq/SRR789/001/SRR7899911/SRR7899911_1.fastq.gz	pacheco_montealegre_2020_colombia/SRR7899911/SRR7899911_1.fastq.gz	895400	10311edc02a6ef391008f193734bd783	include	paired_stream
pacheco_montealegre_2020_colombia	PRJNA492720	BactAnI096z2	SRR7899911	SRR7899911_2.fastq.gz	https://ftp.sra.ebi.ac.uk/vol1/fastq/SRR789/001/SRR7899911/SRR7899911_2.fastq.gz	pacheco_montealegre_2020_colombia/SRR7899911/SRR7899911_2.fastq.gz	1341113	e9d1d7269687bc909fba7dc61a420fbd	include	paired_stream
pacheco_montealegre_2020_colombia	PRJNA492720	BactAnI084z1	SRR7899912	SRR7899912_1.fastq.gz	https://ftp.sra.ebi.ac.uk/vol1/fastq/SRR789/002/SRR7899912/SRR7899912_1.fastq.gz	pacheco_montealegre_2020_colombia/SRR7899912/SRR7899912_1.fastq.gz	1722368	2af7b254001495eb3f965d3f749986bb	include	paired_stream
pacheco_montealegre_2020_colombia	PRJNA492720	BactAnI084z1	SRR7899912	SRR7899912_2.fastq.gz	https://ftp.sra.ebi.ac.uk/vol1/fastq/SRR789/002/SRR7899912/SRR7899912_2.fastq.gz	pacheco_montealegre_2020_colombia/SRR7899912/SRR7899912_2.fastq.gz	2502762	086466c534bc6a961300a4664fc9f0db	include	paired_stream
pacheco_montealegre_2020_colombia	PRJNA492720	BactAnI084z2	SRR7899913	SRR7899913_1.fastq.gz	https://ftp.sra.ebi.ac.uk/vol1/fastq/SRR789/003/SRR7899913/SRR7899913_1.fastq.gz	pacheco_montealegre_2020_colombia/SRR7899913/SRR7899913_1.fastq.gz	1258528	6afece7a38f460686ac7bb26c1c642f1	include	paired_stream
pacheco_montealegre_2020_colombia	PRJNA492720	BactAnI084z2	SRR7899913	SRR7899913_2.fastq.gz	https://ftp.sra.ebi.ac.uk/vol1/fastq/SRR789/003/SRR7899913/SRR7899913_2.fastq.gz	pacheco_montealegre_2020_colombia/SRR7899913/SRR7899913_2.fastq.gz	1587038	ed224ee72788f633a930d075c61bb877	include	paired_stream
pacheco_montealegre_2020_colombia	PRJNA492720	BactAnI072z1	SRR7899914	SRR7899914_1.fastq.gz	https://ftp.sra.ebi.ac.uk/vol1/fastq/SRR789/004/SRR7899914/SRR7899914_1.fastq.gz	pacheco_montealegre_2020_colombia/SRR7899914/SRR7899914_1.fastq.gz	1718180	2024e604e4b77de8e2fc8ad3b9b073cc	include	paired_stream
pacheco_montealegre_2020_colombia	PRJNA492720	BactAnI072z1	SRR7899914	SRR7899914_2.fastq.gz	https://ftp.sra.ebi.ac.uk/vol1/fastq/SRR789/004/SRR7899914/SRR7899914_2.fastq.gz	pacheco_montealegre_2020_colombia/SRR7899914/SRR7899914_2.fastq.gz	1806694	e5e99da291e58e1706a73f60209639b5	include	paired_stream
pacheco_montealegre_2020_colombia	PRJNA492720	BactAnI072z2	SRR7899915	SRR7899915_1.fastq.gz	https://ftp.sra.ebi.ac.uk/vol1/fastq/SRR789/005/SRR7899915/SRR7899915_1.fastq.gz	pacheco_montealegre_2020_colombia/SRR7899915/SRR7899915_1.fastq.gz	1627558	32e127926cddf9786faad70524a32c40	include	paired_stream
pacheco_montealegre_2020_colombia	PRJNA492720	BactAnI072z2	SRR7899915	SRR7899915_2.fastq.gz	https://ftp.sra.ebi.ac.uk/vol1/fastq/SRR789/005/SRR7899915/SRR7899915_2.fastq.gz	pacheco_montealegre_2020_colombia/SRR7899915/SRR7899915_2.fastq.gz	1700262	71bd566413d3ecae1067563c1b42e8b3	include	paired_stream
pacheco_montealegre_2020_colombia	PRJNA492720	BactAnI060z1	SRR7899916	SRR7899916_1.fastq.gz	https://ftp.sra.ebi.ac.uk/vol1/fastq/SRR789/006/SRR7899916/SRR7899916_1.fastq.gz	pacheco_montealegre_2020_colombia/SRR7899916/SRR7899916_1.fastq.gz	1828997	02ec45cff8e4adf825764ae0c7e3e840	include	paired_stream
pacheco_montealegre_2020_colombia	PRJNA492720	BactAnI060z1	SRR7899916	SRR7899916_2.fastq.gz	https://ftp.sra.ebi.ac.uk/vol1/fastq/SRR789/006/SRR7899916/SRR7899916_2.fastq.gz	pacheco_montealegre_2020_colombia/SRR7899916/SRR7899916_2.fastq.gz	1794562	aaa196804b815d72e2ff907f2a745b2e	include	paired_stream
pacheco_montealegre_2020_colombia	PRJNA492720	BactAnI060z2	SRR7899917	SRR7899917_1.fastq.gz	https://ftp.sra.ebi.ac.uk/vol1/fastq/SRR789/007/SRR7899917/SRR7899917_1.fastq.gz	pacheco_montealegre_2020_colombia/SRR7899917/SRR7899917_1.fastq.gz	1395926	15edc702aafcf77496848cf1d732db89	include	paired_stream
pacheco_montealegre_2020_colombia	PRJNA492720	BactAnI060z2	SRR7899917	SRR7899917_2.fastq.gz	https://ftp.sra.ebi.ac.uk/vol1/fastq/SRR789/007/SRR7899917/SRR7899917_2.fastq.gz	pacheco_montealegre_2020_colombia/SRR7899917/SRR7899917_2.fastq.gz	1359666	d67e92f3a39b9c9b9afab8e43c5ddff5	include	paired_stream
pacheco_montealegre_2020_colombia	PRJNA492720	BactAnI108z1	SRR7899920	SRR7899920_1.fastq.gz	https://ftp.sra.ebi.ac.uk/vol1/fastq/SRR789/000/SRR7899920/SRR7899920_1.fastq.gz	pacheco_montealegre_2020_colombia/SRR7899920/SRR7899920_1.fastq.gz	941362	f079fecc7b51a0a68b914f40ea56cf14	include	paired_stream
pacheco_montealegre_2020_colombia	PRJNA492720	BactAnI108z1	SRR7899920	SRR7899920_2.fastq.gz	https://ftp.sra.ebi.ac.uk/vol1/fastq/SRR789/000/SRR7899920/SRR7899920_2.fastq.gz	pacheco_montealegre_2020_colombia/SRR7899920/SRR7899920_2.fastq.gz	1430439	0e37f8388e58debca650e7d9c7d86a0e	include	paired_stream
pacheco_montealegre_2020_colombia	PRJNA492720	BactAnI108z2	SRR7899921	SRR7899921_1.fastq.gz	https://ftp.sra.ebi.ac.uk/vol1/fastq/SRR789/001/SRR7899921/SRR7899921_1.fastq.gz	pacheco_montealegre_2020_colombia/SRR7899921/SRR7899921_1.fastq.gz	1147492	0ef3fba672abd2bee061e87a4a884f65	include	paired_stream
pacheco_montealegre_2020_colombia	PRJNA492720	BactAnI108z2	SRR7899921	SRR7899921_2.fastq.gz	https://ftp.sra.ebi.ac.uk/vol1/fastq/SRR789/001/SRR7899921/SRR7899921_2.fastq.gz	pacheco_montealegre_2020_colombia/SRR7899921/SRR7899921_2.fastq.gz	1678804	bcedc81bdc285c257e3911aaf09d4c9b	include	paired_stream
