study_id	asv_id	retained	reason	total_reads	Kingdom	Phylum	Class	Order	Family	Genus
pacheco_montealegre_2020_colombia	pacheco_montealegre_2020_colombia__ASV000001	FALSE	organelle:Chloroplast	91	Bacteria	Cyanobacteriota	Cyanobacteriia	Chloroplast		
pacheco_montealegre_2020_colombia	pacheco_montealegre_2020_colombia__ASV000002	TRUE	retained_bacterial	22	Bacteria	Actinomycetota	Actinobacteria	Micrococcales	Promicromonosporaceae	
pacheco_montealegre_2020_colombia	pacheco_montealegre_2020_colombia__ASV000003	FALSE	organelle:Chloroplast	32628	Bacteria	Cyanobacteriota	Cyanobacteriia	Chloroplast		
pacheco_montealegre_2020_colombia	pacheco_montealegre_2020_colombia__ASV000004	TRUE	retained_bacterial	14	Bacteria	Bacillota	Clostridia	Lachnospirales	Lachnospiraceae	Kineothrix
pacheco_montealegre_2020_colombia	pacheco_montealegre_2020_colombia__ASV000005	TRUE	retained_bacterial	42	Bacteria	Pseudomonadota	Alphaproteobacteria	Acetobacterales	Acetobacteraceae	Komagataeibacter
pacheco_montealegre_2020_colombia	pacheco_montealegre_2020_colombia__ASV000006	TRUE	retained_bacterial	41	Bacteria	Pseudomonadota	Alphaproteobacteria	Acetobacterales	Acetobacteraceae	Komagataeibacter
pacheco_montealegre_2020_colombia	pacheco_montealegre_2020_colombia__ASV000007	FALSE	organelle:Mitochondria	10	Bacteria	Pseudomonadota	Alphaproteobacteria	Rickettsiales	Mitochondria	
pacheco_montealegre_2020_colombia	pacheco_montealegre_2020_colombia__ASV000008	TRUE	retained_bacterial	31	Bacteria	Actinomycetota	Actinobacteria	Micrococcales	Micrococcaceae	Glutamicibacter
pacheco_montealegre_2020_colombia	pacheco_montealegre_2020_colombia__ASV000009	TRUE	retained_bacterial	53	Bacteria	Pseudomonadota	Alphaproteobacteria	Acetobacterales	Acetobacteraceae	
pacheco_montealegre_2020_colombia	pacheco_montealegre_2020_colombia__ASV000010	TRUE	retained_bacterial	30	Bacteria	Pseudomonadota	Alphaproteobacteria	Acetobacterales	Acetobacteraceae	Gluconobacter
pacheco_montealegre_2020_colombia	pacheco_montealegre_2020_colombia__ASV000011	TRUE	retained_bacterial	45	Bacteria	Pseudomonadota	Alphaproteobacteria	Acetobacterales	Acetobacteraceae	Gluconobacter
pacheco_montealegre_2020_colombia	pacheco_montealegre_2020_colombia__ASV000012	TRUE	retained_bacterial	95	Bacteria	Pseudomonadota	Alphaproteobacteria	Acetobacterales	Acetobacteraceae	
pacheco_montealegre_2020_colombia	pacheco_montealegre_2020_colombia__ASV000013	TRUE	retained_bacterial	174	Bacteria	Pseudomonadota	Alphaproteobacteria	Acetobacterales	Acetobacteraceae	Acetobacter
pacheco_montealegre_2020_colombia	pacheco_montealegre_2020_colombia__ASV000014	TRUE	retained_bacterial	37	Bacteria	Pseudomonadota	Alphaproteobacteria	Acetobacterales	Acetobacteraceae	Acetobacter
pacheco_montealegre_2020_colombia	pacheco_montealegre_2020_colombia__ASV000015	TRUE	retained_bacterial	126	Bacteria	Pseudomonadota	Alphaproteobacteria	Acetobacterales	Acetobacteraceae	Acetobacter
pacheco_montealegre_2020_colombia	pacheco_montealegre_2020_colombia__ASV000016	TRUE	retained_bacterial	16928	Bacteria	Pseudomonadota	Alphaproteobacteria	Acetobacterales	Acetobacteraceae	Acetobacter
pacheco_montealegre_2020_colombia	pacheco_montealegre_2020_colombia__ASV000017	TRUE	retained_bacterial	157	Bacteria	Pseudomonadota	Alphaproteobacteria	Acetobacterales	Acetobacteraceae	Komagataeibacter
pacheco_montealegre_2020_colombia	pacheco_montealegre_2020_colombia__ASV000018	TRUE	retained_bacterial	54	Bacteria	Pseudomonadota	Alphaproteobacteria	Acetobacterales	Acetobacteraceae	Komagataeibacter
pacheco_montealegre_2020_colombia	pacheco_montealegre_2020_colombia__ASV000019	TRUE	retained_bacterial	54	Bacteria	Pseudomonadota	Alphaproteobacteria	Acetobacterales	Acetobacteraceae	Komagataeibacter
pacheco_montealegre_2020_colombia	pacheco_montealegre_2020_colombia__ASV000020	FALSE	organelle:Mitochondria	77	Bacteria	Pseudomonadota	Alphaproteobacteria	Rickettsiales	Mitochondria	
pacheco_montealegre_2020_colombia	pacheco_montealegre_2020_colombia__ASV000021	TRUE	retained_bacterial	47	Bacteria	Pseudomonadota	Alphaproteobacteria	Acetobacterales	Acetobacteraceae	
pacheco_montealegre_2020_colombia	pacheco_montealegre_2020_colombia__ASV000022	TRUE	retained_bacterial	921	Bacteria	Pseudomonadota	Alphaproteobacteria	Acetobacterales	Acetobacteraceae	Acetobacter
pacheco_montealegre_2020_colombia	pacheco_montealegre_2020_colombia__ASV000023	TRUE	retained_bacterial	1373	Bacteria	Pseudomonadota	Alphaproteobacteria	Acetobacterales	Acetobacteraceae	Acetobacter
pacheco_montealegre_2020_colombia	pacheco_montealegre_2020_colombia__ASV000024	TRUE	retained_bacterial	68	Bacteria	Pseudomonadota	Alphaproteobacteria	Acetobacterales	Acetobacteraceae	Acetobacter
pacheco_montealegre_2020_colombia	pacheco_montealegre_2020_colombia__ASV000025	TRUE	retained_bacterial	391	Bacteria	Pseudomonadota	Alphaproteobacteria	Acetobacterales	Acetobacteraceae	Acetobacter
pacheco_montealegre_2020_colombia	pacheco_montealegre_2020_colombia__ASV000026	TRUE	retained_bacterial	44	Bacteria	Pseudomonadota	Alphaproteobacteria	Acetobacterales	Acetobacteraceae	Acetobacter
pacheco_montealegre_2020_colombia	pacheco_montealegre_2020_colombia__ASV000027	TRUE	retained_bacterial	715	Bacteria	Pseudomonadota	Alphaproteobacteria	Acetobacterales	Acetobacteraceae	Acetobacter
pacheco_montealegre_2020_colombia	pacheco_montealegre_2020_colombia__ASV000028	TRUE	retained_bacterial	15476	Bacteria	Pseudomonadota	Alphaproteobacteria	Acetobacterales	Acetobacteraceae	Acetobacter
pacheco_montealegre_2020_colombia	pacheco_montealegre_2020_colombia__ASV000029	TRUE	retained_bacterial	41	Bacteria	Pseudomonadota	Alphaproteobacteria	Acetobacterales	Acetobacteraceae	Acetobacter
pacheco_montealegre_2020_colombia	pacheco_montealegre_2020_colombia__ASV000030	TRUE	retained_bacterial	188	Bacteria	Pseudomonadota	Alphaproteobacteria	Acetobacterales	Acetobacteraceae	
pacheco_montealegre_2020_colombia	pacheco_montealegre_2020_colombia__ASV000031	TRUE	retained_bacterial	107	Bacteria	Pseudomonadota	Alphaproteobacteria	Acetobacterales	Acetobacteraceae	
pacheco_montealegre_2020_colombia	pacheco_montealegre_2020_colombia__ASV000032	TRUE	retained_bacterial	39	Bacteria	Pseudomonadota	Alphaproteobacteria	Acetobacterales	Acetobacteraceae	Acetobacter
pacheco_montealegre_2020_colombia	pacheco_montealegre_2020_colombia__ASV000033	TRUE	retained_bacterial	238	Bacteria	Pseudomonadota	Alphaproteobacteria	Acetobacterales	Acetobacteraceae	Komagataeibacter
pacheco_montealegre_2020_colombia	pacheco_montealegre_2020_colombia__ASV000034	TRUE	retained_bacterial	51	Bacteria	Pseudomonadota	Alphaproteobacteria	Acetobacterales	Acetobacteraceae	Komagataeibacter
pacheco_montealegre_2020_colombia	pacheco_montealegre_2020_colombia__ASV000035	TRUE	retained_bacterial	221	Bacteria	Pseudomonadota	Alphaproteobacteria	Acetobacterales	Acetobacteraceae	Komagataeibacter
pacheco_montealegre_2020_colombia	pacheco_montealegre_2020_colombia__ASV000036	TRUE	retained_bacterial	81	Bacteria	Pseudomonadota	Alphaproteobacteria	Acetobacterales	Acetobacteraceae	Komagataeibacter
pacheco_montealegre_2020_colombia	pacheco_montealegre_2020_colombia__ASV000037	FALSE	organelle:Mitochondria	62	Bacteria	Pseudomonadota	Alphaproteobacteria	Rickettsiales	Mitochondria	
pacheco_montealegre_2020_colombia	pacheco_montealegre_2020_colombia__ASV000038	TRUE	retained_bacterial	22	Bacteria	Pseudomonadota	Alphaproteobacteria	Acetobacterales	Acetobacteraceae	Gluconobacter
pacheco_montealegre_2020_colombia	pacheco_montealegre_2020_colombia__ASV000039	TRUE	retained_bacterial	23	Bacteria	Pseudomonadota	Alphaproteobacteria	Acetobacterales	Acetobacteraceae	Gluconobacter
pacheco_montealegre_2020_colombia	pacheco_montealegre_2020_colombia__ASV000040	TRUE	retained_bacterial	160	Bacteria	Pseudomonadota	Alphaproteobacteria	Acetobacterales	Acetobacteraceae	Acetobacter
pacheco_montealegre_2020_colombia	pacheco_montealegre_2020_colombia__ASV000041	TRUE	retained_bacterial	465	Bacteria	Pseudomonadota	Alphaproteobacteria	Acetobacterales	Acetobacteraceae	Acetobacter
pacheco_montealegre_2020_colombia	pacheco_montealegre_2020_colombia__ASV000042	TRUE	retained_bacterial	124	Bacteria	Pseudomonadota	Alphaproteobacteria	Acetobacterales	Acetobacteraceae	Acetobacter
pacheco_montealegre_2020_colombia	pacheco_montealegre_2020_colombia__ASV000043	TRUE	retained_bacterial	769	Bacteria	Pseudomonadota	Alphaproteobacteria	Acetobacterales	Acetobacteraceae	Acetobacter
pacheco_montealegre_2020_colombia	pacheco_montealegre_2020_colombia__ASV000044	TRUE	retained_bacterial	280	Bacteria	Pseudomonadota	Alphaproteobacteria	Acetobacterales	Acetobacteraceae	Acetobacter
pacheco_montealegre_2020_colombia	pacheco_montealegre_2020_colombia__ASV000045	TRUE	retained_bacterial	55307	Bacteria	Pseudomonadota	Alphaproteobacteria	Acetobacterales	Acetobacteraceae	Acetobacter
pacheco_montealegre_2020_colombia	pacheco_montealegre_2020_colombia__ASV000046	TRUE	retained_bacterial	27	Bacteria	Pseudomonadota	Alphaproteobacteria	Acetobacterales	Acetobacteraceae	Acetobacter
pacheco_montealegre_2020_colombia	pacheco_montealegre_2020_colombia__ASV000047	TRUE	retained_bacterial	21	Bacteria	Pseudomonadota	Gammaproteobacteria			
pacheco_montealegre_2020_colombia	pacheco_montealegre_2020_colombia__ASV000048	TRUE	retained_bacterial	20	Bacteria	Pseudomonadota	Gammaproteobacteria	Burkholderiales	Comamonadaceae	
pacheco_montealegre_2020_colombia	pacheco_montealegre_2020_colombia__ASV000049	TRUE	retained_bacterial	25	Bacteria	Pseudomonadota	Gammaproteobacteria	Lysobacterales	Rhodanobacteraceae	Frateuria
pacheco_montealegre_2020_colombia	pacheco_montealegre_2020_colombia__ASV000050	TRUE	retained_bacterial	12	Bacteria	Pseudomonadota	Gammaproteobacteria			
pacheco_montealegre_2020_colombia	pacheco_montealegre_2020_colombia__ASV000051	TRUE	retained_bacterial	7	Bacteria	Pseudomonadota	Gammaproteobacteria	Burkholderiales		
pacheco_montealegre_2020_colombia	pacheco_montealegre_2020_colombia__ASV000052	TRUE	retained_bacterial	51	Bacteria	Pseudomonadota	Gammaproteobacteria	Enterobacterales	Pectobacteriaceae	Pectobacterium
pacheco_montealegre_2020_colombia	pacheco_montealegre_2020_colombia__ASV000053	TRUE	retained_bacterial	4041	Bacteria	Pseudomonadota	Gammaproteobacteria	Enterobacterales		
pacheco_montealegre_2020_colombia	pacheco_montealegre_2020_colombia__ASV000054	TRUE	retained_bacterial	18218	Bacteria	Pseudomonadota	Gammaproteobacteria	Enterobacterales		
pacheco_montealegre_2020_colombia	pacheco_montealegre_2020_colombia__ASV000055	TRUE	retained_bacterial	103	Bacteria	Pseudomonadota	Gammaproteobacteria	Enterobacterales		
pacheco_montealegre_2020_colombia	pacheco_montealegre_2020_colombia__ASV000056	TRUE	retained_bacterial	25	Bacteria	Pseudomonadota	Gammaproteobacteria	Enterobacterales	Enterobacteriaceae	
pacheco_montealegre_2020_colombia	pacheco_montealegre_2020_colombia__ASV000057	TRUE	retained_bacterial	87	Bacteria	Pseudomonadota	Gammaproteobacteria	Enterobacterales		
pacheco_montealegre_2020_colombia	pacheco_montealegre_2020_colombia__ASV000058	TRUE	retained_bacterial	323	Bacteria	Pseudomonadota	Gammaproteobacteria	Enterobacterales		
pacheco_montealegre_2020_colombia	pacheco_montealegre_2020_colombia__ASV000059	TRUE	retained_bacterial	191	Bacteria	Pseudomonadota	Gammaproteobacteria	Enterobacterales		
pacheco_montealegre_2020_colombia	pacheco_montealegre_2020_colombia__ASV000060	TRUE	retained_bacterial	37	Bacteria	Pseudomonadota	Gammaproteobacteria	Pseudomonadales	Cellvibrionaceae	Cellvibrio
pacheco_montealegre_2020_colombia	pacheco_montealegre_2020_colombia__ASV000061	TRUE	retained_bacterial	16	Bacteria	Pseudomonadota	Gammaproteobacteria	Lysobacterales	Rhodanobacteraceae	Frateuria
pacheco_montealegre_2020_colombia	pacheco_montealegre_2020_colombia__ASV000062	TRUE	retained_bacterial	42	Bacteria	Pseudomonadota	Gammaproteobacteria	Lysobacterales	Rhodanobacteraceae	Frateuria
pacheco_montealegre_2020_colombia	pacheco_montealegre_2020_colombia__ASV000063	TRUE	retained_bacterial	19	Bacteria	Actinomycetota	Actinobacteria	Micrococcales	Microbacteriaceae	Leucobacter
pacheco_montealegre_2020_colombia	pacheco_montealegre_2020_colombia__ASV000064	TRUE	retained_bacterial	28	Bacteria	Pseudomonadota	Gammaproteobacteria	Pseudomonadales	Moraxellaceae	Acinetobacter
pacheco_montealegre_2020_colombia	pacheco_montealegre_2020_colombia__ASV000065	TRUE	retained_bacterial	39	Bacteria	Bacillota	Bacilli	Lactobacillales	Lactobacillaceae	Limosilactobacillus
pacheco_montealegre_2020_colombia	pacheco_montealegre_2020_colombia__ASV000066	TRUE	retained_bacterial	187	Bacteria	Bacillota	Bacilli	Lactobacillales	Lactobacillaceae	Secundilactobacillus
pacheco_montealegre_2020_colombia	pacheco_montealegre_2020_colombia__ASV000067	TRUE	retained_bacterial	100	Bacteria	Bacillota	Bacilli	Lactobacillales	Lactobacillaceae	
pacheco_montealegre_2020_colombia	pacheco_montealegre_2020_colombia__ASV000068	TRUE	retained_bacterial	17	Bacteria	Bacillota	Clostridia	Clostridiales	Clostridiaceae	Clostridium
pacheco_montealegre_2020_colombia	pacheco_montealegre_2020_colombia__ASV000069	TRUE	retained_bacterial	1578	Bacteria	Bacillota	Bacilli	Lactobacillales	Lactobacillaceae	Lactiplantibacillus
pacheco_montealegre_2020_colombia	pacheco_montealegre_2020_colombia__ASV000070	TRUE	retained_bacterial	83	Bacteria	Bacillota	Bacilli	Lactobacillales	Lactobacillaceae	Levilactobacillus
pacheco_montealegre_2020_colombia	pacheco_montealegre_2020_colombia__ASV000071	TRUE	retained_bacterial	269	Bacteria	Bacillota	Bacilli	Lactobacillales	Lactobacillaceae	Liquorilactobacillus
pacheco_montealegre_2020_colombia	pacheco_montealegre_2020_colombia__ASV000072	TRUE	retained_bacterial	463	Bacteria	Pseudomonadota	Gammaproteobacteria	Enterobacterales	Erwiniaceae	Tatumella
pacheco_montealegre_2020_colombia	pacheco_montealegre_2020_colombia__ASV000073	TRUE	retained_bacterial	274	Bacteria	Pseudomonadota	Gammaproteobacteria	Enterobacterales		
pacheco_montealegre_2020_colombia	pacheco_montealegre_2020_colombia__ASV000074	TRUE	retained_bacterial	80	Bacteria	Pseudomonadota	Gammaproteobacteria	Enterobacterales		
pacheco_montealegre_2020_colombia	pacheco_montealegre_2020_colombia__ASV000075	TRUE	retained_bacterial	18	Bacteria	Bacillota	Clostridia	Lachnospirales	Lachnospiraceae	
pacheco_montealegre_2020_colombia	pacheco_montealegre_2020_colombia__ASV000076	TRUE	retained_bacterial	10	Bacteria	Bacillota	Bacilli	Bacillales	Planococcaceae	
pacheco_montealegre_2020_colombia	pacheco_montealegre_2020_colombia__ASV000077	TRUE	retained_bacterial	132	Bacteria	Bacillota	Bacilli	Lactobacillales	Lactobacillaceae	Lactobacillus
pacheco_montealegre_2020_colombia	pacheco_montealegre_2020_colombia__ASV000078	TRUE	retained_bacterial	15	Bacteria	Bacillota	Bacilli	Lactobacillales	Lactobacillaceae	Lactobacillus
pacheco_montealegre_2020_colombia	pacheco_montealegre_2020_colombia__ASV000079	TRUE	retained_bacterial	1072	Bacteria	Bacillota	Bacilli	Lactobacillales	Lactobacillaceae	Liquorilactobacillus
pacheco_montealegre_2020_colombia	pacheco_montealegre_2020_colombia__ASV000080	TRUE	retained_bacterial	53	Bacteria	Bacillota	Bacilli	Lactobacillales	Lactobacillaceae	Liquorilactobacillus
pacheco_montealegre_2020_colombia	pacheco_montealegre_2020_colombia__ASV000081	TRUE	retained_bacterial	137	Bacteria	Bacillota	Bacilli	Lactobacillales	Lactobacillaceae	Periweissella
pacheco_montealegre_2020_colombia	pacheco_montealegre_2020_colombia__ASV000082	TRUE	retained_bacterial	11	Bacteria	Bacillota	Bacilli	Lactobacillales	Streptococcaceae	Lactococcus
pacheco_montealegre_2020_colombia	pacheco_montealegre_2020_colombia__ASV000083	TRUE	retained_bacterial	65	Bacteria	Bacillota	Bacilli	Lactobacillales	Lactobacillaceae	Limosilactobacillus
pacheco_montealegre_2020_colombia	pacheco_montealegre_2020_colombia__ASV000084	TRUE	retained_bacterial	30	Bacteria	Bacillota	Bacilli	Lactobacillales	Lactobacillaceae	Limosilactobacillus
pacheco_montealegre_2020_colombia	pacheco_montealegre_2020_colombia__ASV000085	TRUE	retained_bacterial	33	Bacteria	Bacillota	Bacilli	Lactobacillales	Lactobacillaceae	
pacheco_montealegre_2020_colombia	pacheco_montealegre_2020_colombia__ASV000086	TRUE	retained_bacterial	137	Bacteria	Bacillota	Bacilli	Lactobacillales		
pacheco_montealegre_2020_colombia	pacheco_montealegre_2020_colombia__ASV000087	TRUE	retained_bacterial	115	Bacteria	Bacillota	Bacilli	Lactobacillales	Lactobacillaceae	Lactiplantibacillus
pacheco_montealegre_2020_colombia	pacheco_montealegre_2020_colombia__ASV000088	TRUE	retained_bacterial	124	Bacteria	Bacillota	Bacilli	Lactobacillales	Lactobacillaceae	Levilactobacillus
pacheco_montealegre_2020_colombia	pacheco_montealegre_2020_colombia__ASV000089	TRUE	retained_bacterial	9	Bacteria	Bacillota	Bacilli	Lactobacillales	Lactobacillaceae	Liquorilactobacillus
pacheco_montealegre_2020_colombia	pacheco_montealegre_2020_colombia__ASV000090	TRUE	retained_bacterial	221	Bacteria	Bacillota	Bacilli	Lactobacillales	Lactobacillaceae	Leuconostoc
pacheco_montealegre_2020_colombia	pacheco_montealegre_2020_colombia__ASV000091	TRUE	retained_bacterial	18	Bacteria	Bacillota	Bacilli	Lactobacillales	Lactobacillaceae	Leuconostoc
pacheco_montealegre_2020_colombia	pacheco_montealegre_2020_colombia__ASV000092	TRUE	retained_bacterial	44	Bacteria	Bacillota	Bacilli	Lactobacillales	Lactobacillaceae	Fructobacillus
pacheco_montealegre_2020_colombia	pacheco_montealegre_2020_colombia__ASV000093	TRUE	retained_bacterial	12	Bacteria	Bacillota	Bacilli	Lactobacillales	Lactobacillaceae	Fructobacillus
